"Site","Plot_number","Treatment","Tree_number","Species","Height_year_1","Height_year_2","Height_year_3","BA_year_3","DBH_year_3","Mortality_year_1","Mortality_year_2","WD","WD_source"
"LLFS",1,"M1",2,"Inga edulis",NA,54,230,3.14159,1.99999915533596,1,NA,0.58,"BIOMASS+BIEN+Zanne"
"LLFS",1,"M1",3,"Inga edulis",NA,52,190,3.306523475,2.05182758631546,1,NA,0.58,"BIOMASS+BIEN+Zanne"
"LLFS",1,"M1",4,"Inga edulis",NA,57,240,9.071341125,3.39852765828562,NA,NA,0.58,"BIOMASS+BIEN+Zanne"
"LLFS",1,"M1",5,"Inga edulis",NA,16,390,39.152065375,7.06045026138605,1,NA,0.58,"BIOMASS+BIEN+Zanne"
"LLFS",1,"M1",6,"Inga edulis",NA,43,150,NA,NA,NA,NA,0.58,"BIOMASS+BIEN+Zanne"
"LLFS",1,"M1",7,"Inga edulis",NA,62,315,15.291689325,4.41248043104947,NA,NA,0.58,"BIOMASS+BIEN+Zanne"
"LLFS",1,"M1",8,"Inga edulis",NA,68,NA,NA,NA,NA,NA,0.58,"BIOMASS+BIEN+Zanne"
"LLFS",1,"M1",9,"Inga edulis",NA,79,NA,NA,NA,NA,NA,0.58,"BIOMASS+BIEN+Zanne"
"LLFS",1,"M1",10,"Inga edulis",NA,170,NA,NA,NA,NA,NA,0.58,"BIOMASS+BIEN+Zanne"
"LLFS",1,"M1",11,"Inga edulis",NA,161,NA,NA,NA,NA,NA,0.58,"BIOMASS+BIEN+Zanne"
"LLFS",1,"M1",12,"Inga edulis",NA,88,NA,NA,NA,NA,NA,0.58,"BIOMASS+BIEN+Zanne"
"LLFS",1,"M1",13,"Inga edulis",NA,162,NA,NA,NA,NA,NA,0.58,"BIOMASS+BIEN+Zanne"
"LLFS",1,"M1",14,"Inga edulis",NA,154,NA,NA,NA,NA,NA,0.58,"BIOMASS+BIEN+Zanne"
"LLFS",1,"M1",15,"Inga edulis",NA,104,280,12.07941355,3.92173265395154,NA,NA,0.58,"BIOMASS+BIEN+Zanne"
"LLFS",1,"M1",16,"Inga edulis",NA,132,488,52.299619525,8.16026615704618,NA,NA,0.58,"BIOMASS+BIEN+Zanne"
"LLFS",1,"M1",17,"Inga edulis",NA,19,180,NA,NA,NA,NA,0.58,"BIOMASS+BIEN+Zanne"
"LLFS",1,"M1",18,"Inga edulis",NA,108,410,31.015347275,6.2841042833664,NA,NA,0.58,"BIOMASS+BIEN+Zanne"
"LLFS",1,"M1",19,"Inga edulis",NA,109,450,43.691662925,7.45854898833206,NA,NA,0.58,"BIOMASS+BIEN+Zanne"
"LLFS",1,"M1",20,"Inga edulis",NA,62,295,10.265145325,3.6152439696711,NA,NA,0.58,"BIOMASS+BIEN+Zanne"
"LLFS",1,"M1",21,"Inga edulis",NA,155,540,113.8826375,12.0415894932413,NA,NA,0.58,"BIOMASS+BIEN+Zanne"
"LLFS",1,"M1",22,"Inga edulis",NA,134,NA,NA,NA,NA,NA,0.58,"BIOMASS+BIEN+Zanne"
"LLFS",1,"M1",23,"Inga edulis",NA,250,NA,NA,NA,NA,NA,0.58,"BIOMASS+BIEN+Zanne"
"LLFS",1,"M1",24,"Inga edulis",NA,180,NA,NA,NA,NA,NA,0.58,"BIOMASS+BIEN+Zanne"
"LLFS",1,"M1",25,"Inga edulis",NA,184,NA,NA,NA,NA,NA,0.58,"BIOMASS+BIEN+Zanne"
"LLFS",1,"M1",26,"Inga edulis",NA,168,NA,NA,NA,NA,NA,0.58,"BIOMASS+BIEN+Zanne"
"LLFS",1,"M1",27,"Inga edulis",NA,133,NA,NA,NA,NA,NA,0.58,"BIOMASS+BIEN+Zanne"
"LLFS",1,"M1",28,"Inga edulis",NA,202,NA,NA,NA,NA,NA,0.58,"BIOMASS+BIEN+Zanne"
"LLFS",1,"M1",29,"Inga edulis",NA,143,310,11.883064175,3.88972842499778,NA,NA,0.58,"BIOMASS+BIEN+Zanne"
"LLFS",1,"M1",30,"Inga edulis",NA,190,460,57.7424242,8.57437682285498,NA,NA,0.58,"BIOMASS+BIEN+Zanne"
"LLFS",1,"M1",31,"Inga edulis",NA,243,520,85.40412415,10.4278429289691,NA,NA,0.58,"BIOMASS+BIEN+Zanne"
"LLFS",1,"M1",32,"Inga edulis",NA,260,565,99.13287245,11.2347627205263,NA,NA,0.58,"BIOMASS+BIEN+Zanne"
"LLFS",1,"M1",33,"Inga edulis",NA,264,560,86.3623091,10.4861769544845,NA,NA,0.58,"BIOMASS+BIEN+Zanne"
"LLFS",1,"M1",34,"Inga edulis",NA,210,570,71.39263275,9.53414512266594,NA,NA,0.58,"BIOMASS+BIEN+Zanne"
"LLFS",1,"M1",35,"Inga edulis",NA,208,520,97.1379628,11.1211463227481,NA,NA,0.58,"BIOMASS+BIEN+Zanne"
"LLFS",1,"M1",36,"Inga edulis",NA,34,180,NA,NA,NA,NA,0.58,"BIOMASS+BIEN+Zanne"
"LLFS",1,"M1",37,"Inga edulis",NA,270,565,42.921973375,7.39256070919406,NA,NA,0.58,"BIOMASS+BIEN+Zanne"
"LLFS",1,"M1",38,"Inga edulis",NA,210,570,78.7596613,10.0139859844673,NA,NA,0.58,"BIOMASS+BIEN+Zanne"
"LLFS",1,"M1",39,"Inga edulis",NA,193,500,36.01832935,6.77199832130186,NA,NA,0.58,"BIOMASS+BIEN+Zanne"
"LLFS",1,"M1",40,"Inga edulis",NA,184,535,23.9074999,5.51724335954396,NA,NA,0.58,"BIOMASS+BIEN+Zanne"
"LLFS",1,"M1",41,"Inga edulis",NA,147,420,49.15017555,7.91074883566248,NA,NA,0.58,"BIOMASS+BIEN+Zanne"
"LLFS",1,"M1",42,"Inga edulis",NA,132,500,51.4278283,8.09196791215895,NA,NA,0.58,"BIOMASS+BIEN+Zanne"
"LLFS",1,"M1",43,"Inga edulis",NA,77,NA,NA,NA,1,NA,0.58,"BIOMASS+BIEN+Zanne"
"LLFS",1,"M1",44,"Inga edulis",NA,144,NA,NA,NA,NA,NA,0.58,"BIOMASS+BIEN+Zanne"
"LLFS",1,"M1",45,"Inga edulis",NA,285,NA,NA,NA,NA,NA,0.58,"BIOMASS+BIEN+Zanne"
"LLFS",1,"M1",46,"Inga edulis",NA,229,NA,NA,NA,0,NA,0.58,"BIOMASS+BIEN+Zanne"
"LLFS",1,"M1",47,"Inga edulis",NA,91,NA,NA,NA,NA,NA,0.58,"BIOMASS+BIEN+Zanne"
"LLFS",1,"M1",48,"Inga edulis",NA,77,NA,NA,NA,1,NA,0.58,"BIOMASS+BIEN+Zanne"
"LLFS",1,"M1",49,"Inga edulis",NA,100,NA,NA,NA,NA,NA,0.58,"BIOMASS+BIEN+Zanne"
"LLFS",2,"M1",2,"Inga edulis",NA,162,346,50.34397975,8.00624417920452,NA,NA,0.58,"BIOMASS+BIEN+Zanne"
"LLFS",2,"M1",3,"Inga edulis",NA,72,308,30.544108775,6.23618209732704,0,NA,0.58,"BIOMASS+BIEN+Zanne"
"LLFS",2,"M1",4,"Inga edulis",NA,164,520,133.53328295,13.0391662459779,NA,NA,0.58,"BIOMASS+BIEN+Zanne"
"LLFS",2,"M1",5,"Inga edulis",NA,192,545,105.753773375,11.6038737612062,NA,NA,0.58,"BIOMASS+BIEN+Zanne"
"LLFS",2,"M1",6,"Inga edulis",NA,79,420,24.3787384,5.5713529579119,1,NA,0.58,"BIOMASS+BIEN+Zanne"
"LLFS",2,"M1",7,"Inga edulis",NA,122,500,74.31431145,9.72727711530339,NA,NA,0.58,"BIOMASS+BIEN+Zanne"
"LLFS",2,"M1",8,"Inga edulis",NA,50,NA,NA,NA,1,NA,0.58,"BIOMASS+BIEN+Zanne"
"LLFS",2,"M1",9,"Inga edulis",NA,146,NA,NA,NA,NA,NA,0.58,"BIOMASS+BIEN+Zanne"
"LLFS",2,"M1",10,"Inga edulis",NA,115,NA,NA,NA,NA,NA,0.58,"BIOMASS+BIEN+Zanne"
"LLFS",2,"M1",11,"Inga edulis",NA,208,NA,NA,NA,NA,NA,0.58,"BIOMASS+BIEN+Zanne"
"LLFS",2,"M1",12,"Inga edulis",NA,221,NA,NA,NA,NA,NA,0.58,"BIOMASS+BIEN+Zanne"
"LLFS",2,"M1",13,"Inga edulis",NA,13,NA,NA,NA,1,NA,0.58,"BIOMASS+BIEN+Zanne"
"LLFS",2,"M1",14,"Inga edulis",NA,181,NA,NA,NA,NA,NA,0.58,"BIOMASS+BIEN+Zanne"
"LLFS",2,"M1",15,"Inga edulis",NA,163,330,64.111997925,9.03492839208417,NA,NA,0.58,"BIOMASS+BIEN+Zanne"
"LLFS",2,"M1",16,"Inga edulis",NA,105,375,32.358377,6.41871990352039,NA,NA,0.58,"BIOMASS+BIEN+Zanne"
"LLFS",2,"M1",17,"Inga edulis",NA,291,702,199.687314375,15.9452119849255,NA,NA,0.58,"BIOMASS+BIEN+Zanne"
"LLFS",2,"M1",18,"Inga edulis",NA,285,670,131.389147775,12.9340580907997,NA,NA,0.58,"BIOMASS+BIEN+Zanne"
"LLFS",2,"M1",19,"Inga edulis",NA,177,650,80.259770525,10.1089026943482,NA,NA,0.58,"BIOMASS+BIEN+Zanne"
"LLFS",2,"M1",20,"Inga edulis",NA,202,500,66.892305075,9.22875549898136,NA,NA,0.58,"BIOMASS+BIEN+Zanne"
"LLFS",2,"M1",21,"Inga edulis",NA,93,410,61.37096065,8.83967951896253,1,NA,0.58,"BIOMASS+BIEN+Zanne"
"LLFS",2,"M1",22,"Inga edulis",NA,228,NA,NA,NA,NA,NA,0.58,"BIOMASS+BIEN+Zanne"
"LLFS",2,"M1",23,"Inga edulis",NA,312,NA,NA,NA,NA,NA,0.58,"BIOMASS+BIEN+Zanne"
"LLFS",2,"M1",24,"Inga edulis",NA,244,NA,NA,NA,NA,NA,0.58,"BIOMASS+BIEN+Zanne"
"LLFS",2,"M1",25,"Inga edulis",NA,11,NA,NA,NA,NA,NA,0.58,"BIOMASS+BIEN+Zanne"
"LLFS",2,"M1",26,"Inga edulis",NA,216,NA,NA,NA,NA,NA,0.58,"BIOMASS+BIEN+Zanne"
"LLFS",2,"M1",27,"Inga edulis",NA,28,NA,NA,NA,NA,NA,0.58,"BIOMASS+BIEN+Zanne"
"LLFS",2,"M1",28,"Inga edulis",NA,118,NA,NA,NA,NA,NA,0.58,"BIOMASS+BIEN+Zanne"
"LLFS",2,"M1",29,"Inga edulis",NA,12,475,42.52142065,7.35798574814455,NA,NA,0.58,"BIOMASS+BIEN+Zanne"
"LLFS",2,"M1",30,"Inga edulis",NA,193,590,79.725700225,10.0752128641618,NA,NA,0.58,"BIOMASS+BIEN+Zanne"
"LLFS",2,"M1",31,"Inga edulis",NA,113,455,23.381283575,5.4561868419581,NA,NA,0.58,"BIOMASS+BIEN+Zanne"
"LLFS",2,"M1",32,"Inga edulis",NA,238,590,78.956010675,10.0264607457438,NA,NA,0.58,"BIOMASS+BIEN+Zanne"
"LLFS",2,"M1",33,"Inga edulis",NA,14,375,18.983057575,4.91629734500207,1,NA,0.58,"BIOMASS+BIEN+Zanne"
"LLFS",2,"M1",34,"Inga edulis",NA,216,645,58.818418775,8.65389719970853,NA,NA,0.58,"BIOMASS+BIEN+Zanne"
"LLFS",2,"M1",35,"Inga edulis",NA,276,680,224.694370775,16.9141880783594,NA,NA,0.58,"BIOMASS+BIEN+Zanne"
"LLFS",2,"M1",36,"Inga edulis",NA,88,500,36.80372685,6.84543354500292,1,NA,0.58,"BIOMASS+BIEN+Zanne"
"LLFS",2,"M1",37,"Inga edulis",NA,146,535,18.888809875,4.9040778629457,NA,NA,0.58,"BIOMASS+BIEN+Zanne"
"LLFS",2,"M1",38,"Inga edulis",NA,96,340,9.432623975,3.4655432266222,1,NA,0.58,"BIOMASS+BIEN+Zanne"
"LLFS",2,"M1",39,"Inga edulis",NA,105,640,32.672536,6.44980347467915,NA,NA,0.58,"BIOMASS+BIEN+Zanne"
"LLFS",2,"M1",40,"Inga edulis",NA,274,555,156.773194975,14.1283343461516,NA,NA,0.58,"BIOMASS+BIEN+Zanne"
"LLFS",2,"M1",41,"Inga edulis",NA,273,590,115.461286475,12.1247629183405,NA,NA,0.58,"BIOMASS+BIEN+Zanne"
"LLFS",2,"M1",42,"Inga edulis",NA,128,470,56.37583255,8.47230425386316,NA,NA,0.58,"BIOMASS+BIEN+Zanne"
"LLFS",2,"M1",43,"Inga edulis",NA,224,NA,NA,NA,NA,NA,0.58,"BIOMASS+BIEN+Zanne"
"LLFS",2,"M1",44,"Inga edulis",NA,183,NA,NA,NA,NA,NA,0.58,"BIOMASS+BIEN+Zanne"
"LLFS",2,"M1",45,"Inga edulis",NA,184,NA,NA,NA,NA,NA,0.58,"BIOMASS+BIEN+Zanne"
"LLFS",2,"M1",46,"Inga edulis",NA,238,NA,NA,NA,NA,NA,0.58,"BIOMASS+BIEN+Zanne"
"LLFS",2,"M1",47,"Inga edulis",NA,151,NA,NA,NA,NA,NA,0.58,"BIOMASS+BIEN+Zanne"
"LLFS",2,"M1",48,"Inga edulis",NA,177,NA,NA,NA,NA,NA,0.58,"BIOMASS+BIEN+Zanne"
"LLFS",2,"M1",49,"Inga edulis",NA,140,NA,NA,NA,NA,NA,0.58,"BIOMASS+BIEN+Zanne"
"LLFS",3,"M1",2,"Inga edulis",NA,176,535,155.390895375,14.0659103112189,NA,NA,0.58,"BIOMASS+BIEN+Zanne"
"LLFS",3,"M1",3,"Inga edulis",NA,227,605,92.810422575,10.8705979681925,NA,NA,0.58,"BIOMASS+BIEN+Zanne"
"LLFS",3,"M1",4,"Inga edulis",NA,282,630,181.843083175,15.2161034576851,NA,NA,0.58,"BIOMASS+BIEN+Zanne"
"LLFS",3,"M1",5,"Inga edulis",NA,270,643,171.216655,14.7648168245758,NA,NA,0.58,"BIOMASS+BIEN+Zanne"
"LLFS",3,"M1",6,"Inga edulis",NA,280,675,158.516777425,14.2066825656623,NA,NA,0.58,"BIOMASS+BIEN+Zanne"
"LLFS",3,"M1",7,"Inga edulis",NA,245,490,98.97579295,11.2258582547376,NA,NA,0.58,"BIOMASS+BIEN+Zanne"
"LLFS",3,"M1",8,"Inga edulis",NA,140,NA,NA,NA,NA,NA,0.58,"BIOMASS+BIEN+Zanne"
"LLFS",3,"M1",9,"Inga edulis",NA,240,NA,NA,NA,NA,NA,0.58,"BIOMASS+BIEN+Zanne"
"LLFS",3,"M1",10,"Inga edulis",NA,160,NA,NA,NA,NA,NA,0.58,"BIOMASS+BIEN+Zanne"
"LLFS",3,"M1",11,"Inga edulis",NA,224,NA,NA,NA,NA,NA,0.58,"BIOMASS+BIEN+Zanne"
"LLFS",3,"M1",12,"Inga edulis",NA,270,NA,NA,NA,NA,NA,0.58,"BIOMASS+BIEN+Zanne"
"LLFS",3,"M1",13,"Inga edulis",NA,283,NA,NA,NA,NA,NA,0.58,"BIOMASS+BIEN+Zanne"
"LLFS",3,"M1",14,"Inga edulis",NA,258,NA,NA,NA,NA,NA,0.58,"BIOMASS+BIEN+Zanne"
"LLFS",3,"M1",15,"Inga edulis",NA,190,525,88.60854595,10.6216714647471,NA,NA,0.58,"BIOMASS+BIEN+Zanne"
"LLFS",3,"M1",16,"Inga edulis",NA,111,405,8.867137775,3.36005810422156,NA,NA,0.58,"BIOMASS+BIEN+Zanne"
"LLFS",3,"M1",17,"Inga edulis",NA,81,340,6.008290875,2.76586216907521,NA,NA,0.58,"BIOMASS+BIEN+Zanne"
"LLFS",3,"M1",18,"Inga edulis",NA,186,565,64.284785375,9.04709516166723,NA,NA,0.58,"BIOMASS+BIEN+Zanne"
"LLFS",3,"M1",19,"Inga edulis",NA,233,535,57.124787606,8.52839601358639,NA,NA,0.58,"BIOMASS+BIEN+Zanne"
"LLFS",3,"M1",20,"Inga edulis",NA,229,695,147.191345475,13.6897714261979,NA,NA,0.58,"BIOMASS+BIEN+Zanne"
"LLFS",3,"M1",21,"Inga edulis",NA,270,660,133.007066625,13.0134490799394,NA,NA,0.58,"BIOMASS+BIEN+Zanne"
"LLFS",3,"M1",22,"Inga edulis",NA,228,NA,NA,NA,NA,NA,0.58,"BIOMASS+BIEN+Zanne"
"LLFS",3,"M1",23,"Inga edulis",NA,228,NA,NA,NA,NA,NA,0.58,"BIOMASS+BIEN+Zanne"
"LLFS",3,"M1",24,"Inga edulis",NA,246,NA,NA,NA,NA,NA,0.58,"BIOMASS+BIEN+Zanne"
"LLFS",3,"M1",25,"Inga edulis",NA,214,NA,NA,NA,NA,NA,0.58,"BIOMASS+BIEN+Zanne"
"LLFS",3,"M1",26,"Inga edulis",NA,178,NA,NA,NA,NA,NA,0.58,"BIOMASS+BIEN+Zanne"
"LLFS",3,"M1",27,"Inga edulis",NA,269,NA,NA,NA,NA,NA,0.58,"BIOMASS+BIEN+Zanne"
"LLFS",3,"M1",28,"Inga edulis",NA,224,NA,NA,NA,NA,NA,0.58,"BIOMASS+BIEN+Zanne"
"LLFS",3,"M1",29,"Inga edulis",NA,273,610,99.94968585,11.2809526418684,NA,NA,0.58,"BIOMASS+BIEN+Zanne"
"LLFS",3,"M1",30,"Inga edulis",NA,290,621,158.3675519,14.1999940028853,NA,NA,0.58,"BIOMASS+BIEN+Zanne"
"LLFS",3,"M1",31,"Inga edulis",NA,298,695,149.641785675,13.8032546548339,NA,NA,0.58,"BIOMASS+BIEN+Zanne"
"LLFS",3,"M1",32,"Inga edulis",NA,308,695,77.4401935,9.92974907619235,NA,NA,0.58,"BIOMASS+BIEN+Zanne"
"LLFS",3,"M1",33,"Inga edulis",NA,274,665,78.421940375,9.99249296523711,NA,NA,0.58,"BIOMASS+BIEN+Zanne"
"LLFS",3,"M1",34,"Inga edulis",NA,224,600,93.155997475,10.8908172243601,NA,NA,0.58,"BIOMASS+BIEN+Zanne"
"LLFS",3,"M1",35,"Inga edulis",NA,140,400,10.312269175,3.62353265606417,NA,NA,0.58,"BIOMASS+BIEN+Zanne"
"LLFS",3,"M1",36,"Inga edulis",NA,256,580,62.59618075,8.9274818779032,NA,NA,0.58,"BIOMASS+BIEN+Zanne"
"LLFS",3,"M1",37,"Inga edulis",NA,190,560,17.35728475,4.70106172400752,NA,NA,0.58,"BIOMASS+BIEN+Zanne"
"LLFS",3,"M1",38,"Inga edulis",NA,184,564,22.187479375,5.31507066164184,NA,NA,0.58,"BIOMASS+BIEN+Zanne"
"LLFS",3,"M1",39,"Inga edulis",NA,294,680,83.951138775,10.338757648474,NA,NA,0.58,"BIOMASS+BIEN+Zanne"
"LLFS",3,"M1",40,"Inga edulis",NA,205,592,43.801618575,7.46792828655285,NA,NA,0.58,"BIOMASS+BIEN+Zanne"
"LLFS",3,"M1",41,"Inga edulis",NA,264,603,166.6613495,14.5670800355572,NA,NA,0.58,"BIOMASS+BIEN+Zanne"
"LLFS",3,"M1",42,"Inga edulis",NA,218,675,93.674359825,10.9210759202993,NA,NA,0.58,"BIOMASS+BIEN+Zanne"
"LLFS",3,"M1",43,"Inga edulis",NA,200,NA,NA,NA,NA,NA,0.58,"BIOMASS+BIEN+Zanne"
"LLFS",3,"M1",44,"Inga edulis",NA,304,NA,NA,NA,NA,NA,0.58,"BIOMASS+BIEN+Zanne"
"LLFS",3,"M1",45,"Inga edulis",NA,322,NA,NA,NA,NA,NA,0.58,"BIOMASS+BIEN+Zanne"
"LLFS",3,"M1",46,"Inga edulis",NA,260,NA,NA,NA,NA,NA,0.58,"BIOMASS+BIEN+Zanne"
"LLFS",3,"M1",47,"Inga edulis",NA,228,NA,NA,NA,NA,NA,0.58,"BIOMASS+BIEN+Zanne"
"LLFS",3,"M1",48,"Inga edulis",NA,260,NA,NA,NA,NA,NA,0.58,"BIOMASS+BIEN+Zanne"
"LLFS",3,"M1",49,"Inga edulis",NA,262,NA,NA,NA,NA,NA,0.58,"BIOMASS+BIEN+Zanne"
"LLFS",4,"M1",2,"Inga edulis",NA,225,359,145.03150235,13.5889603731989,NA,NA,0.58,"BIOMASS+BIEN+Zanne"
"LLFS",4,"M1",3,"Inga edulis",NA,256,610,140.656838275,13.3824455436646,NA,NA,0.58,"BIOMASS+BIEN+Zanne"
"LLFS",4,"M1",4,"Inga edulis",NA,189,535,31.730059,6.35609674844396,NA,NA,0.58,"BIOMASS+BIEN+Zanne"
"LLFS",4,"M1",5,"Inga edulis",NA,25,575,149.908820825,13.8155650908317,NA,NA,0.58,"BIOMASS+BIEN+Zanne"
"LLFS",4,"M1",6,"Inga edulis",NA,173,402,19.8862647,5.03189612503189,NA,NA,0.58,"BIOMASS+BIEN+Zanne"
"LLFS",4,"M1",7,"Inga edulis",NA,327,500,117.32267855,12.2221059488172,NA,NA,0.58,"BIOMASS+BIEN+Zanne"
"LLFS",4,"M1",8,"Inga edulis",NA,221,NA,NA,NA,NA,NA,0.58,"BIOMASS+BIEN+Zanne"
"LLFS",4,"M1",9,"Inga edulis",NA,29,NA,NA,NA,NA,NA,0.58,"BIOMASS+BIEN+Zanne"
"LLFS",4,"M1",10,"Inga edulis",NA,254,NA,NA,NA,NA,NA,0.58,"BIOMASS+BIEN+Zanne"
"LLFS",4,"M1",11,"Inga edulis",NA,23,NA,NA,NA,NA,NA,0.58,"BIOMASS+BIEN+Zanne"
"LLFS",4,"M1",12,"Inga edulis",NA,23,NA,NA,NA,NA,NA,0.58,"BIOMASS+BIEN+Zanne"
"LLFS",4,"M1",13,"Inga edulis",NA,22,NA,NA,NA,NA,NA,0.58,"BIOMASS+BIEN+Zanne"
"LLFS",4,"M1",14,"Inga edulis",NA,205,NA,NA,NA,NA,NA,0.58,"BIOMASS+BIEN+Zanne"
"LLFS",4,"M1",15,"Inga edulis",NA,188,580,108.87180145,11.7736945311442,1,NA,0.58,"BIOMASS+BIEN+Zanne"
"LLFS",4,"M1",16,"Inga edulis",NA,27,523,43.393211875,7.43303123445082,NA,NA,0.58,"BIOMASS+BIEN+Zanne"
"LLFS",4,"M1",17,"Inga edulis",NA,202,450,39.8353612,7.1217945181428,NA,NA,0.58,"BIOMASS+BIEN+Zanne"
"LLFS",4,"M1",18,"Inga edulis",NA,257,600,59.603816275,8.7114829907691,NA,NA,0.58,"BIOMASS+BIEN+Zanne"
"LLFS",4,"M1",19,"Inga edulis",NA,26,630,124.980304175,12.6146686674141,NA,NA,0.58,"BIOMASS+BIEN+Zanne"
"LLFS",4,"M1",20,"Inga edulis",NA,247,650,113.0029923,11.9949938920269,NA,NA,0.58,"BIOMASS+BIEN+Zanne"
"LLFS",4,"M1",21,"Inga edulis",NA,201,475,33.94487995,6.57418918906566,NA,NA,0.58,"BIOMASS+BIEN+Zanne"
"LLFS",4,"M1",22,"Inga edulis",NA,174,NA,NA,NA,NA,NA,0.58,"BIOMASS+BIEN+Zanne"
"LLFS",4,"M1",23,"Inga edulis",NA,233,NA,NA,NA,NA,NA,0.58,"BIOMASS+BIEN+Zanne"
"LLFS",4,"M1",24,"Inga edulis",NA,216,NA,NA,NA,NA,NA,0.58,"BIOMASS+BIEN+Zanne"
"LLFS",4,"M1",25,"Inga edulis",NA,28,NA,NA,NA,NA,NA,0.58,"BIOMASS+BIEN+Zanne"
"LLFS",4,"M1",26,"Inga edulis",NA,267,NA,NA,NA,NA,NA,0.58,"BIOMASS+BIEN+Zanne"
"LLFS",4,"M1",27,"Inga edulis",NA,162,NA,NA,NA,NA,NA,0.58,"BIOMASS+BIEN+Zanne"
"LLFS",4,"M1",28,"Inga edulis",NA,242,NA,NA,NA,NA,NA,0.58,"BIOMASS+BIEN+Zanne"
"LLFS",4,"M1",29,"Inga edulis",NA,156,455,60.483461475,8.77553046558644,NA,NA,0.58,"BIOMASS+BIEN+Zanne"
"LLFS",4,"M1",30,"Inga edulis",NA,287,485,76.207119425,9.8503765431716,NA,NA,0.58,"BIOMASS+BIEN+Zanne"
"LLFS",4,"M1",31,"Inga edulis",NA,26,565,68.211772875,9.31933080435196,NA,NA,0.58,"BIOMASS+BIEN+Zanne"
"LLFS",4,"M1",32,"Inga edulis",NA,335,609,105.32180475,11.5801505487008,NA,NA,0.58,"BIOMASS+BIEN+Zanne"
"LLFS",4,"M1",33,"Inga edulis",NA,148,425,27.371102875,5.90338636406803,NA,NA,0.58,"BIOMASS+BIEN+Zanne"
"LLFS",4,"M1",34,"Inga edulis",NA,19,480,41.89310265,7.30342077013432,NA,NA,0.58,"BIOMASS+BIEN+Zanne"
"LLFS",4,"M1",35,"Inga edulis",NA,19,380,29.224640975,6.09999742377467,NA,NA,0.58,"BIOMASS+BIEN+Zanne"
"LLFS",4,"M1",36,"Inga edulis",NA,171,345,27.53603635,5.92114603654435,NA,NA,0.58,"BIOMASS+BIEN+Zanne"
"LLFS",4,"M1",37,"Inga edulis",NA,200,445,60.279258125,8.76070403404021,NA,NA,0.58,"BIOMASS+BIEN+Zanne"
"LLFS",4,"M1",38,"Inga edulis",NA,210,450,82.3724898,10.2410893664519,NA,NA,0.58,"BIOMASS+BIEN+Zanne"
"LLFS",4,"M1",39,"Inga edulis",NA,207,510,59.006914175,8.66775268108198,NA,NA,0.58,"BIOMASS+BIEN+Zanne"
"LLFS",4,"M1",40,"Inga edulis",NA,180,380,32.43691675,6.4265048911039,NA,NA,0.58,"BIOMASS+BIEN+Zanne"
"LLFS",4,"M1",41,"Inga edulis",NA,238,440,90.11650915,10.711671348733,NA,NA,0.58,"BIOMASS+BIEN+Zanne"
"LLFS",4,"M1",42,"Inga edulis",NA,133,330,24.45727815,5.58032021457257,NA,NA,0.58,"BIOMASS+BIEN+Zanne"
"LLFS",4,"M1",43,"Inga edulis",NA,254,NA,NA,NA,NA,NA,0.58,"BIOMASS+BIEN+Zanne"
"LLFS",4,"M1",44,"Inga edulis",NA,105,NA,NA,NA,NA,NA,0.58,"BIOMASS+BIEN+Zanne"
"LLFS",4,"M1",45,"Inga edulis",NA,167,NA,NA,NA,NA,NA,0.58,"BIOMASS+BIEN+Zanne"
"LLFS",4,"M1",46,"Inga edulis",NA,200,NA,NA,NA,NA,NA,0.58,"BIOMASS+BIEN+Zanne"
"LLFS",4,"M1",47,"Inga edulis",NA,80,NA,NA,NA,1,NA,0.58,"BIOMASS+BIEN+Zanne"
"LLFS",4,"M1",48,"Inga edulis",NA,144,NA,NA,NA,NA,NA,0.58,"BIOMASS+BIEN+Zanne"
"LLFS",4,"M1",49,"Inga edulis",NA,16,NA,NA,NA,NA,NA,0.58,"BIOMASS+BIEN+Zanne"
"LLFS",5,"M1",2,"Inga edulis",NA,273,693,114.832968475,12.0917276061651,NA,NA,0.58,"BIOMASS+BIEN+Zanne"
"LLFS",5,"M1",3,"Inga edulis",NA,229,520,121.1711263,12.4209447984144,NA,NA,0.58,"BIOMASS+BIEN+Zanne"
"LLFS",5,"M1",4,"Inga edulis",NA,200,545,65.4079038,9.12578378312753,NA,NA,0.58,"BIOMASS+BIEN+Zanne"
"LLFS",5,"M1",5,"Inga edulis",NA,190,470,44.7990734,7.55247984574425,NA,NA,0.58,"BIOMASS+BIEN+Zanne"
"LLFS",5,"M1",6,"Inga edulis",NA,210,450,64.520404625,9.06365989051131,NA,NA,0.58,"BIOMASS+BIEN+Zanne"
"LLFS",5,"M1",7,"Inga edulis",NA,85,325,11.3411399,3.79999839513832,1,NA,0.58,"BIOMASS+BIEN+Zanne"
"LLFS",5,"M1",8,"Inga edulis",NA,243,NA,NA,NA,NA,NA,0.58,"BIOMASS+BIEN+Zanne"
"LLFS",5,"M1",9,"Inga edulis",NA,245,NA,NA,NA,NA,NA,0.58,"BIOMASS+BIEN+Zanne"
"LLFS",5,"M1",10,"Inga edulis",NA,23,NA,NA,NA,NA,NA,0.58,"BIOMASS+BIEN+Zanne"
"LLFS",5,"M1",11,"Inga edulis",NA,242,NA,NA,NA,NA,NA,0.58,"BIOMASS+BIEN+Zanne"
"LLFS",5,"M1",12,"Inga edulis",NA,186,NA,NA,NA,NA,NA,0.58,"BIOMASS+BIEN+Zanne"
"LLFS",5,"M1",13,"Inga edulis",NA,196,NA,NA,NA,NA,NA,0.58,"BIOMASS+BIEN+Zanne"
"LLFS",5,"M1",14,"Inga edulis",NA,180,NA,NA,NA,NA,NA,0.58,"BIOMASS+BIEN+Zanne"
"LLFS",5,"M1",15,"Inga edulis",NA,246,585,110.057751675,11.8376467947499,NA,NA,0.58,"BIOMASS+BIEN+Zanne"
"LLFS",5,"M1",16,"Inga edulis",NA,187,520,44.50062235,7.52728052761058,NA,NA,0.58,"BIOMASS+BIEN+Zanne"
"LLFS",5,"M1",17,"Inga edulis",NA,234,535,39.214897175,7.06611334652461,NA,NA,0.58,"BIOMASS+BIEN+Zanne"
"LLFS",5,"M1",18,"Inga edulis",NA,307,630,213.14117355,16.473608310723,NA,NA,0.58,"BIOMASS+BIEN+Zanne"
"LLFS",5,"M1",19,"Inga edulis",NA,229,600,77.997825725,9.9654360725676,NA,NA,0.58,"BIOMASS+BIEN+Zanne"
"LLFS",5,"M1",20,"Inga edulis",NA,205,595,86.66076015,10.5042804037111,NA,NA,0.58,"BIOMASS+BIEN+Zanne"
"LLFS",5,"M1",21,"Inga edulis",NA,16,505,54.6322501,8.34026026243675,NA,NA,0.58,"BIOMASS+BIEN+Zanne"
"LLFS",5,"M1",22,"Inga edulis",NA,242,NA,NA,NA,NA,NA,0.58,"BIOMASS+BIEN+Zanne"
"LLFS",5,"M1",23,"Inga edulis",NA,298,NA,NA,NA,NA,NA,0.58,"BIOMASS+BIEN+Zanne"
"LLFS",5,"M1",24,"Inga edulis",NA,338,NA,NA,NA,NA,NA,0.58,"BIOMASS+BIEN+Zanne"
"LLFS",5,"M1",25,"Inga edulis",NA,287,NA,NA,NA,NA,NA,0.58,"BIOMASS+BIEN+Zanne"
"LLFS",5,"M1",26,"Inga edulis",NA,200,NA,NA,NA,NA,NA,0.58,"BIOMASS+BIEN+Zanne"
"LLFS",5,"M1",27,"Inga edulis",NA,234,NA,NA,NA,NA,NA,0.58,"BIOMASS+BIEN+Zanne"
"LLFS",5,"M1",28,"Inga edulis",NA,19,NA,NA,NA,NA,NA,0.58,"BIOMASS+BIEN+Zanne"
"LLFS",5,"M1",29,"Inga edulis",NA,244,518,91.4831008,10.7925854925293,NA,NA,0.58,"BIOMASS+BIEN+Zanne"
"LLFS",5,"M1",30,"Inga edulis",NA,312,585,168.255706425,14.6365917838703,NA,NA,0.58,"BIOMASS+BIEN+Zanne"
"LLFS",5,"M1",31,"Inga edulis",NA,222,528,62.651158575,8.93140149255219,NA,NA,0.58,"BIOMASS+BIEN+Zanne"
"LLFS",5,"M1",32,"Inga edulis",NA,235,535,36.3167804,6.79999712814225,NA,NA,0.58,"BIOMASS+BIEN+Zanne"
"LLFS",5,"M1",33,"Inga edulis",NA,238,595,69.85325365,9.43079661935278,NA,NA,0.58,"BIOMASS+BIEN+Zanne"
"LLFS",5,"M1",34,"Inga edulis",NA,21,590,71.942411,9.5707848491537,NA,NA,0.58,"BIOMASS+BIEN+Zanne"
"LLFS",5,"M1",35,"Inga edulis",NA,21,520,51.72627935,8.11541399870874,NA,NA,0.58,"BIOMASS+BIEN+Zanne"
"LLFS",5,"M1",36,"Inga edulis",NA,204,445,62.274167775,8.90448948714086,NA,NA,0.58,"BIOMASS+BIEN+Zanne"
"LLFS",5,"M1",37,"Inga edulis",NA,202,565,71.541858275,9.54410409936776,NA,NA,0.58,"BIOMASS+BIEN+Zanne"
"LLFS",5,"M1",38,"Inga edulis",NA,18,468,31.71435105,6.35452326240711,NA,NA,0.58,"BIOMASS+BIEN+Zanne"
"LLFS",5,"M1",39,"Inga edulis",NA,294,630,147.340571,13.6967091500498,NA,NA,0.58,"BIOMASS+BIEN+Zanne"
"LLFS",5,"M1",40,"Inga edulis",NA,193,650,49.08734375,7.90569081159316,NA,NA,0.58,"BIOMASS+BIEN+Zanne"
"LLFS",5,"M1",41,"Inga edulis",NA,137,645,75.657341175,9.81478062075408,NA,NA,0.58,"BIOMASS+BIEN+Zanne"
"LLFS",5,"M1",42,"Inga edulis",NA,126,322,37.581270375,6.91736652078188,NA,NA,0.58,"BIOMASS+BIEN+Zanne"
"LLFS",5,"M1",43,"Inga edulis",NA,167,NA,NA,NA,NA,NA,0.58,"BIOMASS+BIEN+Zanne"
"LLFS",5,"M1",44,"Inga edulis",NA,136,NA,NA,NA,NA,NA,0.58,"BIOMASS+BIEN+Zanne"
"LLFS",5,"M1",45,"Inga edulis",NA,200,NA,NA,NA,NA,NA,0.58,"BIOMASS+BIEN+Zanne"
"LLFS",5,"M1",46,"Inga edulis",NA,166,NA,NA,NA,NA,NA,0.58,"BIOMASS+BIEN+Zanne"
"LLFS",5,"M1",47,"Inga edulis",NA,185,NA,NA,NA,NA,NA,0.58,"BIOMASS+BIEN+Zanne"
"LLFS",5,"M1",48,"Inga edulis",NA,237,NA,NA,NA,NA,NA,0.58,"BIOMASS+BIEN+Zanne"
"LLFS",5,"M1",49,"Inga edulis",NA,227,NA,NA,NA,NA,NA,0.58,"BIOMASS+BIEN+Zanne"
"LLFS",6,"M1",2,"Inga edulis",NA,69,255,9.1420269,3.41174298095748,1,NA,0.58,"BIOMASS+BIEN+Zanne"
"LLFS",6,"M1",3,"Inga edulis",NA,70,116,7.956076675,3.18276474838387,1,NA,0.58,"BIOMASS+BIEN+Zanne"
"LLFS",6,"M1",4,"Inga edulis",NA,79,265,13.972221525,4.21781756047246,NA,NA,0.58,"BIOMASS+BIEN+Zanne"
"LLFS",6,"M1",5,"Inga edulis",NA,132,230,13.516690975,4.14849195049658,NA,NA,0.58,"BIOMASS+BIEN+Zanne"
"LLFS",6,"M1",6,"Inga edulis",NA,81,165,NA,NA,NA,NA,0.58,"BIOMASS+BIEN+Zanne"
"LLFS",6,"M1",7,"Inga edulis",NA,80,130,NA,NA,NA,NA,0.58,"BIOMASS+BIEN+Zanne"
"LLFS",6,"M1",8,"Inga edulis",NA,69,NA,NA,NA,NA,NA,0.58,"BIOMASS+BIEN+Zanne"
"LLFS",6,"M1",9,"Inga edulis",NA,86,NA,NA,NA,1,NA,0.58,"BIOMASS+BIEN+Zanne"
"LLFS",6,"M1",10,"Inga edulis",NA,94,NA,NA,NA,1,NA,0.58,"BIOMASS+BIEN+Zanne"
"LLFS",6,"M1",11,"Inga edulis",NA,68,NA,NA,NA,1,NA,0.58,"BIOMASS+BIEN+Zanne"
"LLFS",6,"M1",12,"Inga edulis",NA,63,NA,NA,NA,1,NA,0.58,"BIOMASS+BIEN+Zanne"
"LLFS",6,"M1",13,"Inga edulis",NA,77,NA,NA,NA,1,NA,0.58,"BIOMASS+BIEN+Zanne"
"LLFS",6,"M1",14,"Inga edulis",NA,68,NA,NA,NA,1,NA,0.58,"BIOMASS+BIEN+Zanne"
"LLFS",6,"M1",15,"Inga edulis",NA,77,245,9.966694275,3.5623011216369,1,NA,0.58,"BIOMASS+BIEN+Zanne"
"LLFS",6,"M1",16,"Inga edulis",NA,76,240,14.474875925,4.29301577365434,1,NA,0.58,"BIOMASS+BIEN+Zanne"
"LLFS",6,"M1",17,"Inga edulis",NA,117,275,15.605848325,4.45757593502668,1,NA,0.58,"BIOMASS+BIEN+Zanne"
"LLFS",6,"M1",18,"Inga edulis",NA,65,250,6.636608875,2.90688714307768,1,NA,0.58,"BIOMASS+BIEN+Zanne"
"LLFS",6,"M1",19,"Inga edulis",NA,79,162,0.7853975,0.999999577667978,1,NA,0.58,"BIOMASS+BIEN+Zanne"
"LLFS",6,"M1",20,"Inga edulis",NA,46,174,NA,NA,1,NA,0.58,"BIOMASS+BIEN+Zanne"
"LLFS",6,"M1",21,"Inga edulis",NA,107,265,13.312487625,4.1170360312909,NA,NA,0.58,"BIOMASS+BIEN+Zanne"
"LLFS",6,"M1",22,"Inga edulis",NA,66,NA,NA,NA,1,NA,0.58,"BIOMASS+BIEN+Zanne"
"LLFS",6,"M1",23,"Inga edulis",NA,82,NA,NA,NA,1,NA,0.58,"BIOMASS+BIEN+Zanne"
"LLFS",6,"M1",24,"Inga edulis",NA,112,NA,NA,NA,1,NA,0.58,"BIOMASS+BIEN+Zanne"
"LLFS",6,"M1",25,"Inga edulis",NA,128,NA,NA,NA,NA,NA,0.58,"BIOMASS+BIEN+Zanne"
"LLFS",6,"M1",26,"Inga edulis",NA,111,NA,NA,NA,1,NA,0.58,"BIOMASS+BIEN+Zanne"
"LLFS",6,"M1",27,"Inga edulis",NA,84,NA,NA,NA,1,NA,0.58,"BIOMASS+BIEN+Zanne"
"LLFS",6,"M1",28,"Inga edulis",NA,117,NA,NA,NA,1,NA,0.58,"BIOMASS+BIEN+Zanne"
"LLFS",6,"M1",29,"Inga edulis",NA,59,288,14.96967635,4.36577414678161,1,NA,0.58,"BIOMASS+BIEN+Zanne"
"LLFS",6,"M1",30,"Inga edulis",NA,73,310,19.894118675,5.03288968731327,1,NA,0.58,"BIOMASS+BIEN+Zanne"
"LLFS",6,"M1",31,"Inga edulis",NA,139,325,26.224422525,5.7784056448707,NA,NA,0.58,"BIOMASS+BIEN+Zanne"
"LLFS",6,"M1",32,"Inga edulis",NA,88,280,17.820669275,4.76340013378856,1,NA,0.58,"BIOMASS+BIEN+Zanne"
"LLFS",6,"M1",33,"Inga edulis",NA,94,320,15.118901875,4.38748034072184,1,NA,0.58,"BIOMASS+BIEN+Zanne"
"LLFS",6,"M1",34,"Inga edulis",NA,54,212,3.0787582,1.97989815114759,1,NA,0.58,"BIOMASS+BIEN+Zanne"
"LLFS",6,"M1",35,"Inga edulis",NA,96,220,11.223330275,3.78021003778274,1,NA,0.58,"BIOMASS+BIEN+Zanne"
"LLFS",6,"M1",36,"Inga edulis",NA,74,300,32.34266905,6.41716177267973,1,NA,0.58,"BIOMASS+BIEN+Zanne"
"LLFS",6,"M1",37,"Inga edulis",NA,76,300,8.710058275,3.33016375463396,1,NA,0.58,"BIOMASS+BIEN+Zanne"
"LLFS",6,"M1",38,"Inga edulis",NA,93,350,27.37895685,5.90423327410238,1,NA,0.58,"BIOMASS+BIEN+Zanne"
"LLFS",6,"M1",39,"Inga edulis",NA,67,265,11.23118425,3.78153248317487,1,NA,0.58,"BIOMASS+BIEN+Zanne"
"LLFS",6,"M1",40,"Inga edulis",NA,94,310,18.040580575,4.79270076241685,1,NA,0.58,"BIOMASS+BIEN+Zanne"
"LLFS",6,"M1",41,"Inga edulis",NA,75,245,11.129082575,3.76430445515676,1,NA,0.58,"BIOMASS+BIEN+Zanne"
"LLFS",6,"M1",42,"Inga edulis",NA,79,254,13.21038595,4.10121759880572,1,NA,0.58,"BIOMASS+BIEN+Zanne"
"LLFS",6,"M1",43,"Inga edulis",NA,80,NA,NA,NA,1,NA,0.58,"BIOMASS+BIEN+Zanne"
"LLFS",6,"M1",44,"Inga edulis",NA,117,NA,NA,NA,1,NA,0.58,"BIOMASS+BIEN+Zanne"
"LLFS",6,"M1",45,"Inga edulis",NA,133,NA,NA,NA,1,NA,0.58,"BIOMASS+BIEN+Zanne"
"LLFS",6,"M1",46,"Inga edulis",NA,90,NA,NA,NA,1,NA,0.58,"BIOMASS+BIEN+Zanne"
"LLFS",6,"M1",47,"Inga edulis",NA,69,NA,NA,NA,1,NA,0.58,"BIOMASS+BIEN+Zanne"
"LLFS",6,"M1",48,"Inga edulis",NA,112,NA,NA,NA,NA,NA,0.58,"BIOMASS+BIEN+Zanne"
"LLFS",6,"M1",49,"Inga edulis",NA,50,NA,NA,NA,NA,NA,0.58,"BIOMASS+BIEN+Zanne"
"LLFS",1,"M2",2,"Calophyllum brasiliense",NA,79,NA,NA,NA,NA,NA,0.571,"BIOMASS+BIEN+Zanne+TWDD+CIRAD"
"LLFS",1,"M2",3,"Calophyllum brasiliense",NA,50,NA,NA,NA,NA,NA,0.571,"BIOMASS+BIEN+Zanne+TWDD+CIRAD"
"LLFS",1,"M2",4,"Calophyllum brasiliense",NA,110,145,NA,NA,NA,NA,0.571,"BIOMASS+BIEN+Zanne+TWDD+CIRAD"
"LLFS",1,"M2",5,"Calophyllum brasiliense",NA,43,NA,NA,NA,NA,NA,0.571,"BIOMASS+BIEN+Zanne+TWDD+CIRAD"
"LLFS",1,"M2",6,"Calophyllum brasiliense",NA,65,NA,NA,NA,NA,NA,0.571,"BIOMASS+BIEN+Zanne+TWDD+CIRAD"
"LLFS",1,"M2",7,"Calophyllum brasiliense",NA,57,40,NA,NA,NA,NA,0.571,"BIOMASS+BIEN+Zanne+TWDD+CIRAD"
"LLFS",1,"M2",8,"Calophyllum brasiliense",NA,28,47,NA,NA,NA,NA,0.571,"BIOMASS+BIEN+Zanne+TWDD+CIRAD"
"LLFS",1,"M2",9,"Calophyllum brasiliense",NA,121,121,NA,NA,NA,NA,0.571,"BIOMASS+BIEN+Zanne+TWDD+CIRAD"
"LLFS",1,"M2",10,"Calophyllum brasiliense",NA,50,60,NA,NA,NA,NA,0.571,"BIOMASS+BIEN+Zanne+TWDD+CIRAD"
"LLFS",1,"M2",11,"Calophyllum brasiliense",NA,61,NA,NA,NA,NA,NA,0.571,"BIOMASS+BIEN+Zanne+TWDD+CIRAD"
"LLFS",1,"M2",12,"Calophyllum brasiliense",NA,49,121,NA,NA,NA,NA,0.571,"BIOMASS+BIEN+Zanne+TWDD+CIRAD"
"LLFS",1,"M2",13,"Calophyllum brasiliense",NA,23,NA,NA,NA,1,NA,0.571,"BIOMASS+BIEN+Zanne+TWDD+CIRAD"
"LLFS",1,"M2",14,"Calophyllum brasiliense",NA,30,NA,NA,NA,1,NA,0.571,"BIOMASS+BIEN+Zanne+TWDD+CIRAD"
"LLFS",1,"M2",15,"Calophyllum brasiliense",NA,28,NA,NA,NA,1,NA,0.571,"BIOMASS+BIEN+Zanne+TWDD+CIRAD"
"LLFS",1,"M2",16,"Calophyllum brasiliense",NA,69,NA,NA,NA,NA,NA,0.571,"BIOMASS+BIEN+Zanne+TWDD+CIRAD"
"LLFS",1,"M2",17,"Calophyllum brasiliense",NA,125,176,NA,NA,NA,NA,0.571,"BIOMASS+BIEN+Zanne+TWDD+CIRAD"
"LLFS",1,"M2",18,"Calophyllum brasiliense",NA,27,NA,NA,NA,1,NA,0.571,"BIOMASS+BIEN+Zanne+TWDD+CIRAD"
"LLFS",1,"M2",19,"Calophyllum brasiliense",NA,48,NA,NA,NA,1,NA,0.571,"BIOMASS+BIEN+Zanne+TWDD+CIRAD"
"LLFS",1,"M2",20,"Calophyllum brasiliense",NA,62,84,NA,NA,NA,NA,0.571,"BIOMASS+BIEN+Zanne+TWDD+CIRAD"
"LLFS",1,"M2",21,"Calophyllum brasiliense",NA,28,NA,NA,NA,1,NA,0.571,"BIOMASS+BIEN+Zanne+TWDD+CIRAD"
"LLFS",1,"M2",22,"Calophyllum brasiliense",NA,39,NA,NA,NA,1,NA,0.571,"BIOMASS+BIEN+Zanne+TWDD+CIRAD"
"LLFS",1,"M2",23,"Calophyllum brasiliense",NA,140,221,1.327321775,1.29999945096837,NA,NA,0.571,"BIOMASS+BIEN+Zanne+TWDD+CIRAD"
"LLFS",1,"M2",24,"Calophyllum brasiliense",NA,78,120,NA,NA,NA,NA,0.571,"BIOMASS+BIEN+Zanne+TWDD+CIRAD"
"LLFS",1,"M2",25,"Calophyllum brasiliense",NA,20,NA,NA,NA,1,NA,0.571,"BIOMASS+BIEN+Zanne+TWDD+CIRAD"
"LLFS",1,"M2",26,"Calophyllum brasiliense",NA,75,NA,NA,NA,NA,NA,0.571,"BIOMASS+BIEN+Zanne+TWDD+CIRAD"
"LLFS",1,"M2",27,"Calophyllum brasiliense",NA,68,NA,NA,NA,NA,NA,0.571,"BIOMASS+BIEN+Zanne+TWDD+CIRAD"
"LLFS",1,"M2",28,"Calophyllum brasiliense",NA,23,NA,NA,NA,1,NA,0.571,"BIOMASS+BIEN+Zanne+TWDD+CIRAD"
"LLFS",1,"M2",29,"Calophyllum brasiliense",NA,86,186,0.950330975,1.09999953543478,NA,NA,0.571,"BIOMASS+BIEN+Zanne+TWDD+CIRAD"
"LLFS",1,"M2",30,"Calophyllum brasiliense",NA,24,NA,NA,NA,NA,NA,0.571,"BIOMASS+BIEN+Zanne+TWDD+CIRAD"
"LLFS",1,"M2",31,"Calophyllum brasiliense",NA,110,204,1.327321775,1.29999945096837,NA,NA,0.571,"BIOMASS+BIEN+Zanne+TWDD+CIRAD"
"LLFS",1,"M2",32,"Calophyllum brasiliense",NA,110,150,NA,NA,NA,NA,0.571,"BIOMASS+BIEN+Zanne+TWDD+CIRAD"
"LLFS",1,"M2",33,"Calophyllum brasiliense",NA,38,NA,NA,NA,NA,NA,0.571,"BIOMASS+BIEN+Zanne+TWDD+CIRAD"
"LLFS",1,"M2",34,"Calophyllum brasiliense",NA,NA,54,NA,NA,NA,1,0.571,"BIOMASS+BIEN+Zanne+TWDD+CIRAD"
"LLFS",1,"M2",35,"Calophyllum brasiliense",NA,29,NA,NA,NA,NA,NA,0.571,"BIOMASS+BIEN+Zanne+TWDD+CIRAD"
"LLFS",1,"M2",36,"Calophyllum brasiliense",NA,40,NA,NA,NA,1,NA,0.571,"BIOMASS+BIEN+Zanne+TWDD+CIRAD"
"LLFS",1,"M2",37,"Calophyllum brasiliense",NA,29,NA,NA,NA,1,NA,0.571,"BIOMASS+BIEN+Zanne+TWDD+CIRAD"
"LLFS",1,"M2",38,"Calophyllum brasiliense",NA,36,60,NA,NA,1,NA,0.571,"BIOMASS+BIEN+Zanne+TWDD+CIRAD"
"LLFS",1,"M2",39,"Calophyllum brasiliense",NA,50,68,NA,NA,1,NA,0.571,"BIOMASS+BIEN+Zanne+TWDD+CIRAD"
"LLFS",1,"M2",40,"Calophyllum brasiliense",NA,60,NA,NA,NA,1,NA,0.571,"BIOMASS+BIEN+Zanne+TWDD+CIRAD"
"LLFS",1,"M2",41,"Calophyllum brasiliense",NA,51,NA,NA,NA,1,NA,0.571,"BIOMASS+BIEN+Zanne+TWDD+CIRAD"
"LLFS",1,"M2",42,"Calophyllum brasiliense",NA,20,NA,NA,NA,1,NA,0.571,"BIOMASS+BIEN+Zanne+TWDD+CIRAD"
"LLFS",1,"M2",43,"Calophyllum brasiliense",NA,60,157,NA,NA,NA,NA,0.571,"BIOMASS+BIEN+Zanne+TWDD+CIRAD"
"LLFS",1,"M2",44,"Calophyllum brasiliense",NA,63,70,NA,NA,1,NA,0.571,"BIOMASS+BIEN+Zanne+TWDD+CIRAD"
"LLFS",1,"M2",45,"Calophyllum brasiliense",NA,40,NA,NA,NA,1,NA,0.571,"BIOMASS+BIEN+Zanne+TWDD+CIRAD"
"LLFS",1,"M2",46,"Calophyllum brasiliense",NA,30,NA,NA,NA,1,NA,0.571,"BIOMASS+BIEN+Zanne+TWDD+CIRAD"
"LLFS",1,"M2",47,"Calophyllum brasiliense",NA,52,NA,NA,NA,1,NA,0.571,"BIOMASS+BIEN+Zanne+TWDD+CIRAD"
"LLFS",1,"M2",48,"Calophyllum brasiliense",NA,34,NA,NA,NA,1,NA,0.571,"BIOMASS+BIEN+Zanne+TWDD+CIRAD"
"LLFS",1,"M2",49,"Calophyllum brasiliense",NA,37,NA,NA,NA,1,NA,0.571,"BIOMASS+BIEN+Zanne+TWDD+CIRAD"
"LLFS",2,"M2",2,"Calophyllum brasiliense",NA,123,189,0.950330975,1.09999953543478,NA,NA,0.571,"BIOMASS+BIEN+Zanne+TWDD+CIRAD"
"LLFS",2,"M2",3,"Calophyllum brasiliense",NA,90,212,1.1309724,1.19999949320157,NA,NA,0.571,"BIOMASS+BIEN+Zanne+TWDD+CIRAD"
"LLFS",2,"M2",4,"Calophyllum brasiliense",NA,63,155,NA,NA,NA,NA,0.571,"BIOMASS+BIEN+Zanne+TWDD+CIRAD"
"LLFS",2,"M2",5,"Calophyllum brasiliense",NA,105,196,1.5393791,1.39999940873517,NA,NA,0.571,"BIOMASS+BIEN+Zanne+TWDD+CIRAD"
"LLFS",2,"M2",6,"Calophyllum brasiliense",NA,NA,NA,NA,NA,1,1,0.571,"BIOMASS+BIEN+Zanne+TWDD+CIRAD"
"LLFS",2,"M2",7,"Calophyllum brasiliense",NA,87,179,NA,NA,NA,NA,0.571,"BIOMASS+BIEN+Zanne+TWDD+CIRAD"
"LLFS",2,"M2",8,"Calophyllum brasiliense",NA,NA,NA,NA,NA,1,1,0.571,"BIOMASS+BIEN+Zanne+TWDD+CIRAD"
"LLFS",2,"M2",9,"Calophyllum brasiliense",NA,140,180,0.7853975,0.999999577667978,NA,NA,0.571,"BIOMASS+BIEN+Zanne+TWDD+CIRAD"
"LLFS",2,"M2",10,"Calophyllum brasiliense",NA,120,238,3.14159,1.99999915533596,NA,NA,0.571,"BIOMASS+BIEN+Zanne+TWDD+CIRAD"
"LLFS",2,"M2",11,"Calophyllum brasiliense",NA,90,162,NA,NA,NA,NA,0.571,"BIOMASS+BIEN+Zanne+TWDD+CIRAD"
"LLFS",2,"M2",12,"Calophyllum brasiliense",NA,134,207,2.0106176,1.59999932426877,NA,NA,0.571,"BIOMASS+BIEN+Zanne+TWDD+CIRAD"
"LLFS",2,"M2",13,"Calophyllum brasiliense",NA,NA,NA,NA,NA,1,NA,0.571,"BIOMASS+BIEN+Zanne+TWDD+CIRAD"
"LLFS",2,"M2",14,"Calophyllum brasiliense",NA,84,102,NA,NA,NA,NA,0.571,"BIOMASS+BIEN+Zanne+TWDD+CIRAD"
"LLFS",2,"M2",15,"Calophyllum brasiliense",NA,68,90,NA,NA,NA,NA,0.571,"BIOMASS+BIEN+Zanne+TWDD+CIRAD"
"LLFS",2,"M2",16,"Calophyllum brasiliense",NA,55,NA,NA,NA,1,NA,0.571,"BIOMASS+BIEN+Zanne+TWDD+CIRAD"
"LLFS",2,"M2",17,"Calophyllum brasiliense",NA,NA,NA,NA,NA,1,1,0.571,"BIOMASS+BIEN+Zanne+TWDD+CIRAD"
"LLFS",2,"M2",18,"Calophyllum brasiliense",NA,136,NA,NA,NA,1,NA,0.571,"BIOMASS+BIEN+Zanne+TWDD+CIRAD"
"LLFS",2,"M2",19,"Calophyllum brasiliense",NA,138,225,2.0106176,1.59999932426877,NA,NA,0.571,"BIOMASS+BIEN+Zanne+TWDD+CIRAD"
"LLFS",2,"M2",20,"Calophyllum brasiliense",NA,100,NA,NA,NA,NA,NA,0.571,"BIOMASS+BIEN+Zanne+TWDD+CIRAD"
"LLFS",2,"M2",21,"Calophyllum brasiliense",NA,77,160,NA,NA,NA,NA,0.571,"BIOMASS+BIEN+Zanne+TWDD+CIRAD"
"LLFS",2,"M2",22,"Calophyllum brasiliense",NA,45,NA,NA,NA,1,NA,0.571,"BIOMASS+BIEN+Zanne+TWDD+CIRAD"
"LLFS",2,"M2",23,"Calophyllum brasiliense",NA,73,207,1.327321775,1.29999945096837,NA,NA,0.571,"BIOMASS+BIEN+Zanne+TWDD+CIRAD"
"LLFS",2,"M2",24,"Calophyllum brasiliense",NA,55,78,NA,NA,NA,NA,0.571,"BIOMASS+BIEN+Zanne+TWDD+CIRAD"
"LLFS",2,"M2",25,"Calophyllum brasiliense",NA,92,148,NA,NA,NA,NA,0.571,"BIOMASS+BIEN+Zanne+TWDD+CIRAD"
"LLFS",2,"M2",26,"Calophyllum brasiliense",NA,108,206,0.950330975,1.09999953543478,NA,NA,0.571,"BIOMASS+BIEN+Zanne+TWDD+CIRAD"
"LLFS",2,"M2",27,"Calophyllum brasiliense",NA,125,186,1.1309724,1.19999949320157,NA,NA,0.571,"BIOMASS+BIEN+Zanne+TWDD+CIRAD"
"LLFS",2,"M2",28,"Calophyllum brasiliense",NA,60,168,0.7853975,0.999999577667978,1,NA,0.571,"BIOMASS+BIEN+Zanne+TWDD+CIRAD"
"LLFS",2,"M2",29,"Calophyllum brasiliense",NA,NA,NA,NA,NA,1,1,0.571,"BIOMASS+BIEN+Zanne+TWDD+CIRAD"
"LLFS",2,"M2",30,"Calophyllum brasiliense",NA,NA,NA,NA,NA,1,1,0.571,"BIOMASS+BIEN+Zanne+TWDD+CIRAD"
"LLFS",2,"M2",31,"Calophyllum brasiliense",NA,62,137,NA,NA,NA,NA,0.571,"BIOMASS+BIEN+Zanne+TWDD+CIRAD"
"LLFS",2,"M2",32,"Calophyllum brasiliense",NA,62,155,NA,NA,NA,NA,0.571,"BIOMASS+BIEN+Zanne+TWDD+CIRAD"
"LLFS",2,"M2",33,"Calophyllum brasiliense",NA,80,165,NA,NA,NA,NA,0.571,"BIOMASS+BIEN+Zanne+TWDD+CIRAD"
"LLFS",2,"M2",34,"Calophyllum brasiliense",NA,NA,NA,NA,NA,1,1,0.571,"BIOMASS+BIEN+Zanne+TWDD+CIRAD"
"LLFS",2,"M2",35,"Calophyllum brasiliense",NA,94,190,1.1309724,1.19999949320157,NA,NA,0.571,"BIOMASS+BIEN+Zanne+TWDD+CIRAD"
"LLFS",2,"M2",36,"Calophyllum brasiliense",NA,84,142,NA,NA,NA,NA,0.571,"BIOMASS+BIEN+Zanne+TWDD+CIRAD"
"LLFS",2,"M2",37,"Calophyllum brasiliense",NA,NA,NA,NA,NA,1,1,0.571,"BIOMASS+BIEN+Zanne+TWDD+CIRAD"
"LLFS",2,"M2",38,"Calophyllum brasiliense",NA,60,159,NA,NA,NA,NA,0.571,"BIOMASS+BIEN+Zanne+TWDD+CIRAD"
"LLFS",2,"M2",39,"Calophyllum brasiliense",NA,55,140,NA,NA,NA,NA,0.571,"BIOMASS+BIEN+Zanne+TWDD+CIRAD"
"LLFS",2,"M2",40,"Calophyllum brasiliense",NA,NA,NA,NA,NA,1,1,0.571,"BIOMASS+BIEN+Zanne+TWDD+CIRAD"
"LLFS",2,"M2",41,"Calophyllum brasiliense",NA,112,240,2.269798775,1.69999928203556,NA,NA,0.571,"BIOMASS+BIEN+Zanne+TWDD+CIRAD"
"LLFS",2,"M2",42,"Calophyllum brasiliense",NA,NA,NA,NA,NA,1,1,0.571,"BIOMASS+BIEN+Zanne+TWDD+CIRAD"
"LLFS",2,"M2",43,"Calophyllum brasiliense",NA,86,NA,NA,NA,1,NA,0.571,"BIOMASS+BIEN+Zanne+TWDD+CIRAD"
"LLFS",2,"M2",44,"Calophyllum brasiliense",NA,80,177,NA,NA,NA,NA,0.571,"BIOMASS+BIEN+Zanne+TWDD+CIRAD"
"LLFS",2,"M2",45,"Calophyllum brasiliense",NA,NA,NA,NA,NA,1,1,0.571,"BIOMASS+BIEN+Zanne+TWDD+CIRAD"
"LLFS",2,"M2",46,"Calophyllum brasiliense",NA,127,206,1.767144375,1.49999936650197,NA,NA,0.571,"BIOMASS+BIEN+Zanne+TWDD+CIRAD"
"LLFS",2,"M2",47,"Calophyllum brasiliense",NA,NA,NA,NA,NA,1,1,0.571,"BIOMASS+BIEN+Zanne+TWDD+CIRAD"
"LLFS",2,"M2",48,"Calophyllum brasiliense",NA,25,NA,NA,NA,1,NA,0.571,"BIOMASS+BIEN+Zanne+TWDD+CIRAD"
"LLFS",2,"M2",49,"Calophyllum brasiliense",NA,122,217,2.0106176,1.59999932426877,NA,NA,0.571,"BIOMASS+BIEN+Zanne+TWDD+CIRAD"
"LLFS",3,"M2",2,"Calophyllum brasiliense",NA,23,24,NA,NA,1,NA,0.571,"BIOMASS+BIEN+Zanne+TWDD+CIRAD"
"LLFS",3,"M2",3,"Calophyllum brasiliense",NA,118,224,2.0106176,1.59999932426877,NA,NA,0.571,"BIOMASS+BIEN+Zanne+TWDD+CIRAD"
"LLFS",3,"M2",4,"Calophyllum brasiliense",NA,120,231,2.835284975,1.89999919756916,NA,NA,0.571,"BIOMASS+BIEN+Zanne+TWDD+CIRAD"
"LLFS",3,"M2",5,"Calophyllum brasiliense",NA,82,106,NA,NA,NA,NA,0.571,"BIOMASS+BIEN+Zanne+TWDD+CIRAD"
"LLFS",3,"M2",6,"Calophyllum brasiliense",NA,85,168,NA,NA,NA,NA,0.571,"BIOMASS+BIEN+Zanne+TWDD+CIRAD"
"LLFS",3,"M2",7,"Calophyllum brasiliense",NA,39,NA,NA,NA,0,NA,0.571,"BIOMASS+BIEN+Zanne+TWDD+CIRAD"
"LLFS",3,"M2",8,"Calophyllum brasiliense",NA,157,236,2.5446879,1.79999923980236,NA,NA,0.571,"BIOMASS+BIEN+Zanne+TWDD+CIRAD"
"LLFS",3,"M2",9,"Calophyllum brasiliense",NA,22,NA,NA,NA,NA,NA,0.571,"BIOMASS+BIEN+Zanne+TWDD+CIRAD"
"LLFS",3,"M2",10,"Calophyllum brasiliense",NA,120,220,1.5393791,1.39999940873517,NA,NA,0.571,"BIOMASS+BIEN+Zanne+TWDD+CIRAD"
"LLFS",3,"M2",11,"Calophyllum brasiliense",NA,132,189,2.2619448,1.69705555812651,NA,NA,0.571,"BIOMASS+BIEN+Zanne+TWDD+CIRAD"
"LLFS",3,"M2",12,"Calophyllum brasiliense",NA,89,132,NA,NA,NA,NA,0.571,"BIOMASS+BIEN+Zanne+TWDD+CIRAD"
"LLFS",3,"M2",13,"Calophyllum brasiliense",NA,143,182,1.1309724,1.19999949320157,NA,NA,0.571,"BIOMASS+BIEN+Zanne+TWDD+CIRAD"
"LLFS",3,"M2",14,"Calophyllum brasiliense",NA,84,114,NA,NA,NA,NA,0.571,"BIOMASS+BIEN+Zanne+TWDD+CIRAD"
"LLFS",3,"M2",15,"Calophyllum brasiliense",NA,48,NA,NA,NA,NA,NA,0.571,"BIOMASS+BIEN+Zanne+TWDD+CIRAD"
"LLFS",3,"M2",16,"Calophyllum brasiliense",NA,120,160,NA,NA,NA,NA,0.571,"BIOMASS+BIEN+Zanne+TWDD+CIRAD"
"LLFS",3,"M2",17,"Calophyllum brasiliense",NA,93,150,NA,NA,NA,NA,0.571,"BIOMASS+BIEN+Zanne+TWDD+CIRAD"
"LLFS",3,"M2",18,"Calophyllum brasiliense",NA,116,173,NA,NA,NA,NA,0.571,"BIOMASS+BIEN+Zanne+TWDD+CIRAD"
"LLFS",3,"M2",19,"Calophyllum brasiliense",NA,125,210,4.72809295,2.45356779305638,NA,NA,0.571,"BIOMASS+BIEN+Zanne+TWDD+CIRAD"
"LLFS",3,"M2",20,"Calophyllum brasiliense",NA,38,90,NA,NA,1,NA,0.571,"BIOMASS+BIEN+Zanne+TWDD+CIRAD"
"LLFS",3,"M2",21,"Calophyllum brasiliense",NA,61,NA,NA,NA,NA,NA,0.571,"BIOMASS+BIEN+Zanne+TWDD+CIRAD"
"LLFS",3,"M2",22,"Calophyllum brasiliense",NA,95,180,0.7853975,0.999999577667978,NA,NA,0.571,"BIOMASS+BIEN+Zanne+TWDD+CIRAD"
"LLFS",3,"M2",23,"Calophyllum brasiliense",NA,43,85,NA,NA,1,NA,0.571,"BIOMASS+BIEN+Zanne+TWDD+CIRAD"
"LLFS",3,"M2",24,"Calophyllum brasiliense",NA,107,157,NA,NA,NA,NA,0.571,"BIOMASS+BIEN+Zanne+TWDD+CIRAD"
"LLFS",3,"M2",25,"Calophyllum brasiliense",NA,91,212,1.327321775,1.29999945096837,NA,NA,0.571,"BIOMASS+BIEN+Zanne+TWDD+CIRAD"
"LLFS",3,"M2",26,"Calophyllum brasiliense",NA,29,88,NA,NA,1,NA,0.571,"BIOMASS+BIEN+Zanne+TWDD+CIRAD"
"LLFS",3,"M2",27,"Calophyllum brasiliense",NA,107,208,4.9951281,2.52190297750287,NA,NA,0.571,"BIOMASS+BIEN+Zanne+TWDD+CIRAD"
"LLFS",3,"M2",28,"Calophyllum brasiliense",NA,100,NA,NA,NA,NA,NA,0.571,"BIOMASS+BIEN+Zanne+TWDD+CIRAD"
"LLFS",3,"M2",29,"Calophyllum brasiliense",NA,51,117,NA,NA,1,NA,0.571,"BIOMASS+BIEN+Zanne+TWDD+CIRAD"
"LLFS",3,"M2",30,"Calophyllum brasiliense",NA,113,196,1.5393791,1.39999940873517,NA,NA,0.571,"BIOMASS+BIEN+Zanne+TWDD+CIRAD"
"LLFS",3,"M2",31,"Calophyllum brasiliense",NA,113,182,NA,NA,NA,NA,0.571,"BIOMASS+BIEN+Zanne+TWDD+CIRAD"
"LLFS",3,"M2",32,"Calophyllum brasiliense",NA,95,142,NA,NA,NA,NA,0.571,"BIOMASS+BIEN+Zanne+TWDD+CIRAD"
"LLFS",3,"M2",33,"Calophyllum brasiliense",NA,100,163,NA,NA,NA,NA,0.571,"BIOMASS+BIEN+Zanne+TWDD+CIRAD"
"LLFS",3,"M2",34,"Calophyllum brasiliense",NA,92,156,NA,NA,NA,NA,0.571,"BIOMASS+BIEN+Zanne+TWDD+CIRAD"
"LLFS",3,"M2",35,"Calophyllum brasiliense",NA,32,NA,NA,NA,NA,NA,0.571,"BIOMASS+BIEN+Zanne+TWDD+CIRAD"
"LLFS",3,"M2",36,"Calophyllum brasiliense",NA,118,209,NA,NA,NA,NA,0.571,"BIOMASS+BIEN+Zanne+TWDD+CIRAD"
"LLFS",3,"M2",37,"Calophyllum brasiliense",NA,116,104,NA,NA,NA,NA,0.571,"BIOMASS+BIEN+Zanne+TWDD+CIRAD"
"LLFS",3,"M2",38,"Calophyllum brasiliense",NA,86,152,NA,NA,NA,NA,0.571,"BIOMASS+BIEN+Zanne+TWDD+CIRAD"
"LLFS",3,"M2",39,"Calophyllum brasiliense",NA,78,166,NA,NA,NA,NA,0.571,"BIOMASS+BIEN+Zanne+TWDD+CIRAD"
"LLFS",3,"M2",40,"Calophyllum brasiliense",NA,75,155,NA,NA,NA,NA,0.571,"BIOMASS+BIEN+Zanne+TWDD+CIRAD"
"LLFS",3,"M2",41,"Calophyllum brasiliense",NA,83,NA,NA,NA,NA,NA,0.571,"BIOMASS+BIEN+Zanne+TWDD+CIRAD"
"LLFS",3,"M2",42,"Calophyllum brasiliense",NA,35,143,NA,NA,1,NA,0.571,"BIOMASS+BIEN+Zanne+TWDD+CIRAD"
"LLFS",3,"M2",43,"Calophyllum brasiliense",NA,48,137,NA,NA,NA,NA,0.571,"BIOMASS+BIEN+Zanne+TWDD+CIRAD"
"LLFS",3,"M2",44,"Calophyllum brasiliense",NA,64,NA,NA,NA,NA,NA,0.571,"BIOMASS+BIEN+Zanne+TWDD+CIRAD"
"LLFS",3,"M2",45,"Calophyllum brasiliense",NA,114,186,0.7853975,0.999999577667978,NA,NA,0.571,"BIOMASS+BIEN+Zanne+TWDD+CIRAD"
"LLFS",3,"M2",46,"Calophyllum brasiliense",NA,56,145,NA,NA,1,NA,0.571,"BIOMASS+BIEN+Zanne+TWDD+CIRAD"
"LLFS",3,"M2",47,"Calophyllum brasiliense",NA,110,191,0.7853975,0.999999577667978,NA,NA,0.571,"BIOMASS+BIEN+Zanne+TWDD+CIRAD"
"LLFS",3,"M2",48,"Calophyllum brasiliense",NA,78,164,NA,NA,NA,NA,0.571,"BIOMASS+BIEN+Zanne+TWDD+CIRAD"
"LLFS",3,"M2",49,"Calophyllum brasiliense",NA,90,171,NA,NA,NA,NA,0.571,"BIOMASS+BIEN+Zanne+TWDD+CIRAD"
"LLFS",4,"M2",2,"Calophyllum brasiliense",NA,151,208,NA,NA,NA,NA,0.571,"BIOMASS+BIEN+Zanne+TWDD+CIRAD"
"LLFS",4,"M2",3,"Calophyllum brasiliense",NA,120,168,NA,NA,NA,NA,0.571,"BIOMASS+BIEN+Zanne+TWDD+CIRAD"
"LLFS",4,"M2",4,"Calophyllum brasiliense",NA,90,135,NA,NA,NA,NA,0.571,"BIOMASS+BIEN+Zanne+TWDD+CIRAD"
"LLFS",4,"M2",5,"Calophyllum brasiliense",NA,120,217,1.5393791,1.39999940873517,NA,NA,0.571,"BIOMASS+BIEN+Zanne+TWDD+CIRAD"
"LLFS",4,"M2",6,"Calophyllum brasiliense",NA,147,221,2.269798775,1.69999928203556,NA,NA,0.571,"BIOMASS+BIEN+Zanne+TWDD+CIRAD"
"LLFS",4,"M2",7,"Calophyllum brasiliense",NA,32,77,NA,NA,1,NA,0.571,"BIOMASS+BIEN+Zanne+TWDD+CIRAD"
"LLFS",4,"M2",8,"Calophyllum brasiliense",NA,147,204,1.327321775,1.29999945096837,NA,NA,0.571,"BIOMASS+BIEN+Zanne+TWDD+CIRAD"
"LLFS",4,"M2",9,"Calophyllum brasiliense",NA,128,172,1.327321775,1.29999945096837,NA,NA,0.571,"BIOMASS+BIEN+Zanne+TWDD+CIRAD"
"LLFS",4,"M2",10,"Calophyllum brasiliense",NA,58,157,NA,NA,NA,NA,0.571,"BIOMASS+BIEN+Zanne+TWDD+CIRAD"
"LLFS",4,"M2",11,"Calophyllum brasiliense",NA,18,NA,NA,NA,1,NA,0.571,"BIOMASS+BIEN+Zanne+TWDD+CIRAD"
"LLFS",4,"M2",12,"Calophyllum brasiliense",NA,153,248,2.269798775,1.69999928203556,NA,NA,0.571,"BIOMASS+BIEN+Zanne+TWDD+CIRAD"
"LLFS",4,"M2",13,"Calophyllum brasiliense",NA,172,225,2.0106176,1.59999932426877,NA,NA,0.571,"BIOMASS+BIEN+Zanne+TWDD+CIRAD"
"LLFS",4,"M2",14,"Calophyllum brasiliense",NA,132,221,2.269798775,1.69999928203556,NA,NA,0.571,"BIOMASS+BIEN+Zanne+TWDD+CIRAD"
"LLFS",4,"M2",15,"Calophyllum brasiliense",NA,132,182,0.950330975,1.09999953543478,NA,NA,0.571,"BIOMASS+BIEN+Zanne+TWDD+CIRAD"
"LLFS",4,"M2",16,"Calophyllum brasiliense",NA,69,111,NA,NA,NA,NA,0.571,"BIOMASS+BIEN+Zanne+TWDD+CIRAD"
"LLFS",4,"M2",17,"Calophyllum brasiliense",NA,97,227,1.327321775,1.29999945096837,NA,NA,0.571,"BIOMASS+BIEN+Zanne+TWDD+CIRAD"
"LLFS",4,"M2",18,"Calophyllum brasiliense",NA,72,181,1.1309724,1.19999949320157,NA,NA,0.571,"BIOMASS+BIEN+Zanne+TWDD+CIRAD"
"LLFS",4,"M2",19,"Calophyllum brasiliense",NA,90,236,1.327321775,1.29999945096837,NA,NA,0.571,"BIOMASS+BIEN+Zanne+TWDD+CIRAD"
"LLFS",4,"M2",20,"Calophyllum brasiliense",NA,100,131,NA,NA,NA,NA,0.571,"BIOMASS+BIEN+Zanne+TWDD+CIRAD"
"LLFS",4,"M2",21,"Calophyllum brasiliense",NA,90,167,NA,NA,NA,NA,0.571,"BIOMASS+BIEN+Zanne+TWDD+CIRAD"
"LLFS",4,"M2",22,"Calophyllum brasiliense",NA,106,217,1.767144375,1.49999936650197,NA,NA,0.571,"BIOMASS+BIEN+Zanne+TWDD+CIRAD"
"LLFS",4,"M2",23,"Calophyllum brasiliense",NA,23,79,NA,NA,1,NA,0.571,"BIOMASS+BIEN+Zanne+TWDD+CIRAD"
"LLFS",4,"M2",24,"Calophyllum brasiliense",NA,77,151,NA,NA,NA,NA,0.571,"BIOMASS+BIEN+Zanne+TWDD+CIRAD"
"LLFS",4,"M2",25,"Calophyllum brasiliense",NA,126,194,0.950330975,1.09999953543478,NA,NA,0.571,"BIOMASS+BIEN+Zanne+TWDD+CIRAD"
"LLFS",4,"M2",26,"Calophyllum brasiliense",NA,NA,NA,NA,NA,NA,1,0.571,"BIOMASS+BIEN+Zanne+TWDD+CIRAD"
"LLFS",4,"M2",27,"Calophyllum brasiliense",NA,86,171,0.7853975,0.999999577667978,NA,NA,0.571,"BIOMASS+BIEN+Zanne+TWDD+CIRAD"
"LLFS",4,"M2",28,"Calophyllum brasiliense",NA,164,185,1.327321775,1.29999945096837,NA,NA,0.571,"BIOMASS+BIEN+Zanne+TWDD+CIRAD"
"LLFS",4,"M2",29,"Calophyllum brasiliense",NA,96,146,NA,NA,NA,NA,0.571,"BIOMASS+BIEN+Zanne+TWDD+CIRAD"
"LLFS",4,"M2",30,"Calophyllum brasiliense",NA,48,127,NA,NA,NA,NA,0.571,"BIOMASS+BIEN+Zanne+TWDD+CIRAD"
"LLFS",4,"M2",31,"Calophyllum brasiliense",NA,24,NA,NA,NA,1,NA,0.571,"BIOMASS+BIEN+Zanne+TWDD+CIRAD"
"LLFS",4,"M2",32,"Calophyllum brasiliense",NA,48,NA,NA,NA,NA,NA,0.571,"BIOMASS+BIEN+Zanne+TWDD+CIRAD"
"LLFS",4,"M2",33,"Calophyllum brasiliense",NA,147,220,3.3300854,2.05912515856254,NA,NA,0.571,"BIOMASS+BIEN+Zanne+TWDD+CIRAD"
"LLFS",4,"M2",34,"Calophyllum brasiliense",NA,103,191,NA,NA,NA,NA,0.571,"BIOMASS+BIEN+Zanne+TWDD+CIRAD"
"LLFS",4,"M2",35,"Calophyllum brasiliense",NA,54,119,NA,NA,NA,NA,0.571,"BIOMASS+BIEN+Zanne+TWDD+CIRAD"
"LLFS",4,"M2",36,"Calophyllum brasiliense",NA,136,196,2.269798775,1.69999928203556,NA,NA,0.571,"BIOMASS+BIEN+Zanne+TWDD+CIRAD"
"LLFS",4,"M2",37,"Calophyllum brasiliense",NA,147,278,4.594575375,2.41867630300468,NA,NA,0.571,"BIOMASS+BIEN+Zanne+TWDD+CIRAD"
"LLFS",4,"M2",38,"Calophyllum brasiliense",NA,118,197,0.7853975,0.999999577667978,NA,NA,0.571,"BIOMASS+BIEN+Zanne+TWDD+CIRAD"
"LLFS",4,"M2",39,"Calophyllum brasiliense",NA,95,235,1.327321775,1.29999945096837,NA,NA,0.571,"BIOMASS+BIEN+Zanne+TWDD+CIRAD"
"LLFS",4,"M2",40,"Calophyllum brasiliense",NA,133,253,2.5446879,1.79999923980236,NA,NA,0.571,"BIOMASS+BIEN+Zanne+TWDD+CIRAD"
"LLFS",4,"M2",41,"Calophyllum brasiliense",NA,98,208,0.950330975,1.09999953543478,NA,NA,0.571,"BIOMASS+BIEN+Zanne+TWDD+CIRAD"
"LLFS",4,"M2",42,"Calophyllum brasiliense",NA,86,138,NA,NA,NA,NA,0.571,"BIOMASS+BIEN+Zanne+TWDD+CIRAD"
"LLFS",4,"M2",43,"Calophyllum brasiliense",NA,161,264,2.5446879,1.79999923980236,NA,NA,0.571,"BIOMASS+BIEN+Zanne+TWDD+CIRAD"
"LLFS",4,"M2",44,"Calophyllum brasiliense",NA,NA,NA,NA,NA,NA,1,0.571,"BIOMASS+BIEN+Zanne+TWDD+CIRAD"
"LLFS",4,"M2",45,"Calophyllum brasiliense",NA,142,250,1.5393791,1.39999940873517,NA,NA,0.571,"BIOMASS+BIEN+Zanne+TWDD+CIRAD"
"LLFS",4,"M2",46,"Calophyllum brasiliense",NA,129,194,0.950330975,1.09999953543478,NA,NA,0.571,"BIOMASS+BIEN+Zanne+TWDD+CIRAD"
"LLFS",4,"M2",47,"Calophyllum brasiliense",NA,55,165,1.1309724,1.19999949320157,NA,NA,0.571,"BIOMASS+BIEN+Zanne+TWDD+CIRAD"
"LLFS",4,"M2",48,"Calophyllum brasiliense",NA,126,193,1.327321775,1.29999945096837,NA,NA,0.571,"BIOMASS+BIEN+Zanne+TWDD+CIRAD"
"LLFS",4,"M2",49,"Calophyllum brasiliense",NA,114,180,1.1309724,1.19999949320157,NA,NA,0.571,"BIOMASS+BIEN+Zanne+TWDD+CIRAD"
"LLFS",5,"M2",2,"Calophyllum brasiliense",NA,145,197,1.767144375,1.49999936650197,NA,NA,0.571,"BIOMASS+BIEN+Zanne+TWDD+CIRAD"
"LLFS",5,"M2",3,"Calophyllum brasiliense",NA,NA,NA,NA,NA,1,1,0.571,"BIOMASS+BIEN+Zanne+TWDD+CIRAD"
"LLFS",5,"M2",4,"Calophyllum brasiliense",NA,100,223,3.09446615,1.98494248582279,NA,NA,0.571,"BIOMASS+BIEN+Zanne+TWDD+CIRAD"
"LLFS",5,"M2",5,"Calophyllum brasiliense",NA,118,212,1.1309724,1.19999949320157,NA,NA,0.571,"BIOMASS+BIEN+Zanne+TWDD+CIRAD"
"LLFS",5,"M2",6,"Calophyllum brasiliense",NA,NA,NA,NA,NA,1,1,0.571,"BIOMASS+BIEN+Zanne+TWDD+CIRAD"
"LLFS",5,"M2",7,"Calophyllum brasiliense",NA,97,141,NA,NA,NA,NA,0.571,"BIOMASS+BIEN+Zanne+TWDD+CIRAD"
"LLFS",5,"M2",8,"Calophyllum brasiliense",NA,84,239,1.767144375,1.49999936650197,NA,NA,0.571,"BIOMASS+BIEN+Zanne+TWDD+CIRAD"
"LLFS",5,"M2",9,"Calophyllum brasiliense",NA,99,173,0.950330975,1.09999953543478,NA,NA,0.571,"BIOMASS+BIEN+Zanne+TWDD+CIRAD"
"LLFS",5,"M2",10,"Calophyllum brasiliense",NA,100,159,NA,NA,NA,NA,0.571,"BIOMASS+BIEN+Zanne+TWDD+CIRAD"
"LLFS",5,"M2",11,"Calophyllum brasiliense",NA,96,130,NA,NA,NA,NA,0.571,"BIOMASS+BIEN+Zanne+TWDD+CIRAD"
"LLFS",5,"M2",12,"Calophyllum brasiliense",NA,142,247,4.5238896,2.39999898640315,NA,NA,0.571,"BIOMASS+BIEN+Zanne+TWDD+CIRAD"
"LLFS",5,"M2",13,"Calophyllum brasiliense",NA,108,204,1.327321775,1.29999945096837,NA,NA,0.571,"BIOMASS+BIEN+Zanne+TWDD+CIRAD"
"LLFS",5,"M2",14,"Calophyllum brasiliense",NA,11,150,NA,NA,NA,NA,0.571,"BIOMASS+BIEN+Zanne+TWDD+CIRAD"
"LLFS",5,"M2",15,"Calophyllum brasiliense",NA,NA,NA,NA,NA,NA,1,0.571,"BIOMASS+BIEN+Zanne+TWDD+CIRAD"
"LLFS",5,"M2",16,"Calophyllum brasiliense",NA,111,NA,NA,NA,NA,NA,0.571,"BIOMASS+BIEN+Zanne+TWDD+CIRAD"
"LLFS",5,"M2",17,"Calophyllum brasiliense",NA,98,132,NA,NA,NA,NA,0.571,"BIOMASS+BIEN+Zanne+TWDD+CIRAD"
"LLFS",5,"M2",18,"Calophyllum brasiliense",NA,103,80,NA,NA,NA,NA,0.571,"BIOMASS+BIEN+Zanne+TWDD+CIRAD"
"LLFS",5,"M2",19,"Calophyllum brasiliense",NA,12,78,NA,NA,NA,NA,0.571,"BIOMASS+BIEN+Zanne+TWDD+CIRAD"
"LLFS",5,"M2",20,"Calophyllum brasiliense",NA,123,85,NA,NA,NA,NA,0.571,"BIOMASS+BIEN+Zanne+TWDD+CIRAD"
"LLFS",5,"M2",21,"Calophyllum brasiliense",NA,137,164,NA,NA,NA,NA,0.571,"BIOMASS+BIEN+Zanne+TWDD+CIRAD"
"LLFS",5,"M2",22,"Calophyllum brasiliense",NA,134,NA,NA,NA,NA,NA,0.571,"BIOMASS+BIEN+Zanne+TWDD+CIRAD"
"LLFS",5,"M2",23,"Calophyllum brasiliense",NA,132,204,1.5393791,1.39999940873517,NA,NA,0.571,"BIOMASS+BIEN+Zanne+TWDD+CIRAD"
"LLFS",5,"M2",24,"Calophyllum brasiliense",NA,117,158,NA,NA,NA,NA,0.571,"BIOMASS+BIEN+Zanne+TWDD+CIRAD"
"LLFS",5,"M2",25,"Calophyllum brasiliense",NA,126,244,2.0106176,1.59999932426877,NA,NA,0.571,"BIOMASS+BIEN+Zanne+TWDD+CIRAD"
"LLFS",5,"M2",26,"Calophyllum brasiliense",NA,95,171,NA,NA,NA,NA,0.571,"BIOMASS+BIEN+Zanne+TWDD+CIRAD"
"LLFS",5,"M2",27,"Calophyllum brasiliense",NA,NA,NA,NA,NA,1,1,0.571,"BIOMASS+BIEN+Zanne+TWDD+CIRAD"
"LLFS",5,"M2",28,"Calophyllum brasiliense",NA,151,224,4.594575375,2.41867630300468,NA,NA,0.571,"BIOMASS+BIEN+Zanne+TWDD+CIRAD"
"LLFS",5,"M2",29,"Calophyllum brasiliense",NA,112,150,NA,NA,NA,NA,0.571,"BIOMASS+BIEN+Zanne+TWDD+CIRAD"
"LLFS",5,"M2",30,"Calophyllum brasiliense",NA,NA,NA,NA,NA,NA,1,0.571,"BIOMASS+BIEN+Zanne+TWDD+CIRAD"
"LLFS",5,"M2",31,"Calophyllum brasiliense",NA,138,198,1.327321775,1.29999945096837,NA,NA,0.571,"BIOMASS+BIEN+Zanne+TWDD+CIRAD"
"LLFS",5,"M2",32,"Calophyllum brasiliense",NA,137,225,2.0106176,1.59999932426877,NA,NA,0.571,"BIOMASS+BIEN+Zanne+TWDD+CIRAD"
"LLFS",5,"M2",33,"Calophyllum brasiliense",NA,15,258,4.6809691,2.44131009210288,NA,NA,0.571,"BIOMASS+BIEN+Zanne+TWDD+CIRAD"
"LLFS",5,"M2",34,"Calophyllum brasiliense",NA,115,203,0.950330975,1.09999953543478,NA,NA,0.571,"BIOMASS+BIEN+Zanne+TWDD+CIRAD"
"LLFS",5,"M2",35,"Calophyllum brasiliense",NA,119,204,2.458294175,1.76917985411379,NA,NA,0.571,"BIOMASS+BIEN+Zanne+TWDD+CIRAD"
"LLFS",5,"M2",36,"Calophyllum brasiliense",NA,123,196,0.950330975,1.09999953543478,NA,NA,0.571,"BIOMASS+BIEN+Zanne+TWDD+CIRAD"
"LLFS",5,"M2",37,"Calophyllum brasiliense",NA,14,237,1.1309724,1.19999949320157,NA,NA,0.571,"BIOMASS+BIEN+Zanne+TWDD+CIRAD"
"LLFS",5,"M2",38,"Calophyllum brasiliense",NA,127,210,2.269798775,1.69999928203556,NA,NA,0.571,"BIOMASS+BIEN+Zanne+TWDD+CIRAD"
"LLFS",5,"M2",39,"Calophyllum brasiliense",NA,97,171,0.7853975,0.999999577667978,NA,NA,0.571,"BIOMASS+BIEN+Zanne+TWDD+CIRAD"
"LLFS",5,"M2",40,"Calophyllum brasiliense",NA,116,187,1.5393791,1.39999940873517,NA,NA,0.571,"BIOMASS+BIEN+Zanne+TWDD+CIRAD"
"LLFS",5,"M2",41,"Calophyllum brasiliense",NA,NA,NA,NA,NA,1,1,0.571,"BIOMASS+BIEN+Zanne+TWDD+CIRAD"
"LLFS",5,"M2",42,"Calophyllum brasiliense",NA,151,204,1.327321775,1.29999945096837,NA,NA,0.571,"BIOMASS+BIEN+Zanne+TWDD+CIRAD"
"LLFS",5,"M2",43,"Calophyllum brasiliense",NA,NA,NA,NA,NA,NA,1,0.571,"BIOMASS+BIEN+Zanne+TWDD+CIRAD"
"LLFS",5,"M2",44,"Calophyllum brasiliense",NA,13,207,1.327321775,1.29999945096837,NA,NA,0.571,"BIOMASS+BIEN+Zanne+TWDD+CIRAD"
"LLFS",5,"M2",45,"Calophyllum brasiliense",NA,116,182,0.7853975,0.999999577667978,NA,NA,0.571,"BIOMASS+BIEN+Zanne+TWDD+CIRAD"
"LLFS",5,"M2",46,"Calophyllum brasiliense",NA,NA,NA,NA,NA,1,1,0.571,"BIOMASS+BIEN+Zanne+TWDD+CIRAD"
"LLFS",5,"M2",47,"Calophyllum brasiliense",NA,63,92,NA,NA,NA,NA,0.571,"BIOMASS+BIEN+Zanne+TWDD+CIRAD"
"LLFS",5,"M2",48,"Calophyllum brasiliense",NA,121,154,NA,NA,NA,NA,0.571,"BIOMASS+BIEN+Zanne+TWDD+CIRAD"
"LLFS",5,"M2",49,"Calophyllum brasiliense",NA,NA,NA,NA,NA,1,1,0.571,"BIOMASS+BIEN+Zanne+TWDD+CIRAD"
"LLFS",6,"M2",2,"Calophyllum brasiliense",NA,68,NA,NA,NA,NA,NA,0.571,"BIOMASS+BIEN+Zanne+TWDD+CIRAD"
"LLFS",6,"M2",3,"Calophyllum brasiliense",NA,123,235,0.950330975,1.09999953543478,NA,NA,0.571,"BIOMASS+BIEN+Zanne+TWDD+CIRAD"
"LLFS",6,"M2",4,"Calophyllum brasiliense",NA,112,168,0.7853975,0.999999577667978,NA,NA,0.571,"BIOMASS+BIEN+Zanne+TWDD+CIRAD"
"LLFS",6,"M2",5,"Calophyllum brasiliense",NA,138,255,1.327321775,1.29999945096837,NA,NA,0.571,"BIOMASS+BIEN+Zanne+TWDD+CIRAD"
"LLFS",6,"M2",6,"Calophyllum brasiliense",NA,103,215,NA,NA,NA,NA,0.571,"BIOMASS+BIEN+Zanne+TWDD+CIRAD"
"LLFS",6,"M2",7,"Calophyllum brasiliense",NA,106,205,NA,NA,NA,NA,0.571,"BIOMASS+BIEN+Zanne+TWDD+CIRAD"
"LLFS",6,"M2",8,"Calophyllum brasiliense",NA,106,228,0.950330975,1.09999953543478,NA,NA,0.571,"BIOMASS+BIEN+Zanne+TWDD+CIRAD"
"LLFS",6,"M2",9,"Calophyllum brasiliense",NA,104,211,0.7853975,0.999999577667978,NA,NA,0.571,"BIOMASS+BIEN+Zanne+TWDD+CIRAD"
"LLFS",6,"M2",10,"Calophyllum brasiliense",NA,132,254,2.835284975,1.89999919756916,NA,NA,0.571,"BIOMASS+BIEN+Zanne+TWDD+CIRAD"
"LLFS",6,"M2",11,"Calophyllum brasiliense",NA,103,268,1.5393791,1.39999940873517,NA,NA,0.571,"BIOMASS+BIEN+Zanne+TWDD+CIRAD"
"LLFS",6,"M2",12,"Calophyllum brasiliense",NA,117,210,NA,NA,NA,NA,0.571,"BIOMASS+BIEN+Zanne+TWDD+CIRAD"
"LLFS",6,"M2",13,"Calophyllum brasiliense",NA,58,130,NA,NA,NA,NA,0.571,"BIOMASS+BIEN+Zanne+TWDD+CIRAD"
"LLFS",6,"M2",14,"Calophyllum brasiliense",NA,137,250,1.5393791,1.39999940873517,NA,NA,0.571,"BIOMASS+BIEN+Zanne+TWDD+CIRAD"
"LLFS",6,"M2",15,"Calophyllum brasiliense",NA,100,218,NA,NA,NA,NA,0.571,"BIOMASS+BIEN+Zanne+TWDD+CIRAD"
"LLFS",6,"M2",16,"Calophyllum brasiliense",NA,111,218,NA,NA,NA,NA,0.571,"BIOMASS+BIEN+Zanne+TWDD+CIRAD"
"LLFS",6,"M2",17,"Calophyllum brasiliense",NA,144,225,NA,NA,NA,NA,0.571,"BIOMASS+BIEN+Zanne+TWDD+CIRAD"
"LLFS",6,"M2",18,"Calophyllum brasiliense",NA,87,173,NA,NA,NA,NA,0.571,"BIOMASS+BIEN+Zanne+TWDD+CIRAD"
"LLFS",6,"M2",19,"Calophyllum brasiliense",NA,141,206,NA,NA,NA,NA,0.571,"BIOMASS+BIEN+Zanne+TWDD+CIRAD"
"LLFS",6,"M2",20,"Calophyllum brasiliense",NA,103,148,NA,NA,NA,NA,0.571,"BIOMASS+BIEN+Zanne+TWDD+CIRAD"
"LLFS",6,"M2",21,"Calophyllum brasiliense",NA,73,180,NA,NA,NA,NA,0.571,"BIOMASS+BIEN+Zanne+TWDD+CIRAD"
"LLFS",6,"M2",22,"Calophyllum brasiliense",NA,66,192,NA,NA,NA,NA,0.571,"BIOMASS+BIEN+Zanne+TWDD+CIRAD"
"LLFS",6,"M2",23,"Calophyllum brasiliense",NA,53,92,NA,NA,NA,NA,0.571,"BIOMASS+BIEN+Zanne+TWDD+CIRAD"
"LLFS",6,"M2",24,"Calophyllum brasiliense",NA,125,262,1.327321775,1.29999945096837,NA,NA,0.571,"BIOMASS+BIEN+Zanne+TWDD+CIRAD"
"LLFS",6,"M2",25,"Calophyllum brasiliense",NA,136,208,0.950330975,1.09999953543478,NA,NA,0.571,"BIOMASS+BIEN+Zanne+TWDD+CIRAD"
"LLFS",6,"M2",26,"Calophyllum brasiliense",NA,73,115,NA,NA,NA,NA,0.571,"BIOMASS+BIEN+Zanne+TWDD+CIRAD"
"LLFS",6,"M2",27,"Calophyllum brasiliense",NA,92,188,0.950330975,1.09999953543478,NA,NA,0.571,"BIOMASS+BIEN+Zanne+TWDD+CIRAD"
"LLFS",6,"M2",28,"Calophyllum brasiliense",NA,109,190,NA,NA,NA,NA,0.571,"BIOMASS+BIEN+Zanne+TWDD+CIRAD"
"LLFS",6,"M2",29,"Calophyllum brasiliense",NA,48,85,NA,NA,1,NA,0.571,"BIOMASS+BIEN+Zanne+TWDD+CIRAD"
"LLFS",6,"M2",30,"Calophyllum brasiliense",NA,109,165,NA,NA,NA,NA,0.571,"BIOMASS+BIEN+Zanne+TWDD+CIRAD"
"LLFS",6,"M2",31,"Calophyllum brasiliense",NA,106,NA,NA,NA,NA,NA,0.571,"BIOMASS+BIEN+Zanne+TWDD+CIRAD"
"LLFS",6,"M2",32,"Calophyllum brasiliense",NA,72,136,NA,NA,NA,NA,0.571,"BIOMASS+BIEN+Zanne+TWDD+CIRAD"
"LLFS",6,"M2",33,"Calophyllum brasiliense",NA,82,145,NA,NA,NA,NA,0.571,"BIOMASS+BIEN+Zanne+TWDD+CIRAD"
"LLFS",6,"M2",34,"Calophyllum brasiliense",NA,76,131,NA,NA,NA,NA,0.571,"BIOMASS+BIEN+Zanne+TWDD+CIRAD"
"LLFS",6,"M2",35,"Calophyllum brasiliense",NA,124,177,NA,NA,NA,NA,0.571,"BIOMASS+BIEN+Zanne+TWDD+CIRAD"
"LLFS",6,"M2",36,"Calophyllum brasiliense",NA,98,250,2.5446879,1.79999923980236,NA,NA,0.571,"BIOMASS+BIEN+Zanne+TWDD+CIRAD"
"LLFS",6,"M2",37,"Calophyllum brasiliense",NA,40,203,NA,NA,NA,NA,0.571,"BIOMASS+BIEN+Zanne+TWDD+CIRAD"
"LLFS",6,"M2",38,"Calophyllum brasiliense",NA,150,195,NA,NA,NA,NA,0.571,"BIOMASS+BIEN+Zanne+TWDD+CIRAD"
"LLFS",6,"M2",39,"Calophyllum brasiliense",NA,46,NA,NA,NA,NA,NA,0.571,"BIOMASS+BIEN+Zanne+TWDD+CIRAD"
"LLFS",6,"M2",40,"Calophyllum brasiliense",NA,92,185,NA,NA,NA,NA,0.571,"BIOMASS+BIEN+Zanne+TWDD+CIRAD"
"LLFS",6,"M2",41,"Calophyllum brasiliense",NA,90,NA,NA,NA,NA,NA,0.571,"BIOMASS+BIEN+Zanne+TWDD+CIRAD"
"LLFS",6,"M2",42,"Calophyllum brasiliense",NA,136,115,NA,NA,NA,NA,0.571,"BIOMASS+BIEN+Zanne+TWDD+CIRAD"
"LLFS",6,"M2",43,"Calophyllum brasiliense",NA,111,202,NA,NA,NA,NA,0.571,"BIOMASS+BIEN+Zanne+TWDD+CIRAD"
"LLFS",6,"M2",44,"Calophyllum brasiliense",NA,112,225,0.950330975,1.09999953543478,NA,NA,0.571,"BIOMASS+BIEN+Zanne+TWDD+CIRAD"
"LLFS",6,"M2",45,"Calophyllum brasiliense",NA,117,122,NA,NA,NA,NA,0.571,"BIOMASS+BIEN+Zanne+TWDD+CIRAD"
"LLFS",6,"M2",46,"Calophyllum brasiliense",NA,80,125,NA,NA,NA,NA,0.571,"BIOMASS+BIEN+Zanne+TWDD+CIRAD"
"LLFS",6,"M2",47,"Calophyllum brasiliense",NA,120,225,NA,NA,NA,NA,0.571,"BIOMASS+BIEN+Zanne+TWDD+CIRAD"
"LLFS",6,"M2",48,"Calophyllum brasiliense",NA,145,248,2.7960151,1.88679542955686,NA,NA,0.571,"BIOMASS+BIEN+Zanne+TWDD+CIRAD"
"LLFS",6,"M2",49,"Calophyllum brasiliense",NA,92,145,NA,NA,NA,NA,0.571,"BIOMASS+BIEN+Zanne+TWDD+CIRAD"
"LLFS",1,"2SP",2,"Inga edulis",NA,14,405,45.733696425,7.63085518243028,NA,NA,0.58,"BIOMASS+BIEN+Zanne"
"LLFS",1,"2SP",3,"Calophyllum brasiliense",NA,51,55,NA,NA,NA,NA,0.571,"BIOMASS+BIEN+Zanne+TWDD+CIRAD"
"LLFS",1,"2SP",4,"Inga edulis",NA,69,241,10.500764575,3.65649951549896,NA,NA,0.58,"BIOMASS+BIEN+Zanne"
"LLFS",1,"2SP",5,"Calophyllum brasiliense",NA,69,NA,NA,NA,NA,NA,0.571,"BIOMASS+BIEN+Zanne+TWDD+CIRAD"
"LLFS",1,"2SP",6,"Inga edulis",NA,56,285,8.820013925,3.35111780073825,NA,NA,0.58,"BIOMASS+BIEN+Zanne"
"LLFS",1,"2SP",7,"Calophyllum brasiliense",NA,98,60,NA,NA,NA,NA,0.571,"BIOMASS+BIEN+Zanne+TWDD+CIRAD"
"LLFS",1,"2SP",8,"Inga edulis",NA,162,464,92.197812525,10.8346620087988,NA,NA,0.58,"BIOMASS+BIEN+Zanne"
"LLFS",1,"2SP",9,"Calophyllum brasiliense",NA,104,180,NA,NA,NA,NA,0.571,"BIOMASS+BIEN+Zanne+TWDD+CIRAD"
"LLFS",1,"2SP",10,"Inga edulis",NA,140,410,47.791437875,7.80063770484207,NA,NA,0.58,"BIOMASS+BIEN+Zanne"
"LLFS",1,"2SP",11,"Calophyllum brasiliense",NA,90,138,NA,NA,NA,NA,0.571,"BIOMASS+BIEN+Zanne+TWDD+CIRAD"
"LLFS",1,"2SP",12,"Inga edulis",NA,217,485,110.9295429,11.8844385942154,NA,NA,0.58,"BIOMASS+BIEN+Zanne"
"LLFS",1,"2SP",13,"Calophyllum brasiliense",NA,73,NA,NA,NA,NA,NA,0.571,"BIOMASS+BIEN+Zanne+TWDD+CIRAD"
"LLFS",1,"2SP",14,"Inga edulis",NA,228,530,159.490670325,14.2502571371224,NA,NA,0.58,"BIOMASS+BIEN+Zanne"
"LLFS",1,"2SP",15,"Calophyllum brasiliense",NA,75,NA,NA,NA,NA,NA,0.571,"BIOMASS+BIEN+Zanne+TWDD+CIRAD"
"LLFS",1,"2SP",16,"Inga edulis",NA,123,415,60.546293275,8.78008740758671,NA,NA,0.58,"BIOMASS+BIEN+Zanne"
"LLFS",1,"2SP",17,"Calophyllum brasiliense",NA,119,222,NA,NA,NA,NA,0.571,"BIOMASS+BIEN+Zanne+TWDD+CIRAD"
"LLFS",1,"2SP",18,"Inga edulis",NA,170,552,104.182978375,11.5173733097151,NA,NA,0.58,"BIOMASS+BIEN+Zanne"
"LLFS",1,"2SP",19,"Calophyllum brasiliense",NA,47,NA,NA,NA,NA,NA,0.571,"BIOMASS+BIEN+Zanne+TWDD+CIRAD"
"LLFS",1,"2SP",20,"Inga edulis",NA,211,527,132.99921265,13.0130648566977,NA,NA,0.58,"BIOMASS+BIEN+Zanne"
"LLFS",1,"2SP",21,"Calophyllum brasiliense",NA,57,NA,NA,NA,NA,NA,0.571,"BIOMASS+BIEN+Zanne+TWDD+CIRAD"
"LLFS",1,"2SP",22,"Inga edulis",NA,85,338,40.769984225,7.20485642837515,NA,NA,0.58,"BIOMASS+BIEN+Zanne"
"LLFS",1,"2SP",23,"Calophyllum brasiliense",NA,60,55,NA,NA,NA,NA,0.571,"BIOMASS+BIEN+Zanne+TWDD+CIRAD"
"LLFS",1,"2SP",24,"Inga edulis",NA,130,460,54.938555125,8.36360812782155,NA,NA,0.58,"BIOMASS+BIEN+Zanne"
"LLFS",1,"2SP",25,"Calophyllum brasiliense",NA,136,215,0.7853975,0.999999577667978,NA,NA,0.571,"BIOMASS+BIEN+Zanne+TWDD+CIRAD"
"LLFS",1,"2SP",26,"Inga edulis",NA,192,555,83.17359525,10.2907682196276,NA,NA,0.58,"BIOMASS+BIEN+Zanne"
"LLFS",1,"2SP",27,"Calophyllum brasiliense",NA,104,240,1.1309724,1.19999949320157,NA,NA,0.571,"BIOMASS+BIEN+Zanne+TWDD+CIRAD"
"LLFS",1,"2SP",28,"Inga edulis",NA,118,495,54.655812025,8.3420585720697,NA,NA,0.58,"BIOMASS+BIEN+Zanne"
"LLFS",1,"2SP",29,"Calophyllum brasiliense",NA,70,148,NA,NA,NA,NA,0.571,"BIOMASS+BIEN+Zanne+TWDD+CIRAD"
"LLFS",1,"2SP",30,"Inga edulis",NA,39,204,3.777761975,2.1931702936997,NA,NA,0.58,"BIOMASS+BIEN+Zanne"
"LLFS",1,"2SP",31,"Calophyllum brasiliense",NA,120,NA,NA,NA,NA,NA,0.571,"BIOMASS+BIEN+Zanne+TWDD+CIRAD"
"LLFS",1,"2SP",32,"Inga edulis",NA,233,586,131.970341925,12.9626331457436,NA,NA,0.58,"BIOMASS+BIEN+Zanne"
"LLFS",1,"2SP",33,"Calophyllum brasiliense",NA,83,220,NA,NA,NA,NA,0.571,"BIOMASS+BIEN+Zanne+TWDD+CIRAD"
"LLFS",1,"2SP",34,"Inga edulis",NA,64,444,18.857393975,4.89999793057309,NA,NA,0.58,"BIOMASS+BIEN+Zanne"
"LLFS",1,"2SP",35,"Calophyllum brasiliense",NA,NA,NA,NA,NA,1,1,0.571,"BIOMASS+BIEN+Zanne+TWDD+CIRAD"
"LLFS",1,"2SP",36,"Inga edulis",NA,115,398,37.832597575,6.94045814860529,NA,NA,0.58,"BIOMASS+BIEN+Zanne"
"LLFS",1,"2SP",37,"Calophyllum brasiliense",NA,77,98,NA,NA,NA,NA,0.571,"BIOMASS+BIEN+Zanne+TWDD+CIRAD"
"LLFS",1,"2SP",38,"Inga edulis",NA,139,404,15.2367115,4.40454124892945,NA,NA,0.58,"BIOMASS+BIEN+Zanne"
"LLFS",1,"2SP",39,"Calophyllum brasiliense",NA,68,NA,NA,NA,NA,NA,0.571,"BIOMASS+BIEN+Zanne+TWDD+CIRAD"
"LLFS",1,"2SP",40,"Inga edulis",NA,170,510,73.6074537,9.68090495966687,NA,NA,0.58,"BIOMASS+BIEN+Zanne"
"LLFS",1,"2SP",41,"Calophyllum brasiliense",NA,52,84,NA,NA,NA,NA,0.571,"BIOMASS+BIEN+Zanne+TWDD+CIRAD"
"LLFS",1,"2SP",42,"Inga edulis",NA,127,445,66.263987075,9.18531048662535,NA,NA,0.58,"BIOMASS+BIEN+Zanne"
"LLFS",1,"2SP",43,"Calophyllum brasiliense",NA,148,NA,NA,NA,NA,NA,0.571,"BIOMASS+BIEN+Zanne+TWDD+CIRAD"
"LLFS",1,"2SP",44,"Inga edulis",NA,75,261,5.79623355,2.71661439412749,NA,NA,0.58,"BIOMASS+BIEN+Zanne"
"LLFS",1,"2SP",45,"Calophyllum brasiliense",NA,57,NA,NA,NA,NA,NA,0.571,"BIOMASS+BIEN+Zanne+TWDD+CIRAD"
"LLFS",1,"2SP",46,"Inga edulis",NA,92,400,37.71478795,6.92964352901657,NA,NA,0.58,"BIOMASS+BIEN+Zanne"
"LLFS",1,"2SP",47,"Calophyllum brasiliense",NA,40,NA,NA,NA,1,NA,0.571,"BIOMASS+BIEN+Zanne+TWDD+CIRAD"
"LLFS",1,"2SP",48,"Inga edulis",NA,260,570,142.101969675,13.4510165851867,NA,NA,0.58,"BIOMASS+BIEN+Zanne"
"LLFS",1,"2SP",49,"Calophyllum brasiliense",NA,92,165,NA,NA,NA,NA,0.571,"BIOMASS+BIEN+Zanne+TWDD+CIRAD"
"LLFS",2,"2SP",2,"Calophyllum brasiliense",NA,99,160,NA,NA,NA,NA,0.571,"BIOMASS+BIEN+Zanne+TWDD+CIRAD"
"LLFS",2,"2SP",3,"Inga edulis",NA,95,418,100.0596415,11.2871560806885,NA,NA,0.58,"BIOMASS+BIEN+Zanne"
"LLFS",2,"2SP",4,"Calophyllum brasiliense",NA,74,117,NA,NA,NA,NA,0.571,"BIOMASS+BIEN+Zanne+TWDD+CIRAD"
"LLFS",2,"2SP",5,"Inga edulis",NA,69,343,53.83114465,8.27888531788783,NA,NA,0.58,"BIOMASS+BIEN+Zanne"
"LLFS",2,"2SP",6,"Calophyllum brasiliense",NA,74,145,NA,NA,NA,NA,0.571,"BIOMASS+BIEN+Zanne+TWDD+CIRAD"
"LLFS",2,"2SP",7,"Inga edulis",NA,212,526,181.890207025,15.2180749237312,NA,NA,0.58,"BIOMASS+BIEN+Zanne"
"LLFS",2,"2SP",8,"Calophyllum brasiliense",NA,75,154,NA,NA,NA,NA,0.571,"BIOMASS+BIEN+Zanne+TWDD+CIRAD"
"LLFS",2,"2SP",9,"Inga edulis",NA,70,490,88.223701175,10.5985803350688,NA,NA,0.58,"BIOMASS+BIEN+Zanne"
"LLFS",2,"2SP",10,"Calophyllum brasiliense",NA,49,104,NA,NA,NA,NA,0.571,"BIOMASS+BIEN+Zanne+TWDD+CIRAD"
"LLFS",2,"2SP",11,"Inga edulis",NA,78,396,55.05636475,8.37257073956757,NA,NA,0.58,"BIOMASS+BIEN+Zanne"
"LLFS",2,"2SP",12,"Calophyllum brasiliense",NA,90,166,NA,NA,NA,NA,0.571,"BIOMASS+BIEN+Zanne+TWDD+CIRAD"
"LLFS",2,"2SP",13,"Inga edulis",NA,60,26,NA,NA,NA,NA,0.58,"BIOMASS+BIEN+Zanne"
"LLFS",2,"2SP",14,"Calophyllum brasiliense",NA,88,150,NA,NA,NA,NA,0.571,"BIOMASS+BIEN+Zanne+TWDD+CIRAD"
"LLFS",2,"2SP",15,"Inga edulis",NA,48,344,10.406516875,3.6400534073285,NA,NA,0.58,"BIOMASS+BIEN+Zanne"
"LLFS",2,"2SP",16,"Calophyllum brasiliense",NA,48,NA,NA,NA,NA,NA,0.571,"BIOMASS+BIEN+Zanne+TWDD+CIRAD"
"LLFS",2,"2SP",17,"Inga edulis",NA,112,445,124.697561075,12.6003914975971,NA,NA,0.58,"BIOMASS+BIEN+Zanne"
"LLFS",2,"2SP",18,"Calophyllum brasiliense",NA,94,200,1.1309724,1.19999949320157,NA,NA,0.571,"BIOMASS+BIEN+Zanne+TWDD+CIRAD"
"LLFS",2,"2SP",19,"Inga edulis",NA,60,400,39.748967475,7.11406756023316,NA,NA,0.58,"BIOMASS+BIEN+Zanne"
"LLFS",2,"2SP",20,"Calophyllum brasiliense",NA,42,NA,NA,NA,1,NA,0.571,"BIOMASS+BIEN+Zanne+TWDD+CIRAD"
"LLFS",2,"2SP",21,"Inga edulis",NA,115,330,53.776166825,8.27465661921177,NA,NA,0.58,"BIOMASS+BIEN+Zanne"
"LLFS",2,"2SP",22,"Calophyllum brasiliense",NA,37,60,NA,NA,NA,NA,0.571,"BIOMASS+BIEN+Zanne+TWDD+CIRAD"
"LLFS",2,"2SP",23,"Inga edulis",NA,99,458,54.58512625,8.33666247942553,NA,NA,0.58,"BIOMASS+BIEN+Zanne"
"LLFS",2,"2SP",24,"Calophyllum brasiliense",NA,82,214,NA,NA,NA,NA,0.571,"BIOMASS+BIEN+Zanne+TWDD+CIRAD"
"LLFS",2,"2SP",25,"Inga edulis",NA,107,410,101.544042775,11.3705712606451,NA,NA,0.58,"BIOMASS+BIEN+Zanne"
"LLFS",2,"2SP",26,"Calophyllum brasiliense",NA,72,160,NA,NA,NA,NA,0.571,"BIOMASS+BIEN+Zanne+TWDD+CIRAD"
"LLFS",2,"2SP",27,"Inga edulis",NA,80,295,21.182170575,5.19326267575746,NA,NA,0.58,"BIOMASS+BIEN+Zanne"
"LLFS",2,"2SP",28,"Calophyllum brasiliense",NA,75,145,NA,NA,NA,NA,0.571,"BIOMASS+BIEN+Zanne+TWDD+CIRAD"
"LLFS",2,"2SP",29,"Inga edulis",NA,86,427,48.45902575,7.85493143727172,NA,NA,0.58,"BIOMASS+BIEN+Zanne"
"LLFS",2,"2SP",30,"Calophyllum brasiliense",NA,80,203,NA,NA,NA,NA,0.571,"BIOMASS+BIEN+Zanne+TWDD+CIRAD"
"LLFS",2,"2SP",31,"Inga edulis",NA,110,360,92.991064,10.8811718115191,NA,NA,0.58,"BIOMASS+BIEN+Zanne"
"LLFS",2,"2SP",32,"Calophyllum brasiliense",NA,47,108,NA,NA,NA,NA,0.571,"BIOMASS+BIEN+Zanne+TWDD+CIRAD"
"LLFS",2,"2SP",33,"Inga edulis",NA,105,358,63.986334325,9.02606953137604,NA,NA,0.58,"BIOMASS+BIEN+Zanne"
"LLFS",2,"2SP",34,"Calophyllum brasiliense",NA,38,114,NA,NA,1,NA,0.571,"BIOMASS+BIEN+Zanne+TWDD+CIRAD"
"LLFS",2,"2SP",35,"Inga edulis",NA,182,425,173.21156465,14.8505829420205,NA,NA,0.58,"BIOMASS+BIEN+Zanne"
"LLFS",2,"2SP",36,"Calophyllum brasiliense",NA,82,136,NA,NA,NA,NA,0.571,"BIOMASS+BIEN+Zanne+TWDD+CIRAD"
"LLFS",2,"2SP",37,"Inga edulis",NA,78,344,51.66344755,8.11048361307826,NA,NA,0.58,"BIOMASS+BIEN+Zanne"
"LLFS",2,"2SP",38,"Calophyllum brasiliense",NA,36,153,NA,NA,NA,NA,0.571,"BIOMASS+BIEN+Zanne+TWDD+CIRAD"
"LLFS",2,"2SP",39,"Inga edulis",NA,53,305,21.904736275,5.28109614022741,NA,NA,0.58,"BIOMASS+BIEN+Zanne"
"LLFS",2,"2SP",40,"Calophyllum brasiliense",NA,72,NA,NA,NA,NA,NA,0.571,"BIOMASS+BIEN+Zanne+TWDD+CIRAD"
"LLFS",2,"2SP",41,"Inga edulis",NA,62,370,11.3411399,3.79999839513832,NA,NA,0.58,"BIOMASS+BIEN+Zanne"
"LLFS",2,"2SP",42,"Calophyllum brasiliense",NA,77,117,NA,NA,NA,NA,0.571,"BIOMASS+BIEN+Zanne+TWDD+CIRAD"
"LLFS",2,"2SP",43,"Inga edulis",NA,62,248,11.191914375,3.77491562336695,NA,NA,0.58,"BIOMASS+BIEN+Zanne"
"LLFS",2,"2SP",44,"Calophyllum brasiliense",NA,51,144,NA,NA,NA,NA,0.571,"BIOMASS+BIEN+Zanne+TWDD+CIRAD"
"LLFS",2,"2SP",45,"Inga edulis",NA,47,191,2.27765275,1.70293791738712,NA,NA,0.58,"BIOMASS+BIEN+Zanne"
"LLFS",2,"2SP",46,"Calophyllum brasiliense",NA,29,NA,NA,NA,NA,NA,0.571,"BIOMASS+BIEN+Zanne+TWDD+CIRAD"
"LLFS",2,"2SP",47,"Inga edulis",NA,130,460,147.13636765,13.6872145362258,NA,NA,0.58,"BIOMASS+BIEN+Zanne"
"LLFS",2,"2SP",48,"Calophyllum brasiliense",NA,41,42,NA,NA,NA,NA,0.571,"BIOMASS+BIEN+Zanne+TWDD+CIRAD"
"LLFS",2,"2SP",49,"Inga edulis",NA,202,377,62.34485355,8.90954168016416,NA,NA,0.58,"BIOMASS+BIEN+Zanne"
"LLFS",3,"2SP",2,"Calophyllum brasiliense",NA,120,225,0.950330975,1.09999953543478,NA,NA,0.571,"BIOMASS+BIEN+Zanne+TWDD+CIRAD"
"LLFS",3,"2SP",3,"Inga edulis",NA,172,300,8.443023125,3.27871787744287,NA,NA,0.58,"BIOMASS+BIEN+Zanne"
"LLFS",3,"2SP",4,"Calophyllum brasiliense",NA,187,300,3.463602975,2.09999911310275,NA,NA,0.571,"BIOMASS+BIEN+Zanne+TWDD+CIRAD"
"LLFS",3,"2SP",5,"Inga edulis",NA,244,566,92.323476125,10.8420431981137,NA,NA,0.58,"BIOMASS+BIEN+Zanne"
"LLFS",3,"2SP",6,"Calophyllum brasiliense",NA,16,255,2.269798775,1.69999928203556,NA,NA,0.571,"BIOMASS+BIEN+Zanne+TWDD+CIRAD"
"LLFS",3,"2SP",7,"Inga edulis",NA,168,420,67.21431805,9.2509419906119,NA,NA,0.58,"BIOMASS+BIEN+Zanne"
"LLFS",3,"2SP",8,"Calophyllum brasiliense",NA,142,273,4.16260675,2.30217191436294,NA,NA,0.571,"BIOMASS+BIEN+Zanne+TWDD+CIRAD"
"LLFS",3,"2SP",9,"Inga edulis",NA,117,211,4.280416375,2.33452252004172,NA,NA,0.58,"BIOMASS+BIEN+Zanne"
"LLFS",3,"2SP",10,"Calophyllum brasiliense",NA,11,250,1.327321775,1.29999945096837,NA,NA,0.571,"BIOMASS+BIEN+Zanne+TWDD+CIRAD"
"LLFS",3,"2SP",11,"Inga edulis",NA,135,355,25.17984385,5.66215267544743,NA,NA,0.58,"BIOMASS+BIEN+Zanne"
"LLFS",3,"2SP",12,"Calophyllum brasiliense",NA,117,193,NA,NA,NA,NA,0.571,"BIOMASS+BIEN+Zanne+TWDD+CIRAD"
"LLFS",3,"2SP",13,"Inga edulis",NA,162,486,54.61654215,8.3390611739017,NA,NA,0.58,"BIOMASS+BIEN+Zanne"
"LLFS",3,"2SP",14,"Calophyllum brasiliense",NA,134,252,1.767144375,1.49999936650197,NA,NA,0.571,"BIOMASS+BIEN+Zanne+TWDD+CIRAD"
"LLFS",3,"2SP",15,"Inga edulis",NA,32,256,7.08428545,3.00333021513318,NA,NA,0.58,"BIOMASS+BIEN+Zanne"
"LLFS",3,"2SP",16,"Calophyllum brasiliense",NA,68,173,NA,NA,1,NA,0.571,"BIOMASS+BIEN+Zanne+TWDD+CIRAD"
"LLFS",3,"2SP",17,"Inga edulis",NA,193,465,79.49793495,10.0608108273202,NA,NA,0.58,"BIOMASS+BIEN+Zanne"
"LLFS",3,"2SP",18,"Calophyllum brasiliense",NA,124,243,1.5393791,1.39999940873517,NA,NA,0.571,"BIOMASS+BIEN+Zanne+TWDD+CIRAD"
"LLFS",3,"2SP",19,"Inga edulis",NA,154,433,43.330380075,7.42764790494909,NA,NA,0.58,"BIOMASS+BIEN+Zanne"
"LLFS",3,"2SP",20,"Calophyllum brasiliense",NA,145,272,2.3247766,1.72046432680104,NA,NA,0.571,"BIOMASS+BIEN+Zanne+TWDD+CIRAD"
"LLFS",3,"2SP",21,"Inga edulis",NA,21,428,111.5578609,11.918048498976,NA,NA,0.58,"BIOMASS+BIEN+Zanne"
"LLFS",3,"2SP",22,"Calophyllum brasiliense",NA,91,147,NA,NA,NA,NA,0.571,"BIOMASS+BIEN+Zanne+TWDD+CIRAD"
"LLFS",3,"2SP",23,"Inga edulis",NA,197,454,114.77799065,12.0888327211862,NA,NA,0.58,"BIOMASS+BIEN+Zanne"
"LLFS",3,"2SP",24,"Calophyllum brasiliense",NA,114,247,1.767144375,1.49999936650197,NA,NA,0.571,"BIOMASS+BIEN+Zanne+TWDD+CIRAD"
"LLFS",3,"2SP",25,"Inga edulis",NA,94,220,9.110611,3.40587583477425,1,NA,0.58,"BIOMASS+BIEN+Zanne"
"LLFS",3,"2SP",26,"Calophyllum brasiliense",NA,114,255,1.1309724,1.19999949320157,NA,NA,0.571,"BIOMASS+BIEN+Zanne+TWDD+CIRAD"
"LLFS",3,"2SP",27,"Inga edulis",NA,253,477,99.093602575,11.2325372658523,NA,NA,0.58,"BIOMASS+BIEN+Zanne"
"LLFS",3,"2SP",28,"Calophyllum brasiliense",NA,91,213,NA,NA,NA,NA,0.571,"BIOMASS+BIEN+Zanne+TWDD+CIRAD"
"LLFS",3,"2SP",29,"Inga edulis",NA,160,430,57.69530035,8.57087731512897,NA,NA,0.58,"BIOMASS+BIEN+Zanne"
"LLFS",3,"2SP",30,"Calophyllum brasiliense",NA,93,166,NA,NA,NA,NA,0.571,"BIOMASS+BIEN+Zanne+TWDD+CIRAD"
"LLFS",3,"2SP",31,"Inga edulis",NA,204,354,21.676971,5.25356799587455,NA,NA,0.58,"BIOMASS+BIEN+Zanne"
"LLFS",3,"2SP",32,"Calophyllum brasiliense",NA,117,228,1.767144375,1.49999936650197,NA,NA,0.571,"BIOMASS+BIEN+Zanne+TWDD+CIRAD"
"LLFS",3,"2SP",33,"Inga edulis",NA,187,437,40.864231925,7.2131793303743,NA,NA,0.58,"BIOMASS+BIEN+Zanne"
"LLFS",3,"2SP",34,"Calophyllum brasiliense",NA,135,280,2.0106176,1.59999932426877,NA,NA,0.571,"BIOMASS+BIEN+Zanne+TWDD+CIRAD"
"LLFS",3,"2SP",35,"Inga edulis",NA,204,430,61.71653555,8.86453234109468,NA,NA,0.58,"BIOMASS+BIEN+Zanne"
"LLFS",3,"2SP",36,"Calophyllum brasiliense",NA,159,262,2.0106176,1.59999932426877,NA,NA,0.571,"BIOMASS+BIEN+Zanne+TWDD+CIRAD"
"LLFS",3,"2SP",37,"Inga edulis",NA,244,500,147.4034028,13.6996292458404,NA,NA,0.58,"BIOMASS+BIEN+Zanne"
"LLFS",3,"2SP",38,"Calophyllum brasiliense",NA,145,273,2.0106176,1.59999932426877,NA,NA,0.571,"BIOMASS+BIEN+Zanne+TWDD+CIRAD"
"LLFS",3,"2SP",39,"Inga edulis",NA,144,440,65.918412175,9.16132791179105,NA,NA,0.58,"BIOMASS+BIEN+Zanne"
"LLFS",3,"2SP",40,"Calophyllum brasiliense",NA,136,280,2.866700875,1.91049651059009,NA,NA,0.571,"BIOMASS+BIEN+Zanne+TWDD+CIRAD"
"LLFS",3,"2SP",41,"Inga edulis",NA,173,400,72.924157875,9.63586641527165,NA,NA,0.58,"BIOMASS+BIEN+Zanne"
"LLFS",3,"2SP",42,"Calophyllum brasiliense",NA,NA,NA,NA,NA,1,1,0.571,"BIOMASS+BIEN+Zanne+TWDD+CIRAD"
"LLFS",3,"2SP",43,"Inga edulis",NA,180,453,28.109376525,5.9824718778679,NA,NA,0.58,"BIOMASS+BIEN+Zanne"
"LLFS",3,"2SP",44,"Calophyllum brasiliense",NA,143,166,NA,NA,NA,NA,0.571,"BIOMASS+BIEN+Zanne+TWDD+CIRAD"
"LLFS",3,"2SP",45,"Inga edulis",NA,234,490,121.3596217,12.4306021367647,NA,NA,0.58,"BIOMASS+BIEN+Zanne"
"LLFS",3,"2SP",46,"Calophyllum brasiliense",NA,129,264,2.27765275,1.70293791738712,NA,NA,0.571,"BIOMASS+BIEN+Zanne+TWDD+CIRAD"
"LLFS",3,"2SP",47,"Inga edulis",NA,158,428,82.364635825,10.2406011259154,NA,NA,0.58,"BIOMASS+BIEN+Zanne"
"LLFS",3,"2SP",48,"Calophyllum brasiliense",NA,185,235,1.1309724,1.19999949320157,NA,NA,0.571,"BIOMASS+BIEN+Zanne+TWDD+CIRAD"
"LLFS",3,"2SP",49,"Inga edulis",NA,152,387,53.744750925,8.27223924942042,NA,NA,0.58,"BIOMASS+BIEN+Zanne"
"LLFS",4,"2SP",2,"Calophyllum brasiliense",NA,136,182,NA,NA,NA,NA,0.571,"BIOMASS+BIEN+Zanne+TWDD+CIRAD"
"LLFS",4,"2SP",3,"Inga edulis",NA,22,600,177.240653825,15.0223103877102,NA,NA,0.58,"BIOMASS+BIEN+Zanne"
"LLFS",4,"2SP",4,"Calophyllum brasiliense",NA,86,NA,NA,NA,NA,NA,0.571,"BIOMASS+BIEN+Zanne+TWDD+CIRAD"
"LLFS",4,"2SP",5,"Inga edulis",NA,134,400,50.477497325,8.01685385381656,NA,NA,0.58,"BIOMASS+BIEN+Zanne"
"LLFS",4,"2SP",6,"Calophyllum brasiliense",NA,103,150,NA,NA,NA,NA,0.571,"BIOMASS+BIEN+Zanne+TWDD+CIRAD"
"LLFS",4,"2SP",7,"Inga edulis",NA,254,460,76.98466295,9.90050085632277,NA,NA,0.58,"BIOMASS+BIEN+Zanne"
"LLFS",4,"2SP",8,"Calophyllum brasiliense",NA,129,245,1.767144375,1.49999936650197,NA,NA,0.571,"BIOMASS+BIEN+Zanne+TWDD+CIRAD"
"LLFS",4,"2SP",9,"Inga edulis",NA,100,190,1.570795,1.41421296510542,NA,NA,0.58,"BIOMASS+BIEN+Zanne"
"LLFS",4,"2SP",10,"Calophyllum brasiliense",NA,105,174,NA,NA,NA,NA,0.571,"BIOMASS+BIEN+Zanne+TWDD+CIRAD"
"LLFS",4,"2SP",11,"Inga edulis",NA,234,600,179.71465595,15.1267910253303,NA,NA,0.58,"BIOMASS+BIEN+Zanne"
"LLFS",4,"2SP",12,"Calophyllum brasiliense",NA,80,150,NA,NA,NA,NA,0.571,"BIOMASS+BIEN+Zanne+TWDD+CIRAD"
"LLFS",4,"2SP",13,"Inga edulis",NA,135,335,34.266892925,6.60529811191861,NA,NA,0.58,"BIOMASS+BIEN+Zanne"
"LLFS",4,"2SP",14,"Calophyllum brasiliense",NA,59,NA,NA,NA,NA,NA,0.571,"BIOMASS+BIEN+Zanne+TWDD+CIRAD"
"LLFS",4,"2SP",15,"Inga edulis",NA,70,310,9.558287575,3.48855123517496,NA,NA,0.58,"BIOMASS+BIEN+Zanne"
"LLFS",4,"2SP",16,"Calophyllum brasiliense",NA,83,164,NA,NA,NA,NA,0.571,"BIOMASS+BIEN+Zanne+TWDD+CIRAD"
"LLFS",4,"2SP",17,"Inga edulis",NA,208,510,80.7074471,10.137056436774,NA,NA,0.58,"BIOMASS+BIEN+Zanne"
"LLFS",4,"2SP",18,"Calophyllum brasiliense",NA,118,220,NA,NA,NA,NA,0.571,"BIOMASS+BIEN+Zanne+TWDD+CIRAD"
"LLFS",4,"2SP",19,"Inga edulis",NA,153,430,43.094760825,7.40742557527875,NA,NA,0.58,"BIOMASS+BIEN+Zanne"
"LLFS",4,"2SP",20,"Calophyllum brasiliense",NA,99,146,NA,NA,NA,NA,0.571,"BIOMASS+BIEN+Zanne+TWDD+CIRAD"
"LLFS",4,"2SP",21,"Inga edulis",NA,224,440,118.54789865,12.2857589308287,NA,NA,0.58,"BIOMASS+BIEN+Zanne"
"LLFS",4,"2SP",22,"Calophyllum brasiliense",NA,91,217,NA,NA,NA,NA,0.571,"BIOMASS+BIEN+Zanne+TWDD+CIRAD"
"LLFS",4,"2SP",23,"Inga edulis",NA,22,460,57.7110083,8.57204397644454,NA,NA,0.58,"BIOMASS+BIEN+Zanne"
"LLFS",4,"2SP",24,"Calophyllum brasiliense",NA,83,255,2.269798775,1.69999928203556,NA,NA,0.571,"BIOMASS+BIEN+Zanne+TWDD+CIRAD"
"LLFS",4,"2SP",25,"Inga edulis",NA,159,518,78.93244875,10.0249645940164,NA,NA,0.58,"BIOMASS+BIEN+Zanne"
"LLFS",4,"2SP",26,"Calophyllum brasiliense",NA,153,120,NA,NA,NA,NA,0.571,"BIOMASS+BIEN+Zanne+TWDD+CIRAD"
"LLFS",4,"2SP",27,"Inga edulis",NA,163,495,63.530803775,8.99388301431256,NA,NA,0.58,"BIOMASS+BIEN+Zanne"
"LLFS",4,"2SP",28,"Calophyllum brasiliense",NA,121,165,NA,NA,NA,NA,0.571,"BIOMASS+BIEN+Zanne+TWDD+CIRAD"
"LLFS",4,"2SP",29,"Inga edulis",NA,246,550,209.300579775,16.3245145381272,NA,NA,0.58,"BIOMASS+BIEN+Zanne"
"LLFS",4,"2SP",30,"Calophyllum brasiliense",NA,1,160,NA,NA,NA,NA,0.571,"BIOMASS+BIEN+Zanne+TWDD+CIRAD"
"LLFS",4,"2SP",31,"Inga edulis",NA,173,510,72.5393131,9.61040696260285,NA,NA,0.58,"BIOMASS+BIEN+Zanne"
"LLFS",4,"2SP",32,"Calophyllum brasiliense",NA,51,70,NA,NA,NA,NA,0.571,"BIOMASS+BIEN+Zanne+TWDD+CIRAD"
"LLFS",4,"2SP",33,"Inga edulis",NA,149,435,54.2238434,8.30902772196644,NA,NA,0.58,"BIOMASS+BIEN+Zanne"
"LLFS",4,"2SP",34,"Calophyllum brasiliense",NA,127,265,0.950330975,1.09999953543478,NA,NA,0.571,"BIOMASS+BIEN+Zanne+TWDD+CIRAD"
"LLFS",4,"2SP",35,"Inga edulis",NA,177,425,108.015718175,11.7273135812674,NA,NA,0.58,"BIOMASS+BIEN+Zanne"
"LLFS",4,"2SP",36,"Calophyllum brasiliense",NA,125,213,0.7853975,0.999999577667978,NA,NA,0.571,"BIOMASS+BIEN+Zanne+TWDD+CIRAD"
"LLFS",4,"2SP",37,"Inga edulis",NA,142,495,48.859578475,7.88732828361169,NA,NA,0.58,"BIOMASS+BIEN+Zanne"
"LLFS",4,"2SP",38,"Calophyllum brasiliense",NA,112,186,NA,NA,NA,NA,0.571,"BIOMASS+BIEN+Zanne+TWDD+CIRAD"
"LLFS",4,"2SP",39,"Inga edulis",NA,139,460,57.78954805,8.57787490289016,NA,NA,0.58,"BIOMASS+BIEN+Zanne"
"LLFS",4,"2SP",40,"Calophyllum brasiliense",NA,117,260,0.7853975,0.999999577667978,NA,NA,0.571,"BIOMASS+BIEN+Zanne+TWDD+CIRAD"
"LLFS",4,"2SP",41,"Inga edulis",NA,163,253,127.305080775,12.7314517274517,NA,NA,0.58,"BIOMASS+BIEN+Zanne"
"LLFS",4,"2SP",42,"Calophyllum brasiliense",NA,128,202,NA,NA,NA,NA,0.571,"BIOMASS+BIEN+Zanne+TWDD+CIRAD"
"LLFS",4,"2SP",43,"Inga edulis",NA,24,435,90.909760625,10.7587128519241,NA,NA,0.58,"BIOMASS+BIEN+Zanne"
"LLFS",4,"2SP",44,"Calophyllum brasiliense",NA,85,222,0.7853975,0.999999577667978,NA,NA,0.571,"BIOMASS+BIEN+Zanne+TWDD+CIRAD"
"LLFS",4,"2SP",45,"Inga edulis",NA,168,500,142.086261725,13.4502731270358,NA,NA,0.58,"BIOMASS+BIEN+Zanne"
"LLFS",4,"2SP",46,"Calophyllum brasiliense",NA,72,100,NA,NA,NA,NA,0.571,"BIOMASS+BIEN+Zanne+TWDD+CIRAD"
"LLFS",4,"2SP",47,"Inga edulis",NA,153,485,77.385215675,9.92622369157926,NA,NA,0.58,"BIOMASS+BIEN+Zanne"
"LLFS",4,"2SP",48,"Calophyllum brasiliense",NA,105,NA,NA,NA,NA,NA,0.571,"BIOMASS+BIEN+Zanne+TWDD+CIRAD"
"LLFS",4,"2SP",49,"Inga edulis",NA,127,278,15.91215335,4.50110907300746,NA,NA,0.58,"BIOMASS+BIEN+Zanne"
"LLFS",5,"2SP",2,"Inga edulis",NA,63,77,NA,NA,1,NA,0.58,"BIOMASS+BIEN+Zanne"
"LLFS",5,"2SP",3,"Calophyllum brasiliense",NA,74,83,NA,NA,NA,NA,0.571,"BIOMASS+BIEN+Zanne+TWDD+CIRAD"
"LLFS",5,"2SP",4,"Inga edulis",NA,49,97,NA,NA,NA,NA,0.58,"BIOMASS+BIEN+Zanne"
"LLFS",5,"2SP",5,"Calophyllum brasiliense",NA,82,NA,NA,NA,NA,NA,0.571,"BIOMASS+BIEN+Zanne+TWDD+CIRAD"
"LLFS",5,"2SP",6,"Inga edulis",NA,105,192,3.495018875,2.10950142006252,1,NA,0.58,"BIOMASS+BIEN+Zanne"
"LLFS",5,"2SP",7,"Calophyllum brasiliense",NA,72,100,NA,NA,NA,NA,0.571,"BIOMASS+BIEN+Zanne+TWDD+CIRAD"
"LLFS",5,"2SP",8,"Inga edulis",NA,106,118,NA,NA,1,NA,0.58,"BIOMASS+BIEN+Zanne"
"LLFS",5,"2SP",9,"Calophyllum brasiliense",NA,80,106,NA,NA,NA,NA,0.571,"BIOMASS+BIEN+Zanne+TWDD+CIRAD"
"LLFS",5,"2SP",10,"Inga edulis",NA,10,115,NA,NA,1,NA,0.58,"BIOMASS+BIEN+Zanne"
"LLFS",5,"2SP",11,"Calophyllum brasiliense",NA,57,NA,NA,NA,NA,NA,0.571,"BIOMASS+BIEN+Zanne+TWDD+CIRAD"
"LLFS",5,"2SP",12,"Inga edulis",NA,50,111,NA,NA,NA,NA,0.58,"BIOMASS+BIEN+Zanne"
"LLFS",5,"2SP",13,"Calophyllum brasiliense",NA,80,130,NA,NA,NA,NA,0.571,"BIOMASS+BIEN+Zanne+TWDD+CIRAD"
"LLFS",5,"2SP",14,"Inga edulis",NA,47,72,NA,NA,NA,NA,0.58,"BIOMASS+BIEN+Zanne"
"LLFS",5,"2SP",15,"Calophyllum brasiliense",NA,60,77,NA,NA,NA,NA,0.571,"BIOMASS+BIEN+Zanne+TWDD+CIRAD"
"LLFS",5,"2SP",16,"Inga edulis",NA,87,142,NA,NA,NA,NA,0.58,"BIOMASS+BIEN+Zanne"
"LLFS",5,"2SP",17,"Calophyllum brasiliense",NA,34,42,NA,NA,1,NA,0.571,"BIOMASS+BIEN+Zanne+TWDD+CIRAD"
"LLFS",5,"2SP",18,"Inga edulis",NA,90,109,NA,NA,NA,NA,0.58,"BIOMASS+BIEN+Zanne"
"LLFS",5,"2SP",19,"Calophyllum brasiliense",NA,90,116,NA,NA,NA,NA,0.571,"BIOMASS+BIEN+Zanne+TWDD+CIRAD"
"LLFS",5,"2SP",20,"Inga edulis",NA,49,112,NA,NA,NA,NA,0.58,"BIOMASS+BIEN+Zanne"
"LLFS",5,"2SP",21,"Calophyllum brasiliense",NA,95,116,NA,NA,NA,NA,0.571,"BIOMASS+BIEN+Zanne+TWDD+CIRAD"
"LLFS",5,"2SP",22,"Inga edulis",NA,79,107,NA,NA,NA,NA,0.58,"BIOMASS+BIEN+Zanne"
"LLFS",5,"2SP",23,"Calophyllum brasiliense",NA,62,88,NA,NA,NA,NA,0.571,"BIOMASS+BIEN+Zanne+TWDD+CIRAD"
"LLFS",5,"2SP",24,"Inga edulis",NA,113,137,NA,NA,NA,NA,0.58,"BIOMASS+BIEN+Zanne"
"LLFS",5,"2SP",25,"Calophyllum brasiliense",NA,71,87,NA,NA,NA,NA,0.571,"BIOMASS+BIEN+Zanne+TWDD+CIRAD"
"LLFS",5,"2SP",26,"Inga edulis",NA,37,98,NA,NA,NA,NA,0.58,"BIOMASS+BIEN+Zanne"
"LLFS",5,"2SP",27,"Calophyllum brasiliense",NA,88,158,NA,NA,NA,NA,0.571,"BIOMASS+BIEN+Zanne+TWDD+CIRAD"
"LLFS",5,"2SP",28,"Inga edulis",NA,80,168,NA,NA,NA,NA,0.58,"BIOMASS+BIEN+Zanne"
"LLFS",5,"2SP",29,"Calophyllum brasiliense",NA,57,86,NA,NA,NA,NA,0.571,"BIOMASS+BIEN+Zanne+TWDD+CIRAD"
"LLFS",5,"2SP",30,"Inga edulis",NA,29,112,NA,NA,NA,NA,0.58,"BIOMASS+BIEN+Zanne"
"LLFS",5,"2SP",31,"Calophyllum brasiliense",NA,71,122,NA,NA,NA,NA,0.571,"BIOMASS+BIEN+Zanne+TWDD+CIRAD"
"LLFS",5,"2SP",32,"Inga edulis",NA,67,120,NA,NA,NA,NA,0.58,"BIOMASS+BIEN+Zanne"
"LLFS",5,"2SP",33,"Calophyllum brasiliense",NA,40,58,NA,NA,NA,NA,0.571,"BIOMASS+BIEN+Zanne+TWDD+CIRAD"
"LLFS",5,"2SP",34,"Inga edulis",NA,79,140,NA,NA,NA,NA,0.58,"BIOMASS+BIEN+Zanne"
"LLFS",5,"2SP",35,"Calophyllum brasiliense",NA,67,121,NA,NA,NA,NA,0.571,"BIOMASS+BIEN+Zanne+TWDD+CIRAD"
"LLFS",5,"2SP",36,"Inga edulis",NA,65,148,NA,NA,NA,NA,0.58,"BIOMASS+BIEN+Zanne"
"LLFS",5,"2SP",37,"Calophyllum brasiliense",NA,65,NA,NA,NA,NA,NA,0.571,"BIOMASS+BIEN+Zanne+TWDD+CIRAD"
"LLFS",5,"2SP",38,"Inga edulis",NA,64,162,NA,NA,NA,NA,0.58,"BIOMASS+BIEN+Zanne"
"LLFS",5,"2SP",39,"Calophyllum brasiliense",NA,95,165,NA,NA,NA,NA,0.571,"BIOMASS+BIEN+Zanne+TWDD+CIRAD"
"LLFS",5,"2SP",40,"Inga edulis",NA,42,90,NA,NA,NA,NA,0.58,"BIOMASS+BIEN+Zanne"
"LLFS",5,"2SP",41,"Calophyllum brasiliense",NA,85,174,NA,NA,NA,NA,0.571,"BIOMASS+BIEN+Zanne+TWDD+CIRAD"
"LLFS",5,"2SP",42,"Inga edulis",NA,96,178,5.568468275,2.66270426659312,NA,NA,0.58,"BIOMASS+BIEN+Zanne"
"LLFS",5,"2SP",43,"Calophyllum brasiliense",NA,47,NA,NA,NA,NA,NA,0.571,"BIOMASS+BIEN+Zanne+TWDD+CIRAD"
"LLFS",5,"2SP",44,"Inga edulis",NA,106,212,6.919351975,2.96816316238029,NA,NA,0.58,"BIOMASS+BIEN+Zanne"
"LLFS",5,"2SP",45,"Calophyllum brasiliense",NA,62,102,NA,NA,NA,NA,0.571,"BIOMASS+BIEN+Zanne+TWDD+CIRAD"
"LLFS",5,"2SP",46,"Inga edulis",NA,110,225,3.275107575,2.04205692323982,NA,NA,0.58,"BIOMASS+BIEN+Zanne"
"LLFS",5,"2SP",47,"Calophyllum brasiliense",NA,98,162,NA,NA,NA,NA,0.571,"BIOMASS+BIEN+Zanne+TWDD+CIRAD"
"LLFS",5,"2SP",48,"Inga edulis",NA,78,290,13.46171315,4.14004656042192,NA,NA,0.58,"BIOMASS+BIEN+Zanne"
"LLFS",5,"2SP",49,"Calophyllum brasiliense",NA,101,200,NA,NA,NA,NA,0.571,"BIOMASS+BIEN+Zanne+TWDD+CIRAD"
"LLFS",6,"2SP",2,"Inga edulis",NA,16,430,20.899427475,5.15848597201684,NA,NA,0.58,"BIOMASS+BIEN+Zanne"
"LLFS",6,"2SP",3,"Calophyllum brasiliense",NA,74,140,NA,NA,NA,NA,0.571,"BIOMASS+BIEN+Zanne+TWDD+CIRAD"
"LLFS",6,"2SP",4,"Inga edulis",NA,214,600,82.41961365,10.2440183209995,NA,NA,0.58,"BIOMASS+BIEN+Zanne"
"LLFS",6,"2SP",5,"Calophyllum brasiliense",NA,33,NA,NA,NA,NA,NA,0.571,"BIOMASS+BIEN+Zanne+TWDD+CIRAD"
"LLFS",6,"2SP",6,"Inga edulis",NA,153,355,11.63959095,3.84967368514287,NA,NA,0.58,"BIOMASS+BIEN+Zanne"
"LLFS",6,"2SP",7,"Calophyllum brasiliense",NA,22,191,NA,NA,NA,NA,0.571,"BIOMASS+BIEN+Zanne+TWDD+CIRAD"
"LLFS",6,"2SP",8,"Inga edulis",NA,76,250,3.306523475,2.05182758631546,NA,NA,0.58,"BIOMASS+BIEN+Zanne"
"LLFS",6,"2SP",9,"Calophyllum brasiliense",NA,19,NA,NA,NA,1,NA,0.571,"BIOMASS+BIEN+Zanne+TWDD+CIRAD"
"LLFS",6,"2SP",10,"Inga edulis",NA,143,395,19.988366375,5.04479717167149,NA,NA,0.58,"BIOMASS+BIEN+Zanne"
"LLFS",6,"2SP",11,"Calophyllum brasiliense",NA,106,180,NA,NA,NA,NA,0.571,"BIOMASS+BIEN+Zanne+TWDD+CIRAD"
"LLFS",6,"2SP",12,"Inga edulis",NA,145,415,47.477278875,7.77495652335557,NA,NA,0.58,"BIOMASS+BIEN+Zanne"
"LLFS",6,"2SP",13,"Calophyllum brasiliense",NA,97,145,NA,NA,NA,NA,0.571,"BIOMASS+BIEN+Zanne+TWDD+CIRAD"
"LLFS",6,"2SP",14,"Inga edulis",NA,141,320,20.145445875,5.0645807659047,NA,NA,0.58,"BIOMASS+BIEN+Zanne"
"LLFS",6,"2SP",15,"Calophyllum brasiliense",NA,72,NA,NA,NA,1,NA,0.571,"BIOMASS+BIEN+Zanne+TWDD+CIRAD"
"LLFS",6,"2SP",16,"Inga edulis",NA,130,375,30.8189979,6.26418125978088,NA,NA,0.58,"BIOMASS+BIEN+Zanne"
"LLFS",6,"2SP",17,"Calophyllum brasiliense",NA,21,NA,NA,NA,1,NA,0.571,"BIOMASS+BIEN+Zanne+TWDD+CIRAD"
"LLFS",6,"2SP",18,"Inga edulis",NA,38,419,53.132140875,8.22495853232644,NA,NA,0.58,"BIOMASS+BIEN+Zanne"
"LLFS",6,"2SP",19,"Calophyllum brasiliense",NA,33,NA,NA,NA,NA,NA,0.571,"BIOMASS+BIEN+Zanne+TWDD+CIRAD"
"LLFS",6,"2SP",20,"Inga edulis",NA,235,498,72.672830675,9.61924746761682,NA,NA,0.58,"BIOMASS+BIEN+Zanne"
"LLFS",6,"2SP",21,"Calophyllum brasiliense",NA,104,NA,NA,NA,NA,NA,0.571,"BIOMASS+BIEN+Zanne+TWDD+CIRAD"
"LLFS",6,"2SP",22,"Inga edulis",NA,165,415,63.57007365,8.99666224957383,NA,NA,0.58,"BIOMASS+BIEN+Zanne"
"LLFS",6,"2SP",23,"Calophyllum brasiliense",NA,NA,NA,NA,NA,NA,1,0.571,"BIOMASS+BIEN+Zanne+TWDD+CIRAD"
"LLFS",6,"2SP",24,"Inga edulis",NA,114,415,23.8132522,5.50635763366235,NA,NA,0.58,"BIOMASS+BIEN+Zanne"
"LLFS",6,"2SP",25,"Calophyllum brasiliense",NA,112,162,NA,NA,NA,NA,0.571,"BIOMASS+BIEN+Zanne+TWDD+CIRAD"
"LLFS",6,"2SP",26,"Inga edulis",NA,257,485,95.732101275,11.0403757655218,NA,NA,0.58,"BIOMASS+BIEN+Zanne"
"LLFS",6,"2SP",27,"Calophyllum brasiliense",NA,63,155,NA,NA,NA,NA,0.571,"BIOMASS+BIEN+Zanne+TWDD+CIRAD"
"LLFS",6,"2SP",28,"Inga edulis",NA,223,330,33.44222555,6.52533248457216,NA,NA,0.58,"BIOMASS+BIEN+Zanne"
"LLFS",6,"2SP",29,"Calophyllum brasiliense",NA,24,NA,NA,NA,1,NA,0.571,"BIOMASS+BIEN+Zanne+TWDD+CIRAD"
"LLFS",6,"2SP",30,"Inga edulis",NA,79,340,19.93338855,5.0378545594758,NA,NA,0.58,"BIOMASS+BIEN+Zanne"
"LLFS",6,"2SP",31,"Calophyllum brasiliense",NA,123,223,1.5393791,1.39999940873517,NA,NA,0.571,"BIOMASS+BIEN+Zanne+TWDD+CIRAD"
"LLFS",6,"2SP",32,"Inga edulis",NA,21,470,100.255990875,11.2982251782595,NA,NA,0.58,"BIOMASS+BIEN+Zanne"
"LLFS",6,"2SP",33,"Calophyllum brasiliense",NA,139,255,0.7853975,0.999999577667978,NA,NA,0.571,"BIOMASS+BIEN+Zanne+TWDD+CIRAD"
"LLFS",6,"2SP",34,"Inga edulis",NA,117,320,7.736165375,3.13846963981826,NA,NA,0.58,"BIOMASS+BIEN+Zanne"
"LLFS",6,"2SP",35,"Calophyllum brasiliense",NA,111,228,2.0106176,1.59999932426877,NA,NA,0.571,"BIOMASS+BIEN+Zanne+TWDD+CIRAD"
"LLFS",6,"2SP",36,"Inga edulis",NA,153,415,52.04043835,8.14002113219446,NA,NA,0.58,"BIOMASS+BIEN+Zanne"
"LLFS",6,"2SP",37,"Calophyllum brasiliense",NA,141,254,1.767144375,1.49999936650197,NA,NA,0.571,"BIOMASS+BIEN+Zanne+TWDD+CIRAD"
"LLFS",6,"2SP",38,"Inga edulis",NA,222,515,140.515466725,13.3757186304583,NA,NA,0.58,"BIOMASS+BIEN+Zanne"
"LLFS",6,"2SP",39,"Calophyllum brasiliense",NA,45,NA,NA,NA,NA,NA,0.571,"BIOMASS+BIEN+Zanne+TWDD+CIRAD"
"LLFS",6,"2SP",40,"Inga edulis",NA,182,430,46.000731575,7.65310071330813,NA,NA,0.58,"BIOMASS+BIEN+Zanne"
"LLFS",6,"2SP",41,"Calophyllum brasiliense",NA,63,132,NA,NA,NA,NA,0.571,"BIOMASS+BIEN+Zanne+TWDD+CIRAD"
"LLFS",6,"2SP",42,"Inga edulis",NA,175,415,59.446736775,8.69999632571141,NA,NA,0.58,"BIOMASS+BIEN+Zanne"
"LLFS",6,"2SP",43,"Calophyllum brasiliense",NA,NA,NA,NA,NA,NA,1,0.571,"BIOMASS+BIEN+Zanne+TWDD+CIRAD"
"LLFS",6,"2SP",44,"Inga edulis",NA,17,505,53.194972675,8.22982033770583,NA,NA,0.58,"BIOMASS+BIEN+Zanne"
"LLFS",6,"2SP",45,"Calophyllum brasiliense",NA,NA,NA,NA,NA,NA,1,0.571,"BIOMASS+BIEN+Zanne+TWDD+CIRAD"
"LLFS",6,"2SP",46,"Inga edulis",NA,123,350,26.49931165,5.80861183941922,NA,NA,0.58,"BIOMASS+BIEN+Zanne"
"LLFS",6,"2SP",47,"Calophyllum brasiliense",NA,105,230,1.327321775,1.29999945096837,NA,NA,0.571,"BIOMASS+BIEN+Zanne+TWDD+CIRAD"
"LLFS",6,"2SP",48,"Inga edulis",NA,113,365,46.3384525,7.6811425038748,NA,NA,0.58,"BIOMASS+BIEN+Zanne"
"LLFS",6,"2SP",49,"Calophyllum brasiliense",NA,104,185,NA,NA,NA,NA,0.571,"BIOMASS+BIEN+Zanne+TWDD+CIRAD"
"LLFS",1,"6SP",2,"Inga edulis",NA,106,377,22.44666055,5.34602430405126,NA,NA,0.58,"BIOMASS+BIEN+Zanne"
"LLFS",1,"6SP",3,"Calophyllum brasiliense",NA,71,127,NA,NA,NA,NA,0.571,"BIOMASS+BIEN+Zanne+TWDD+CIRAD"
"LLFS",1,"6SP",4,"Croton draco",NA,96,370,7.547669975,3.09999869077073,NA,NA,0.51,"BIOMASS (genus)"
"LLFS",1,"6SP",5,"Quercus insignis",NA,55,124,NA,NA,NA,NA,0.701,"BIOMASS (genus)"
"LLFS",1,"6SP",6,"Lacistema aggregatum",NA,59,160,NA,NA,NA,NA,0.508,"BIOMASS+BIEN+Zanne"
"LLFS",1,"6SP",7,"Zygia longifolia",NA,80,215,1.327321775,1.29999945096837,NA,NA,0.71,"BIOMASS+BIEN+Zanne"
"LLFS",1,"6SP",8,"Lacistema aggregatum",NA,60,115,NA,NA,NA,NA,0.508,"BIOMASS+BIEN+Zanne"
"LLFS",1,"6SP",9,"Quercus insignis",NA,19,378,5.23074735,2.58069649020156,NA,NA,0.701,"BIOMASS (genus)"
"LLFS",1,"6SP",10,"Zygia longifolia",NA,65,275,3.09446615,1.98494248582279,NA,NA,0.71,"BIOMASS+BIEN+Zanne"
"LLFS",1,"6SP",11,"Calophyllum brasiliense",NA,85,68,NA,NA,NA,NA,0.571,"BIOMASS+BIEN+Zanne+TWDD+CIRAD"
"LLFS",1,"6SP",12,"Croton draco",NA,224,523,80.526805675,10.1257055752483,NA,NA,0.51,"BIOMASS (genus)"
"LLFS",1,"6SP",13,"Inga edulis",NA,93,353,24.685043425,5.60624414846649,NA,NA,0.58,"BIOMASS+BIEN+Zanne"
"LLFS",1,"6SP",14,"Quercus insignis",NA,63,167,NA,NA,NA,NA,0.701,"BIOMASS (genus)"
"LLFS",1,"6SP",15,"Zygia longifolia",NA,56,173,1.327321775,1.29999945096837,NA,NA,0.71,"BIOMASS+BIEN+Zanne"
"LLFS",1,"6SP",16,"Croton draco",NA,29,596,135.60673235,13.1400096712421,NA,NA,0.51,"BIOMASS (genus)"
"LLFS",1,"6SP",17,"Inga edulis",NA,144,435,50.697408625,8.03429806995904,NA,NA,0.58,"BIOMASS+BIEN+Zanne"
"LLFS",1,"6SP",18,"Lacistema aggregatum",NA,92,178,NA,NA,NA,NA,0.508,"BIOMASS+BIEN+Zanne"
"LLFS",1,"6SP",19,"Inga edulis",NA,95,341,35.806272025,6.7520338781566,NA,NA,0.58,"BIOMASS+BIEN+Zanne"
"LLFS",1,"6SP",20,"Calophyllum brasiliense",NA,50,145,NA,NA,NA,NA,0.571,"BIOMASS+BIEN+Zanne+TWDD+CIRAD"
"LLFS",1,"6SP",21,"Croton draco",NA,308,580,99.8083143,11.2729717758946,NA,NA,0.51,"BIOMASS (genus)"
"LLFS",1,"6SP",22,"Calophyllum brasiliense",NA,104,187,0.7853975,0.999999577667978,NA,NA,0.571,"BIOMASS+BIEN+Zanne+TWDD+CIRAD"
"LLFS",1,"6SP",23,"Lacistema aggregatum",NA,41,96,NA,NA,NA,NA,0.508,"BIOMASS+BIEN+Zanne"
"LLFS",1,"6SP",24,"Quercus insignis",NA,93,246,1.1309724,1.19999949320157,NA,NA,0.701,"BIOMASS (genus)"
"LLFS",1,"6SP",25,"Zygia longifolia",NA,75,178,1.5393791,1.39999940873517,NA,NA,0.71,"BIOMASS+BIEN+Zanne"
"LLFS",1,"6SP",26,"Croton draco",NA,245,610,153.48237945,13.9792644633324,NA,NA,0.51,"BIOMASS (genus)"
"LLFS",1,"6SP",27,"Quercus insignis",NA,30,128,NA,NA,NA,NA,0.701,"BIOMASS (genus)"
"LLFS",1,"6SP",28,"Lacistema aggregatum",NA,61,210,1.1309724,1.19999949320157,NA,NA,0.508,"BIOMASS+BIEN+Zanne"
"LLFS",1,"6SP",29,"Quercus insignis",NA,42,134,NA,NA,NA,NA,0.701,"BIOMASS (genus)"
"LLFS",1,"6SP",30,"Croton draco",NA,200,570,95.9127427,11.0507871597298,NA,NA,0.51,"BIOMASS (genus)"
"LLFS",1,"6SP",31,"Zygia longifolia",NA,80,236,2.960948575,1.9416479638743,NA,NA,0.71,"BIOMASS+BIEN+Zanne"
"LLFS",1,"6SP",32,"Inga edulis",NA,128,395,85.6397434,10.4422175756806,NA,NA,0.58,"BIOMASS+BIEN+Zanne"
"LLFS",1,"6SP",33,"Lacistema aggregatum",NA,82,263,4.5238896,2.39999898640315,NA,NA,0.508,"BIOMASS+BIEN+Zanne"
"LLFS",1,"6SP",34,"Inga edulis",NA,124,413,96.02269835,11.0571197303545,NA,NA,0.58,"BIOMASS+BIEN+Zanne"
"LLFS",1,"6SP",35,"Calophyllum brasiliense",NA,70,174,NA,NA,NA,NA,0.571,"BIOMASS+BIEN+Zanne+TWDD+CIRAD"
"LLFS",1,"6SP",36,"Zygia longifolia",NA,43,185,0.7853975,0.999999577667978,NA,NA,0.71,"BIOMASS+BIEN+Zanne"
"LLFS",1,"6SP",37,"Quercus insignis",NA,47,123,NA,NA,NA,NA,0.701,"BIOMASS (genus)"
"LLFS",1,"6SP",38,"Calophyllum brasiliense",NA,80,166,NA,NA,NA,NA,0.571,"BIOMASS+BIEN+Zanne+TWDD+CIRAD"
"LLFS",1,"6SP",39,"Lacistema aggregatum",NA,NA,64,NA,NA,NA,1,0.508,"BIOMASS+BIEN+Zanne"
"LLFS",1,"6SP",40,"Zygia longifolia",NA,49,151,NA,NA,NA,NA,0.71,"BIOMASS+BIEN+Zanne"
"LLFS",1,"6SP",41,"Quercus insignis",NA,93,290,1.5393791,1.39999940873517,NA,NA,0.701,"BIOMASS (genus)"
"LLFS",1,"6SP",42,"Inga edulis",NA,87,385,35.3428875,6.70820109941004,NA,NA,0.58,"BIOMASS+BIEN+Zanne"
"LLFS",1,"6SP",43,"Lacistema aggregatum",NA,62,169,NA,NA,NA,NA,0.508,"BIOMASS+BIEN+Zanne"
"LLFS",1,"6SP",44,"Calophyllum brasiliense",NA,70,112,NA,NA,NA,NA,0.571,"BIOMASS+BIEN+Zanne+TWDD+CIRAD"
"LLFS",1,"6SP",45,"Inga edulis",NA,126,403,66.08334565,9.17278196241371,NA,NA,0.58,"BIOMASS+BIEN+Zanne"
"LLFS",1,"6SP",46,"Croton draco",NA,107,415,32.62541215,6.44515049573422,NA,NA,0.51,"BIOMASS (genus)"
"LLFS",1,"6SP",47,"Calophyllum brasiliense",NA,89,150,NA,NA,NA,NA,0.571,"BIOMASS+BIEN+Zanne+TWDD+CIRAD"
"LLFS",1,"6SP",48,"Croton draco",NA,316,500,129.3706762,12.8343235453595,NA,NA,0.51,"BIOMASS (genus)"
"LLFS",1,"6SP",49,"Zygia longifolia",NA,77,200,9.479747825,3.47418908594612,NA,NA,0.71,"BIOMASS+BIEN+Zanne"
"LLFS",4,"6SP",2,"Inga edulis",NA,255,500,150.819881925,13.8574830975613,NA,NA,0.58,"BIOMASS+BIEN+Zanne"
"LLFS",4,"6SP",3,"Calophyllum brasiliense",NA,127,275,1.767144375,1.49999936650197,NA,NA,0.571,"BIOMASS+BIEN+Zanne+TWDD+CIRAD"
"LLFS",4,"6SP",4,"Croton draco",NA,306,440,118.2808635,12.2719139824895,NA,NA,0.51,"BIOMASS (genus)"
"LLFS",4,"6SP",5,"Quercus insignis",NA,NA,56,NA,NA,NA,1,0.701,"BIOMASS (genus)"
"LLFS",4,"6SP",6,"Lacistema aggregatum",NA,63,157,NA,NA,NA,NA,0.508,"BIOMASS+BIEN+Zanne"
"LLFS",4,"6SP",7,"Zygia longifolia",NA,173,258,35.5627988,6.72903869461457,NA,NA,0.71,"BIOMASS+BIEN+Zanne"
"LLFS",4,"6SP",8,"Lacistema aggregatum",NA,19,80,NA,NA,NA,NA,0.508,"BIOMASS+BIEN+Zanne"
"LLFS",4,"6SP",9,"Quercus insignis",NA,55,78,NA,NA,NA,NA,0.701,"BIOMASS (genus)"
"LLFS",4,"6SP",10,"Zygia longifolia",NA,213,320,18.4411333,4.84561452937524,NA,NA,0.71,"BIOMASS+BIEN+Zanne"
"LLFS",4,"6SP",11,"Calophyllum brasiliense",NA,86,132,NA,NA,NA,NA,0.571,"BIOMASS+BIEN+Zanne+TWDD+CIRAD"
"LLFS",4,"6SP",12,"Croton draco",NA,205,490,71.86387125,9.56555919501084,NA,NA,0.51,"BIOMASS (genus)"
"LLFS",4,"6SP",13,"Inga edulis",NA,13,212,29.5937778,6.13840110884468,NA,NA,0.58,"BIOMASS+BIEN+Zanne"
"LLFS",4,"6SP",14,"Quercus insignis",NA,68,170,NA,NA,NA,NA,0.701,"BIOMASS (genus)"
"LLFS",4,"6SP",15,"Zygia longifolia",NA,134,203,7.6968955,3.13049384639135,NA,NA,0.71,"BIOMASS+BIEN+Zanne"
"LLFS",4,"6SP",16,"Croton draco",NA,278,435,38.7358047,7.02281698047003,NA,NA,0.51,"BIOMASS (genus)"
"LLFS",4,"6SP",17,"Inga edulis",NA,167,445,60.075054775,8.74585246797938,NA,NA,0.58,"BIOMASS+BIEN+Zanne"
"LLFS",4,"6SP",18,"Lacistema aggregatum",NA,59,135,NA,NA,NA,NA,0.508,"BIOMASS+BIEN+Zanne"
"LLFS",4,"6SP",19,"Inga edulis",NA,188,495,158.6817109,14.214071525925,NA,NA,0.58,"BIOMASS+BIEN+Zanne"
"LLFS",4,"6SP",20,"Calophyllum brasiliense",NA,94,220,NA,NA,NA,NA,0.571,"BIOMASS+BIEN+Zanne+TWDD+CIRAD"
"LLFS",4,"6SP",21,"Croton draco",NA,143,220,4.830194625,2.47991830617809,NA,NA,0.51,"BIOMASS (genus)"
"LLFS",4,"6SP",22,"Calophyllum brasiliense",NA,104,212,1.1309724,1.19999949320157,NA,NA,0.571,"BIOMASS+BIEN+Zanne+TWDD+CIRAD"
"LLFS",4,"6SP",23,"Lacistema aggregatum",NA,82,163,NA,NA,NA,NA,0.508,"BIOMASS+BIEN+Zanne"
"LLFS",4,"6SP",24,"Quercus insignis",NA,35,75,NA,NA,NA,NA,0.701,"BIOMASS (genus)"
"LLFS",4,"6SP",25,"Zygia longifolia",NA,182,150,NA,NA,NA,NA,0.71,"BIOMASS+BIEN+Zanne"
"LLFS",4,"6SP",26,"Croton draco",NA,147,458,28.360703725,6.00915713716889,NA,NA,0.51,"BIOMASS (genus)"
"LLFS",4,"6SP",27,"Quercus insignis",NA,78,NA,NA,NA,NA,NA,0.701,"BIOMASS (genus)"
"LLFS",4,"6SP",28,"Lacistema aggregatum",NA,65,113,NA,NA,NA,NA,0.508,"BIOMASS+BIEN+Zanne"
"LLFS",4,"6SP",29,"Quercus insignis",NA,200,250,1.767144375,1.49999936650197,NA,NA,0.701,"BIOMASS (genus)"
"LLFS",4,"6SP",30,"Croton draco",NA,34,700,70.583673325,9.47997489923146,NA,NA,0.51,"BIOMASS (genus)"
"LLFS",4,"6SP",31,"Zygia longifolia",NA,173,237,26.114466875,5.76627886205016,NA,NA,0.71,"BIOMASS+BIEN+Zanne"
"LLFS",4,"6SP",32,"Inga edulis",NA,115,310,21.072214925,5.17976614700591,NA,NA,0.58,"BIOMASS+BIEN+Zanne"
"LLFS",4,"6SP",33,"Lacistema aggregatum",NA,59,135,NA,NA,NA,NA,0.508,"BIOMASS+BIEN+Zanne"
"LLFS",4,"6SP",34,"Inga edulis",NA,185,430,57.043420425,8.52232002755491,NA,NA,0.58,"BIOMASS+BIEN+Zanne"
"LLFS",4,"6SP",35,"Calophyllum brasiliense",NA,86,107,NA,NA,NA,NA,0.571,"BIOMASS+BIEN+Zanne+TWDD+CIRAD"
"LLFS",4,"6SP",36,"Zygia longifolia",NA,117,200,1.5393791,1.39999940873517,NA,NA,0.71,"BIOMASS+BIEN+Zanne"
"LLFS",4,"6SP",37,"Quercus insignis",NA,50,77,NA,NA,NA,NA,0.701,"BIOMASS (genus)"
"LLFS",4,"6SP",38,"Calophyllum brasiliense",NA,65,113,NA,NA,NA,NA,0.571,"BIOMASS+BIEN+Zanne+TWDD+CIRAD"
"LLFS",4,"6SP",39,"Lacistema aggregatum",NA,30,47,NA,NA,NA,NA,0.508,"BIOMASS+BIEN+Zanne"
"LLFS",4,"6SP",40,"Zygia longifolia",NA,179,190,12.856957075,4.04598395607948,NA,NA,0.71,"BIOMASS+BIEN+Zanne"
"LLFS",4,"6SP",41,"Quercus insignis",NA,39,68,NA,NA,1,NA,0.701,"BIOMASS (genus)"
"LLFS",4,"6SP",42,"Inga edulis",NA,274,510,189.17084185,15.5196583903854,NA,NA,0.58,"BIOMASS+BIEN+Zanne"
"LLFS",4,"6SP",43,"Lacistema aggregatum",NA,36,36,NA,NA,NA,NA,0.508,"BIOMASS+BIEN+Zanne"
"LLFS",4,"6SP",44,"Calophyllum brasiliense",NA,100,128,NA,NA,NA,NA,0.571,"BIOMASS+BIEN+Zanne+TWDD+CIRAD"
"LLFS",4,"6SP",45,"Inga edulis",NA,158,310,56.3915405,8.4734844871006,NA,NA,0.58,"BIOMASS+BIEN+Zanne"
"LLFS",4,"6SP",46,"Croton draco",NA,193,530,63.075273225,8.96158089652964,NA,NA,0.51,"BIOMASS (genus)"
"LLFS",4,"6SP",47,"Calophyllum brasiliense",NA,110,215,NA,NA,NA,NA,0.571,"BIOMASS+BIEN+Zanne+TWDD+CIRAD"
"LLFS",4,"6SP",48,"Croton draco",NA,230,485,81.19439355,10.1675912918768,NA,NA,0.51,"BIOMASS (genus)"
"LLFS",4,"6SP",49,"Zygia longifolia",NA,205,198,1.735728475,1.48660624689016,NA,NA,0.71,"BIOMASS+BIEN+Zanne"
"LLFS",6,"6SP",2,"Calophyllum brasiliense",NA,90,155,NA,NA,NA,NA,0.571,"BIOMASS+BIEN+Zanne+TWDD+CIRAD"
"LLFS",6,"6SP",3,"Lacistema aggregatum",NA,72,181,NA,NA,NA,NA,0.508,"BIOMASS+BIEN+Zanne"
"LLFS",6,"6SP",4,"Inga edulis",NA,108,158,NA,NA,NA,NA,0.58,"BIOMASS+BIEN+Zanne"
"LLFS",6,"6SP",5,"Croton draco",NA,415,728,88.066621675,10.5891409135888,NA,NA,0.51,"BIOMASS (genus)"
"LLFS",6,"6SP",6,"Zygia longifolia",NA,82,190,NA,NA,NA,NA,0.71,"BIOMASS+BIEN+Zanne"
"LLFS",6,"6SP",7,"Quercus insignis",NA,125,410,NA,NA,NA,NA,0.701,"BIOMASS (genus)"
"LLFS",6,"6SP",8,"Croton draco",NA,405,620,73.90590475,9.70051135338392,NA,NA,0.51,"BIOMASS (genus)"
"LLFS",6,"6SP",9,"Zygia longifolia",NA,92,154,NA,NA,NA,NA,0.71,"BIOMASS+BIEN+Zanne"
"LLFS",6,"6SP",10,"Calophyllum brasiliense",NA,146,240,NA,NA,NA,NA,0.571,"BIOMASS+BIEN+Zanne+TWDD+CIRAD"
"LLFS",6,"6SP",11,"Quercus insignis",NA,61,168,NA,NA,NA,NA,0.701,"BIOMASS (genus)"
"LLFS",6,"6SP",12,"Lacistema aggregatum",NA,92,207,NA,NA,NA,NA,0.508,"BIOMASS+BIEN+Zanne"
"LLFS",6,"6SP",13,"Inga edulis",NA,134,415,27.8030715,5.9497873994706,NA,NA,0.58,"BIOMASS+BIEN+Zanne"
"LLFS",6,"6SP",14,"Croton draco",NA,107,265,9.432623975,3.4655432266222,NA,NA,0.51,"BIOMASS (genus)"
"LLFS",6,"6SP",15,"Zygia longifolia",NA,78,145,NA,NA,NA,NA,0.71,"BIOMASS+BIEN+Zanne"
"LLFS",6,"6SP",16,"Inga edulis",NA,203,292,16.41480775,4.57164984951005,NA,NA,0.58,"BIOMASS+BIEN+Zanne"
"LLFS",6,"6SP",17,"Lacistema aggregatum",NA,91,210,NA,NA,NA,NA,0.508,"BIOMASS+BIEN+Zanne"
"LLFS",6,"6SP",18,"Croton draco",NA,550,785,171.35802655,14.7709111334148,NA,NA,0.51,"BIOMASS (genus)"
"LLFS",6,"6SP",19,"Quercus insignis",NA,75,204,NA,NA,NA,NA,0.701,"BIOMASS (genus)"
"LLFS",6,"6SP",20,"Calophyllum brasiliense",NA,128,175,NA,NA,NA,NA,0.571,"BIOMASS+BIEN+Zanne+TWDD+CIRAD"
"LLFS",6,"6SP",21,"Zygia longifolia",NA,100,155,0.950330975,1.09999953543478,NA,NA,0.71,"BIOMASS+BIEN+Zanne"
"LLFS",6,"6SP",22,"Calophyllum brasiliense",NA,112,148,NA,NA,NA,NA,0.571,"BIOMASS+BIEN+Zanne+TWDD+CIRAD"
"LLFS",6,"6SP",23,"Quercus insignis",NA,82,NA,NA,NA,NA,NA,0.701,"BIOMASS (genus)"
"LLFS",6,"6SP",24,"Zygia longifolia",NA,150,240,2.898116775,1.92093645995653,NA,NA,0.71,"BIOMASS+BIEN+Zanne"
"LLFS",6,"6SP",25,"Lacistema aggregatum",NA,150,275,6.605192975,2.89999877523714,NA,NA,0.508,"BIOMASS+BIEN+Zanne"
"LLFS",6,"6SP",26,"Calophyllum brasiliense",NA,23,NA,NA,NA,NA,NA,0.571,"BIOMASS+BIEN+Zanne+TWDD+CIRAD"
"LLFS",6,"6SP",27,"Croton draco",NA,477,765,156.537575725,14.117713400195,NA,NA,0.51,"BIOMASS (genus)"
"LLFS",6,"6SP",28,"Inga edulis",NA,175,465,52.98291535,8.21340021056905,NA,NA,0.58,"BIOMASS+BIEN+Zanne"
"LLFS",6,"6SP",29,"Croton draco",NA,132,325,12.260054975,3.9509475844153,NA,NA,0.51,"BIOMASS (genus)"
"LLFS",6,"6SP",30,"Zygia longifolia",NA,77,180,0.950330975,1.09999953543478,NA,NA,0.71,"BIOMASS+BIEN+Zanne"
"LLFS",6,"6SP",31,"Inga edulis",NA,141,405,26.507165625,5.8094725657838,NA,NA,0.58,"BIOMASS+BIEN+Zanne"
"LLFS",6,"6SP",32,"Quercus insignis",NA,48,NA,NA,NA,NA,NA,0.701,"BIOMASS (genus)"
"LLFS",6,"6SP",33,"Inga edulis",NA,162,420,49.7313697,7.95738314497197,NA,NA,0.58,"BIOMASS+BIEN+Zanne"
"LLFS",6,"6SP",34,"Lacistema aggregatum",NA,125,295,5.097229775,2.54754676466037,NA,NA,0.508,"BIOMASS+BIEN+Zanne"
"LLFS",6,"6SP",35,"Calophyllum brasiliense",NA,84,100,NA,NA,NA,NA,0.571,"BIOMASS+BIEN+Zanne+TWDD+CIRAD"
"LLFS",6,"6SP",36,"Lacistema aggregatum",NA,96,185,NA,NA,NA,NA,0.508,"BIOMASS+BIEN+Zanne"
"LLFS",6,"6SP",37,"Inga edulis",NA,50,235,5.002982075,2.52388482690696,NA,NA,0.58,"BIOMASS+BIEN+Zanne"
"LLFS",6,"6SP",38,"Quercus insignis",NA,96,192,0.950330975,1.09999953543478,NA,NA,0.701,"BIOMASS (genus)"
"LLFS",6,"6SP",39,"Calophyllum brasiliense",NA,43,NA,NA,NA,NA,NA,0.571,"BIOMASS+BIEN+Zanne+TWDD+CIRAD"
"LLFS",6,"6SP",40,"Zygia longifolia",NA,62,30,NA,NA,NA,NA,0.71,"BIOMASS+BIEN+Zanne"
"LLFS",6,"6SP",41,"Quercus insignis",NA,93,198,NA,NA,NA,NA,0.701,"BIOMASS (genus)"
"LLFS",6,"6SP",42,"Croton draco",NA,43,608,100.3109687,11.3013225827569,NA,NA,0.51,"BIOMASS (genus)"
"LLFS",6,"6SP",43,"Croton draco",NA,41,640,59.446736775,8.69999632571141,NA,NA,0.51,"BIOMASS (genus)"
"LLFS",6,"6SP",44,"Calophyllum brasiliense",NA,143,180,NA,NA,NA,NA,0.571,"BIOMASS+BIEN+Zanne+TWDD+CIRAD"
"LLFS",6,"6SP",45,"Lacistema aggregatum",NA,56,123,NA,NA,NA,NA,0.508,"BIOMASS+BIEN+Zanne"
"LLFS",6,"6SP",46,"Zygia longifolia",NA,156,190,2.3247766,1.72046432680104,NA,NA,0.71,"BIOMASS+BIEN+Zanne"
"LLFS",6,"6SP",47,"Inga edulis",NA,141,400,29.538799975,6.13269665254952,NA,NA,0.58,"BIOMASS+BIEN+Zanne"
"LLFS",6,"6SP",48,"Lacistema aggregatum",NA,80,185,3.14159,1.99999915533596,NA,NA,0.508,"BIOMASS+BIEN+Zanne"
"LLFS",6,"6SP",49,"Quercus insignis",NA,57,77,NA,NA,NA,NA,0.701,"BIOMASS (genus)"
"LLFS",3,"6SP",2,"Calophyllum brasiliense",NA,84,163,NA,NA,NA,NA,0.571,"BIOMASS+BIEN+Zanne+TWDD+CIRAD"
"LLFS",3,"6SP",3,"Lacistema aggregatum",NA,55,45,NA,NA,NA,NA,0.508,"BIOMASS+BIEN+Zanne"
"LLFS",3,"6SP",4,"Inga edulis",NA,212,460,169.308139075,14.6822960709765,NA,NA,0.58,"BIOMASS+BIEN+Zanne"
"LLFS",3,"6SP",5,"Croton draco",NA,238,545,40.7150064,7.19999695920944,NA,NA,0.51,"BIOMASS (genus)"
"LLFS",3,"6SP",6,"Zygia longifolia",NA,188,240,9.5190177,3.481377566808,NA,NA,0.71,"BIOMASS+BIEN+Zanne"
"LLFS",3,"6SP",7,"Quercus insignis",NA,132,300,1.5393791,1.39999940873517,NA,NA,0.701,"BIOMASS (genus)"
"LLFS",3,"6SP",8,"Croton draco",NA,430,625,232.3519964,17.1999927358892,NA,NA,0.51,"BIOMASS (genus)"
"LLFS",3,"6SP",9,"Zygia longifolia",NA,253,305,37.33779715,6.89492275842738,NA,NA,0.71,"BIOMASS+BIEN+Zanne"
"LLFS",3,"6SP",10,"Calophyllum brasiliense",NA,87,155,NA,NA,NA,NA,0.571,"BIOMASS+BIEN+Zanne+TWDD+CIRAD"
"LLFS",3,"6SP",11,"Quercus insignis",NA,147,255,1.5393791,1.39999940873517,NA,NA,0.701,"BIOMASS (genus)"
"LLFS",3,"6SP",12,"Lacistema aggregatum",NA,43,55,NA,NA,NA,NA,0.508,"BIOMASS+BIEN+Zanne"
"LLFS",3,"6SP",13,"Inga edulis",NA,212,540,112.8144969,11.9849855516176,NA,NA,0.58,"BIOMASS+BIEN+Zanne"
"LLFS",3,"6SP",14,"Croton draco",NA,257,540,154.008595775,14.0032080028065,NA,NA,0.51,"BIOMASS (genus)"
"LLFS",3,"6SP",15,"Zygia longifolia",NA,200,218,8.552978775,3.29999860630433,NA,NA,0.71,"BIOMASS+BIEN+Zanne"
"LLFS",3,"6SP",16,"Inga edulis",NA,218,626,194.236655725,15.7260863251535,NA,NA,0.58,"BIOMASS+BIEN+Zanne"
"LLFS",3,"6SP",17,"Lacistema aggregatum",NA,57,103,NA,NA,NA,NA,0.508,"BIOMASS+BIEN+Zanne"
"LLFS",3,"6SP",18,"Croton draco",NA,150,495,48.4119019,7.85111125477912,NA,NA,0.51,"BIOMASS (genus)"
"LLFS",3,"6SP",19,"Quercus insignis",NA,81,92,NA,NA,NA,NA,0.701,"BIOMASS (genus)"
"LLFS",3,"6SP",20,"Calophyllum brasiliense",NA,82,228,0.7853975,0.999999577667978,NA,NA,0.571,"BIOMASS+BIEN+Zanne+TWDD+CIRAD"
"LLFS",3,"6SP",21,"Zygia longifolia",NA,74,140,NA,NA,NA,NA,0.71,"BIOMASS+BIEN+Zanne"
"LLFS",3,"6SP",22,"Calophyllum brasiliense",NA,72,177,NA,NA,NA,NA,0.571,"BIOMASS+BIEN+Zanne+TWDD+CIRAD"
"LLFS",3,"6SP",23,"Quercus insignis",NA,75,190,0.7853975,0.999999577667978,NA,NA,0.701,"BIOMASS (genus)"
"LLFS",3,"6SP",24,"Zygia longifolia",NA,158,275,17.3101609,4.69467585500942,NA,NA,0.71,"BIOMASS+BIEN+Zanne"
"LLFS",3,"6SP",25,"Lacistema aggregatum",NA,61,160,NA,NA,NA,NA,0.508,"BIOMASS+BIEN+Zanne"
"LLFS",3,"6SP",26,"Calophyllum brasiliense",NA,62,109,NA,NA,NA,NA,0.571,"BIOMASS+BIEN+Zanne+TWDD+CIRAD"
"LLFS",3,"6SP",27,"Croton draco",NA,23,595,165.16909425,14.5017179108956,NA,NA,0.51,"BIOMASS (genus)"
"LLFS",3,"6SP",28,"Inga edulis",NA,236,540,135.85805955,13.1521805754804,NA,NA,0.58,"BIOMASS+BIEN+Zanne"
"LLFS",3,"6SP",29,"Croton draco",NA,17,168,0.7853975,0.999999577667978,NA,NA,0.51,"BIOMASS (genus)"
"LLFS",3,"6SP",30,"Zygia longifolia",NA,116,170,2.112719275,1.64012125400966,NA,NA,0.71,"BIOMASS+BIEN+Zanne"
"LLFS",3,"6SP",31,"Inga edulis",NA,24,517,237.197898975,17.3784275728003,NA,NA,0.58,"BIOMASS+BIEN+Zanne"
"LLFS",3,"6SP",32,"Quercus insignis",NA,77,153,NA,NA,NA,NA,0.701,"BIOMASS (genus)"
"LLFS",3,"6SP",33,"Inga edulis",NA,143,558,126.771010475,12.7047181654221,NA,NA,0.58,"BIOMASS+BIEN+Zanne"
"LLFS",3,"6SP",34,"Lacistema aggregatum",NA,68,124,NA,NA,NA,NA,0.508,"BIOMASS+BIEN+Zanne"
"LLFS",3,"6SP",35,"Calophyllum brasiliense",NA,68,104,NA,NA,NA,NA,0.571,"BIOMASS+BIEN+Zanne+TWDD+CIRAD"
"LLFS",3,"6SP",36,"Lacistema aggregatum",NA,80,118,NA,NA,NA,NA,0.508,"BIOMASS+BIEN+Zanne"
"LLFS",3,"6SP",37,"Inga edulis",NA,135,470,38.586579175,7.00927660330681,NA,NA,0.58,"BIOMASS+BIEN+Zanne"
"LLFS",3,"6SP",38,"Quercus insignis",NA,205,320,5.694131875,2.69258126640348,NA,NA,0.701,"BIOMASS (genus)"
"LLFS",3,"6SP",39,"Calophyllum brasiliense",NA,83,180,0.7853975,0.999999577667978,NA,NA,0.571,"BIOMASS+BIEN+Zanne+TWDD+CIRAD"
"LLFS",3,"6SP",40,"Zygia longifolia",NA,125,240,6.5659231,2.89136523784355,NA,NA,0.71,"BIOMASS+BIEN+Zanne"
"LLFS",3,"6SP",41,"Quercus insignis",NA,38,66,NA,NA,NA,NA,0.701,"BIOMASS (genus)"
"LLFS",3,"6SP",42,"Croton draco",NA,118,458,49.6999538,7.95486936094306,NA,NA,0.51,"BIOMASS (genus)"
"LLFS",3,"6SP",43,"Croton draco",NA,189,508,327.769938675,20.4286477158041,NA,NA,0.51,"BIOMASS (genus)"
"LLFS",3,"6SP",44,"Calophyllum brasiliense",NA,83,114,NA,NA,NA,NA,0.571,"BIOMASS+BIEN+Zanne+TWDD+CIRAD"
"LLFS",3,"6SP",45,"Lacistema aggregatum",NA,36,106,NA,NA,NA,NA,0.508,"BIOMASS+BIEN+Zanne"
"LLFS",3,"6SP",46,"Zygia longifolia",NA,200,315,18.229075975,4.81767375351961,NA,NA,0.71,"BIOMASS+BIEN+Zanne"
"LLFS",3,"6SP",47,"Inga edulis",NA,13,430,98.261081225,11.1852534313758,NA,NA,0.58,"BIOMASS+BIEN+Zanne"
"LLFS",3,"6SP",48,"Lacistema aggregatum",NA,57,170,NA,NA,NA,NA,0.508,"BIOMASS+BIEN+Zanne"
"LLFS",3,"6SP",49,"Quercus insignis",NA,174,518,7.0685775,2.99999873300394,NA,NA,0.701,"BIOMASS (genus)"
"LLFS",5,"6SP",2,"Croton draco",NA,279,463,84.862199875,10.3947058031514,NA,NA,0.51,"BIOMASS (genus)"
"LLFS",5,"6SP",3,"Inga edulis",NA,80,225,5.929751125,2.747725172354,1,NA,0.58,"BIOMASS+BIEN+Zanne"
"LLFS",5,"6SP",4,"Lacistema aggregatum",NA,59,156,NA,NA,NA,NA,0.508,"BIOMASS+BIEN+Zanne"
"LLFS",5,"6SP",5,"Calophyllum brasiliense",NA,104,204,0.7853975,0.999999577667978,NA,NA,0.571,"BIOMASS+BIEN+Zanne+TWDD+CIRAD"
"LLFS",5,"6SP",6,"Quercus insignis",NA,40,83,NA,NA,NA,NA,0.701,"BIOMASS (genus)"
"LLFS",5,"6SP",7,"Zygia longifolia",NA,43,103,NA,NA,NA,NA,0.71,"BIOMASS+BIEN+Zanne"
"LLFS",5,"6SP",8,"Lacistema aggregatum",NA,27,77,NA,NA,NA,NA,0.508,"BIOMASS+BIEN+Zanne"
"LLFS",5,"6SP",9,"Zygia longifolia",NA,67,38,NA,NA,NA,NA,0.71,"BIOMASS+BIEN+Zanne"
"LLFS",5,"6SP",10,"Quercus insignis",NA,77,140,NA,NA,NA,NA,0.701,"BIOMASS (genus)"
"LLFS",5,"6SP",11,"Croton draco",NA,86,300,10.595012275,3.67287198326929,NA,NA,0.51,"BIOMASS (genus)"
"LLFS",5,"6SP",12,"Zygia longifolia",NA,47,146,NA,NA,NA,NA,0.71,"BIOMASS+BIEN+Zanne"
"LLFS",5,"6SP",13,"Inga edulis",NA,65,160,NA,NA,NA,NA,0.58,"BIOMASS+BIEN+Zanne"
"LLFS",5,"6SP",14,"Calophyllum brasiliense",NA,100,206,NA,NA,NA,NA,0.571,"BIOMASS+BIEN+Zanne+TWDD+CIRAD"
"LLFS",5,"6SP",15,"Croton draco",NA,152,310,9.621119375,3.49999852183792,NA,NA,0.51,"BIOMASS (genus)"
"LLFS",5,"6SP",16,"Inga edulis",NA,143,320,40.5579269,7.18609465436951,NA,NA,0.58,"BIOMASS+BIEN+Zanne"
"LLFS",5,"6SP",17,"Calophyllum brasiliense",NA,106,200,NA,NA,1,NA,0.571,"BIOMASS+BIEN+Zanne+TWDD+CIRAD"
"LLFS",5,"6SP",18,"Quercus insignis",NA,64,110,NA,NA,1,NA,0.701,"BIOMASS (genus)"
"LLFS",5,"6SP",19,"Calophyllum brasiliense",NA,85,156,NA,NA,NA,NA,0.571,"BIOMASS+BIEN+Zanne+TWDD+CIRAD"
"LLFS",5,"6SP",20,"Lacistema aggregatum",NA,68,110,NA,NA,NA,NA,0.508,"BIOMASS+BIEN+Zanne"
"LLFS",5,"6SP",21,"Croton draco",NA,236,520,53.603379375,8.26135233189405,NA,NA,0.51,"BIOMASS (genus)"
"LLFS",5,"6SP",22,"Calophyllum brasiliense",NA,121,244,1.327321775,1.29999945096837,NA,NA,0.571,"BIOMASS+BIEN+Zanne+TWDD+CIRAD"
"LLFS",5,"6SP",23,"Quercus insignis",NA,38,120,NA,NA,1,NA,0.701,"BIOMASS (genus)"
"LLFS",5,"6SP",24,"Zygia longifolia",NA,135,214,3.337939375,2.06155194214906,NA,NA,0.71,"BIOMASS+BIEN+Zanne"
"LLFS",5,"6SP",25,"Croton draco",NA,181,355,15.904299375,4.4999980995059,NA,NA,0.51,"BIOMASS (genus)"
"LLFS",5,"6SP",26,"Inga edulis",NA,52,167,NA,NA,1,NA,0.58,"BIOMASS+BIEN+Zanne"
"LLFS",5,"6SP",27,"Quercus insignis",NA,65,127,NA,NA,NA,NA,0.701,"BIOMASS (genus)"
"LLFS",5,"6SP",28,"Lacistema aggregatum",NA,27,38,NA,NA,NA,NA,0.508,"BIOMASS+BIEN+Zanne"
"LLFS",5,"6SP",29,"Inga edulis",NA,84,265,10.987711025,3.74031926219575,NA,NA,0.58,"BIOMASS+BIEN+Zanne"
"LLFS",5,"6SP",30,"Lacistema aggregatum",NA,47,15,NA,NA,NA,NA,0.508,"BIOMASS+BIEN+Zanne"
"LLFS",5,"6SP",31,"Croton draco",NA,146,355,12.92764285,4.05709084158006,NA,NA,0.51,"BIOMASS (genus)"
"LLFS",5,"6SP",32,"Calophyllum brasiliense",NA,80,140,NA,NA,NA,NA,0.571,"BIOMASS+BIEN+Zanne+TWDD+CIRAD"
"LLFS",5,"6SP",33,"Quercus insignis",NA,45,96,NA,NA,NA,NA,0.701,"BIOMASS (genus)"
"LLFS",5,"6SP",34,"Zygia longifolia",NA,68,154,NA,NA,NA,NA,0.71,"BIOMASS+BIEN+Zanne"
"LLFS",5,"6SP",35,"Inga edulis",NA,83,165,NA,NA,NA,NA,0.58,"BIOMASS+BIEN+Zanne"
"LLFS",5,"6SP",36,"Quercus insignis",NA,53,190,NA,NA,NA,NA,0.701,"BIOMASS (genus)"
"LLFS",5,"6SP",37,"Zygia longifolia",NA,30,128,NA,NA,NA,NA,0.71,"BIOMASS+BIEN+Zanne"
"LLFS",5,"6SP",38,"Lacistema aggregatum",NA,23,50,NA,NA,NA,NA,0.508,"BIOMASS+BIEN+Zanne"
"LLFS",5,"6SP",39,"Inga edulis",NA,71,180,NA,NA,1,NA,0.58,"BIOMASS+BIEN+Zanne"
"LLFS",5,"6SP",40,"Croton draco",NA,59,154,NA,NA,NA,NA,0.51,"BIOMASS (genus)"
"LLFS",5,"6SP",41,"Calophyllum brasiliense",NA,85,135,NA,NA,NA,NA,0.571,"BIOMASS+BIEN+Zanne+TWDD+CIRAD"
"LLFS",5,"6SP",42,"Zygia longifolia",NA,28,65,NA,NA,NA,NA,0.71,"BIOMASS+BIEN+Zanne"
"LLFS",5,"6SP",43,"Lacistema aggregatum",NA,41,146,NA,NA,NA,NA,0.508,"BIOMASS+BIEN+Zanne"
"LLFS",5,"6SP",44,"Calophyllum brasiliense",NA,63,115,NA,NA,NA,NA,0.571,"BIOMASS+BIEN+Zanne+TWDD+CIRAD"
"LLFS",5,"6SP",45,"Quercus insignis",NA,69,75,NA,NA,NA,NA,0.701,"BIOMASS (genus)"
"LLFS",5,"6SP",46,"Zygia longifolia",NA,48,108,NA,NA,NA,NA,0.71,"BIOMASS+BIEN+Zanne"
"LLFS",5,"6SP",47,"Inga edulis",NA,44,106,NA,NA,1,NA,0.58,"BIOMASS+BIEN+Zanne"
"LLFS",5,"6SP",48,"Croton draco",NA,109,180,0.950330975,1.09999953543478,NA,NA,0.51,"BIOMASS (genus)"
"LLFS",5,"6SP",49,"Lacistema aggregatum",NA,36,41,NA,NA,NA,NA,0.508,"BIOMASS+BIEN+Zanne"
"LLFS",2,"6SP",2,"Croton draco",NA,222,594,219.597141,16.721236910946,NA,NA,0.51,"BIOMASS (genus)"
"LLFS",2,"6SP",3,"Inga edulis",NA,197,445,78.5711659,10.0019955758752,NA,NA,0.58,"BIOMASS+BIEN+Zanne"
"LLFS",2,"6SP",4,"Lacistema aggregatum",NA,88,167,NA,NA,NA,NA,0.508,"BIOMASS+BIEN+Zanne"
"LLFS",2,"6SP",5,"Calophyllum brasiliense",NA,65,128,NA,NA,NA,NA,0.571,"BIOMASS+BIEN+Zanne+TWDD+CIRAD"
"LLFS",2,"6SP",6,"Quercus insignis",NA,NA,55,NA,NA,NA,1,0.701,"BIOMASS (genus)"
"LLFS",2,"6SP",7,"Zygia longifolia",NA,106,230,10.924879225,3.72960966466005,NA,NA,0.71,"BIOMASS+BIEN+Zanne"
"LLFS",2,"6SP",8,"Lacistema aggregatum",NA,61,208,NA,NA,NA,NA,0.508,"BIOMASS+BIEN+Zanne"
"LLFS",2,"6SP",9,"Zygia longifolia",NA,70,222,6.6601708,2.9120427258628,NA,NA,0.71,"BIOMASS+BIEN+Zanne"
"LLFS",2,"6SP",10,"Quercus insignis",NA,39,79,NA,NA,1,NA,0.701,"BIOMASS (genus)"
"LLFS",2,"6SP",11,"Croton draco",NA,36,595,152.783375675,13.9473953011858,NA,NA,0.51,"BIOMASS (genus)"
"LLFS",2,"6SP",12,"Zygia longifolia",NA,120,207,4.908734375,2.49999894416995,NA,NA,0.71,"BIOMASS+BIEN+Zanne"
"LLFS",2,"6SP",13,"Inga edulis",NA,258,665,246.654084875,17.7214484377918,NA,NA,0.58,"BIOMASS+BIEN+Zanne"
"LLFS",2,"6SP",14,"Calophyllum brasiliense",NA,77,173,NA,NA,NA,NA,0.571,"BIOMASS+BIEN+Zanne+TWDD+CIRAD"
"LLFS",2,"6SP",15,"Croton draco",NA,297,742,247.533730075,17.7530204130815,NA,NA,0.51,"BIOMASS (genus)"
"LLFS",2,"6SP",16,"Inga edulis",NA,254,542,91.8286757,10.8129506260734,NA,NA,0.58,"BIOMASS+BIEN+Zanne"
"LLFS",2,"6SP",17,"Calophyllum brasiliense",NA,113,148,1.1309724,1.19999949320157,NA,NA,0.571,"BIOMASS+BIEN+Zanne+TWDD+CIRAD"
"LLFS",2,"6SP",18,"Quercus insignis",NA,67,125,NA,NA,NA,NA,0.701,"BIOMASS (genus)"
"LLFS",2,"6SP",19,"Calophyllum brasiliense",NA,117,227,0.950330975,1.09999953543478,NA,NA,0.571,"BIOMASS+BIEN+Zanne+TWDD+CIRAD"
"LLFS",2,"6SP",20,"Lacistema aggregatum",NA,57,122,NA,NA,NA,NA,0.508,"BIOMASS+BIEN+Zanne"
"LLFS",2,"6SP",21,"Croton draco",NA,37,680,211.106994025,16.3948093298702,NA,NA,0.51,"BIOMASS (genus)"
"LLFS",2,"6SP",22,"Calophyllum brasiliense",NA,82,150,NA,NA,NA,NA,0.571,"BIOMASS+BIEN+Zanne+TWDD+CIRAD"
"LLFS",2,"6SP",23,"Quercus insignis",NA,272,470,7.853975,3.16227632463726,NA,NA,0.701,"BIOMASS (genus)"
"LLFS",2,"6SP",24,"Zygia longifolia",NA,78,275,6.597339,2.8982741252034,NA,NA,0.71,"BIOMASS+BIEN+Zanne"
"LLFS",2,"6SP",25,"Croton draco",NA,25,600,103.31118715,11.4690840476873,NA,NA,0.51,"BIOMASS (genus)"
"LLFS",2,"6SP",26,"Inga edulis",NA,33,713,221.81196195,16.805349191553,NA,NA,0.58,"BIOMASS+BIEN+Zanne"
"LLFS",2,"6SP",27,"Quercus insignis",NA,187,268,2.5446879,1.79999923980236,NA,NA,0.701,"BIOMASS (genus)"
"LLFS",2,"6SP",28,"Lacistema aggregatum",NA,NA,68,NA,NA,NA,1,0.508,"BIOMASS+BIEN+Zanne"
"LLFS",2,"6SP",29,"Inga edulis",NA,150,542,76.945393075,9.89797541158196,NA,NA,0.58,"BIOMASS+BIEN+Zanne"
"LLFS",2,"6SP",30,"Lacistema aggregatum",NA,58,93,NA,NA,NA,NA,0.508,"BIOMASS+BIEN+Zanne"
"LLFS",2,"6SP",31,"Croton draco",NA,150,279,11.70242275,3.86005018290027,NA,NA,0.51,"BIOMASS (genus)"
"LLFS",2,"6SP",32,"Calophyllum brasiliense",NA,114,188,1.327321775,1.29999945096837,NA,NA,0.571,"BIOMASS+BIEN+Zanne+TWDD+CIRAD"
"LLFS",2,"6SP",33,"Quercus insignis",NA,64,157,NA,NA,NA,NA,0.701,"BIOMASS (genus)"
"LLFS",2,"6SP",34,"Zygia longifolia",NA,72,244,4.16260675,2.30217191436294,NA,NA,0.71,"BIOMASS+BIEN+Zanne"
"LLFS",2,"6SP",35,"Inga edulis",NA,240,544,192.257454025,15.6457595927693,NA,NA,0.58,"BIOMASS+BIEN+Zanne"
"LLFS",2,"6SP",36,"Quercus insignis",NA,190,530,11.977311875,3.90512318869406,NA,NA,0.701,"BIOMASS (genus)"
"LLFS",2,"6SP",37,"Zygia longifolia",NA,72,180,NA,NA,NA,NA,0.71,"BIOMASS+BIEN+Zanne"
"LLFS",2,"6SP",38,"Lacistema aggregatum",NA,51,125,NA,NA,NA,NA,0.508,"BIOMASS+BIEN+Zanne"
"LLFS",2,"6SP",39,"Inga edulis",NA,286,611,257.146995475,18.094466652781,1,NA,0.58,"BIOMASS+BIEN+Zanne"
"LLFS",2,"6SP",40,"Croton draco",NA,78,300,1.1309724,1.19999949320157,NA,NA,0.51,"BIOMASS (genus)"
"LLFS",2,"6SP",41,"Calophyllum brasiliense",NA,88,193,NA,NA,NA,NA,0.571,"BIOMASS+BIEN+Zanne+TWDD+CIRAD"
"LLFS",2,"6SP",42,"Zygia longifolia",NA,65,137,NA,NA,NA,NA,0.71,"BIOMASS+BIEN+Zanne"
"LLFS",2,"6SP",43,"Lacistema aggregatum",NA,48,102,NA,NA,NA,NA,0.508,"BIOMASS+BIEN+Zanne"
"LLFS",2,"6SP",44,"Calophyllum brasiliense",NA,71,138,NA,NA,NA,NA,0.571,"BIOMASS+BIEN+Zanne+TWDD+CIRAD"
"LLFS",2,"6SP",45,"Quercus insignis",NA,80,165,NA,NA,NA,NA,0.701,"BIOMASS (genus)"
"LLFS",2,"6SP",46,"Zygia longifolia",NA,131,290,10.35153905,3.63042543888871,NA,NA,0.71,"BIOMASS+BIEN+Zanne"
"LLFS",2,"6SP",47,"Inga edulis",NA,335,446,229.38319385,17.0897558001123,NA,NA,0.58,"BIOMASS+BIEN+Zanne"
"LLFS",2,"6SP",48,"Croton draco",NA,117,60,NA,NA,NA,NA,0.51,"BIOMASS (genus)"
"LLFS",2,"6SP",49,"Lacistema aggregatum",NA,70,127,NA,NA,NA,NA,0.508,"BIOMASS+BIEN+Zanne"
"LLFS",1,"12SP",2,"Erythrina poeppigiana",NA,66,233,34.266892925,6.60529811191861,NA,NA,0.302,"BIOMASS+BIEN+Zanne"
"LLFS",1,"12SP",3,"Simarouba amara",NA,42,40,NA,NA,NA,NA,0.374,"BIOMASS+BIEN+Zanne+TWDD+CIRAD"
"LLFS",1,"12SP",4,"Cordia alliodora",NA,33,114,NA,NA,NA,NA,0.469,"BIOMASS+BIEN+Zanne+TWDD+CIRAD"
"LLFS",1,"12SP",5,"Quercus insignis",NA,66,275,3.14159,1.99999915533596,NA,NA,0.701,"BIOMASS (genus)"
"LLFS",1,"12SP",6,"Lacistema aggregatum",NA,NA,56,NA,NA,NA,1,0.508,"BIOMASS+BIEN+Zanne"
"LLFS",1,"12SP",7,"Persea caerulea",NA,NA,76,NA,NA,NA,1,0.425,"BIOMASS+BIEN+Zanne"
"LLFS",1,"12SP",8,"Cordia alliodora",NA,11,493,33.183044375,6.49999725484186,NA,NA,0.469,"BIOMASS+BIEN+Zanne+TWDD+CIRAD"
"LLFS",1,"12SP",9,"Handroanthus ochraceus",NA,88,148,NA,NA,NA,NA,0.507,"TWDD (species)"
"LLFS",1,"12SP",10,"Persea caerulea",NA,50,99,NA,NA,NA,NA,0.425,"BIOMASS+BIEN+Zanne"
"LLFS",1,"12SP",11,"Calophyllum brasiliense",NA,69,194,NA,NA,NA,NA,0.571,"BIOMASS+BIEN+Zanne+TWDD+CIRAD"
"LLFS",1,"12SP",12,"Inga edulis",NA,148,422,75.358890125,9.79540295008338,NA,NA,0.58,"BIOMASS+BIEN+Zanne"
"LLFS",1,"12SP",13,"Simarouba amara",NA,NA,52,NA,NA,NA,1,0.374,"BIOMASS+BIEN+Zanne+TWDD+CIRAD"
"LLFS",1,"12SP",14,"Croton draco",NA,168,434,118.98772125,12.3085284268033,NA,NA,0.51,"BIOMASS (genus)"
"LLFS",1,"12SP",15,"Calophyllum brasiliense",NA,78,105,NA,NA,NA,NA,0.571,"BIOMASS+BIEN+Zanne+TWDD+CIRAD"
"LLFS",1,"12SP",16,"Inga edulis",NA,98,398,66.61741595,9.20977352357868,NA,NA,0.58,"BIOMASS+BIEN+Zanne"
"LLFS",1,"12SP",17,"Croton draco",NA,334,497,115.524118275,12.1280615004374,NA,NA,0.51,"BIOMASS (genus)"
"LLFS",1,"12SP",18,"Erythrina poeppigiana",NA,92,280,26.4207719,5.79999755047427,NA,NA,0.302,"BIOMASS+BIEN+Zanne"
"LLFS",1,"12SP",19,"Ocotea puberula",NA,47,118,NA,NA,NA,NA,0.433,"BIOMASS+BIEN+Zanne"
"LLFS",1,"12SP",20,"Zygia longifolia",NA,43,150,NA,NA,NA,NA,0.71,"BIOMASS+BIEN+Zanne"
"LLFS",1,"12SP",21,"Handroanthus ochraceus",NA,32,110,NA,NA,NA,NA,0.507,"TWDD (species)"
"LLFS",1,"12SP",22,"Quercus insignis",NA,NA,58,NA,NA,NA,1,0.701,"BIOMASS (genus)"
"LLFS",1,"12SP",23,"Ocotea puberula",NA,40,56,NA,NA,NA,NA,0.433,"BIOMASS+BIEN+Zanne"
"LLFS",1,"12SP",24,"Zygia longifolia",NA,40,173,NA,NA,NA,NA,0.71,"BIOMASS+BIEN+Zanne"
"LLFS",1,"12SP",25,"Lacistema aggregatum",NA,77,154,NA,NA,NA,NA,0.508,"BIOMASS+BIEN+Zanne"
"LLFS",1,"12SP",26,"Croton draco",NA,228,586,241.501877275,17.5353853756998,NA,NA,0.51,"BIOMASS (genus)"
"LLFS",1,"12SP",27,"Calophyllum brasiliense",NA,82,162,NA,NA,NA,NA,0.571,"BIOMASS+BIEN+Zanne+TWDD+CIRAD"
"LLFS",1,"12SP",28,"Erythrina poeppigiana",NA,175,275,32.664682025,6.44902821132222,NA,NA,0.302,"BIOMASS+BIEN+Zanne"
"LLFS",1,"12SP",29,"Handroanthus ochraceus",NA,42,136,NA,NA,NA,NA,0.507,"TWDD (species)"
"LLFS",1,"12SP",30,"Persea caerulea",NA,NA,50,NA,NA,NA,1,0.425,"BIOMASS+BIEN+Zanne"
"LLFS",1,"12SP",31,"Erythrina poeppigiana",NA,40,156,4.311832275,2.34307391321644,NA,NA,0.302,"BIOMASS+BIEN+Zanne"
"LLFS",1,"12SP",32,"Simarouba amara",NA,NA,57,NA,NA,NA,1,0.374,"BIOMASS+BIEN+Zanne+TWDD+CIRAD"
"LLFS",1,"12SP",33,"Cordia alliodora",NA,30,115,NA,NA,NA,NA,0.469,"BIOMASS+BIEN+Zanne+TWDD+CIRAD"
"LLFS",1,"12SP",34,"Inga edulis",NA,73,428,29.2482029,6.1024559436933,NA,NA,0.58,"BIOMASS+BIEN+Zanne"
"LLFS",1,"12SP",35,"Zygia longifolia",NA,33,155,NA,NA,NA,NA,0.71,"BIOMASS+BIEN+Zanne"
"LLFS",1,"12SP",36,"Croton draco",NA,29,546,77.01607885,9.90252074838833,NA,NA,0.51,"BIOMASS (genus)"
"LLFS",1,"12SP",37,"Calophyllum brasiliense",NA,100,195,NA,NA,NA,NA,0.571,"BIOMASS+BIEN+Zanne+TWDD+CIRAD"
"LLFS",1,"12SP",38,"Inga edulis",NA,106,353,13.8544119,4.19999822620551,NA,NA,0.58,"BIOMASS+BIEN+Zanne"
"LLFS",1,"12SP",39,"Ocotea puberula",NA,46,50,NA,NA,NA,NA,0.433,"BIOMASS+BIEN+Zanne"
"LLFS",1,"12SP",40,"Handroanthus ochraceus",NA,48,110,NA,NA,NA,NA,0.507,"TWDD (species)"
"LLFS",1,"12SP",41,"Quercus insignis",NA,188,333,3.8013239,2.19999907086955,NA,NA,0.701,"BIOMASS (genus)"
"LLFS",1,"12SP",42,"Lacistema aggregatum",NA,82,122,NA,NA,NA,NA,0.508,"BIOMASS+BIEN+Zanne"
"LLFS",1,"12SP",43,"Quercus insignis",NA,90,235,2.0106176,1.59999932426877,NA,NA,0.701,"BIOMASS (genus)"
"LLFS",1,"12SP",44,"Cordia alliodora",NA,21,25,NA,NA,NA,NA,0.469,"BIOMASS+BIEN+Zanne+TWDD+CIRAD"
"LLFS",1,"12SP",45,"Lacistema aggregatum",NA,64,170,NA,NA,NA,NA,0.508,"BIOMASS+BIEN+Zanne"
"LLFS",1,"12SP",46,"Zygia longifolia",NA,46,186,NA,NA,NA,NA,0.71,"BIOMASS+BIEN+Zanne"
"LLFS",1,"12SP",47,"Persea caerulea",NA,NA,81,NA,NA,NA,1,0.425,"BIOMASS+BIEN+Zanne"
"LLFS",1,"12SP",48,"Ocotea puberula",NA,NA,42,NA,NA,NA,1,0.433,"BIOMASS+BIEN+Zanne"
"LLFS",1,"12SP",49,"Simarouba amara",NA,NA,41,NA,NA,NA,1,0.374,"BIOMASS+BIEN+Zanne+TWDD+CIRAD"
"LLFS",4,"12SP",2,"Erythrina poeppigiana",NA,154,237,38.06036285,6.96131877359377,NA,NA,0.302,"BIOMASS+BIEN+Zanne"
"LLFS",4,"12SP",3,"Simarouba amara",NA,98,43,NA,NA,NA,NA,0.374,"BIOMASS+BIEN+Zanne+TWDD+CIRAD"
"LLFS",4,"12SP",4,"Cordia alliodora",NA,27,490,52.8101279,8.19999653687742,NA,NA,0.469,"BIOMASS+BIEN+Zanne+TWDD+CIRAD"
"LLFS",4,"12SP",5,"Quercus insignis",NA,76,96,NA,NA,NA,NA,0.701,"BIOMASS (genus)"
"LLFS",4,"12SP",6,"Lacistema aggregatum",NA,29,62,NA,NA,1,NA,0.508,"BIOMASS+BIEN+Zanne"
"LLFS",4,"12SP",7,"Persea caerulea",NA,NA,82,NA,NA,NA,1,0.425,"BIOMASS+BIEN+Zanne"
"LLFS",4,"12SP",8,"Cordia alliodora",NA,125,232,3.14159,1.99999915533596,NA,NA,0.469,"BIOMASS+BIEN+Zanne+TWDD+CIRAD"
"LLFS",4,"12SP",9,"Handroanthus ochraceus",NA,70,153,2.081303375,1.62788137210325,NA,NA,0.507,"TWDD (species)"
"LLFS",4,"12SP",10,"Persea caerulea",NA,NA,84,NA,NA,NA,1,0.425,"BIOMASS+BIEN+Zanne"
"LLFS",4,"12SP",11,"Calophyllum brasiliense",NA,96,200,0.7853975,0.999999577667978,NA,NA,0.571,"BIOMASS+BIEN+Zanne+TWDD+CIRAD"
"LLFS",4,"12SP",12,"Inga edulis",NA,194,437,48.074180975,7.82367869343602,NA,NA,0.58,"BIOMASS+BIEN+Zanne"
"LLFS",4,"12SP",13,"Simarouba amara",NA,14,NA,NA,NA,NA,NA,0.374,"BIOMASS+BIEN+Zanne+TWDD+CIRAD"
"LLFS",4,"12SP",14,"Croton draco",NA,44,861,281.887016725,18.9449121624169,NA,NA,0.51,"BIOMASS (genus)"
"LLFS",4,"12SP",15,"Calophyllum brasiliense",NA,100,245,0.950330975,1.09999953543478,NA,NA,0.571,"BIOMASS+BIEN+Zanne+TWDD+CIRAD"
"LLFS",4,"12SP",16,"Inga edulis",NA,177,416,72.93201185,9.63638529556148,NA,NA,0.58,"BIOMASS+BIEN+Zanne"
"LLFS",4,"12SP",17,"Croton draco",NA,308,610,124.51691965,12.5912614970459,NA,NA,0.51,"BIOMASS (genus)"
"LLFS",4,"12SP",18,"Erythrina poeppigiana",NA,NA,104,NA,NA,NA,1,0.302,"BIOMASS+BIEN+Zanne"
"LLFS",4,"12SP",19,"Ocotea puberula",NA,NA,68,NA,NA,NA,1,0.433,"BIOMASS+BIEN+Zanne"
"LLFS",4,"12SP",20,"Zygia longifolia",NA,90,150,NA,NA,NA,NA,0.71,"BIOMASS+BIEN+Zanne"
"LLFS",4,"12SP",21,"Handroanthus ochraceus",NA,90,154,NA,NA,NA,NA,0.507,"TWDD (species)"
"LLFS",4,"12SP",22,"Quercus insignis",NA,145,415,7.6654796,3.12409855095525,NA,NA,0.701,"BIOMASS (genus)"
"LLFS",4,"12SP",23,"Ocotea puberula",NA,53,134,NA,NA,NA,NA,0.433,"BIOMASS+BIEN+Zanne"
"LLFS",4,"12SP",24,"Zygia longifolia",NA,165,245,15.12675585,4.38861979804288,NA,NA,0.71,"BIOMASS+BIEN+Zanne"
"LLFS",4,"12SP",25,"Lacistema aggregatum",NA,109,195,NA,NA,NA,NA,0.508,"BIOMASS+BIEN+Zanne"
"LLFS",4,"12SP",26,"Croton draco",NA,300,792,282.483918825,18.964959694124,NA,NA,0.51,"BIOMASS (genus)"
"LLFS",4,"12SP",27,"Calophyllum brasiliense",NA,118,325,2.0106176,1.59999932426877,NA,NA,0.571,"BIOMASS+BIEN+Zanne+TWDD+CIRAD"
"LLFS",4,"12SP",28,"Erythrina poeppigiana",NA,52,137,NA,NA,NA,NA,0.302,"BIOMASS+BIEN+Zanne"
"LLFS",4,"12SP",29,"Handroanthus ochraceus",NA,75,130,NA,NA,NA,NA,0.507,"TWDD (species)"
"LLFS",4,"12SP",30,"Persea caerulea",NA,NA,NA,NA,NA,NA,1,0.425,"BIOMASS+BIEN+Zanne"
"LLFS",4,"12SP",31,"Erythrina poeppigiana",NA,418,515,141.2458864,13.4104380277324,NA,NA,0.302,"BIOMASS+BIEN+Zanne"
"LLFS",4,"12SP",32,"Simarouba amara",NA,86,128,NA,NA,NA,NA,0.374,"BIOMASS+BIEN+Zanne+TWDD+CIRAD"
"LLFS",4,"12SP",33,"Cordia alliodora",NA,174,490,24.6300656,5.59999763494068,NA,NA,0.469,"BIOMASS+BIEN+Zanne+TWDD+CIRAD"
"LLFS",4,"12SP",34,"Inga edulis",NA,27,565,219.7228046,16.726020557707,NA,NA,0.58,"BIOMASS+BIEN+Zanne"
"LLFS",4,"12SP",35,"Zygia longifolia",NA,179,208,7.249218925,3.03809022310933,NA,NA,0.71,"BIOMASS+BIEN+Zanne"
"LLFS",4,"12SP",36,"Croton draco",NA,345,575,228.542818525,17.0584217972022,NA,NA,0.51,"BIOMASS (genus)"
"LLFS",4,"12SP",37,"Calophyllum brasiliense",NA,109,172,NA,NA,NA,NA,0.571,"BIOMASS+BIEN+Zanne+TWDD+CIRAD"
"LLFS",4,"12SP",38,"Inga edulis",NA,345,630,225.401228525,16.9407720482249,NA,NA,0.58,"BIOMASS+BIEN+Zanne"
"LLFS",4,"12SP",39,"Ocotea puberula",NA,40,112,NA,NA,NA,NA,0.433,"BIOMASS+BIEN+Zanne"
"LLFS",4,"12SP",40,"Handroanthus ochraceus",NA,111,220,3.84844775,2.21359342724608,NA,NA,0.507,"TWDD (species)"
"LLFS",4,"12SP",41,"Quercus insignis",NA,218,333,6.1575164,2.79999881747034,NA,NA,0.701,"BIOMASS (genus)"
"LLFS",4,"12SP",42,"Lacistema aggregatum",NA,55,155,NA,NA,NA,NA,0.508,"BIOMASS+BIEN+Zanne"
"LLFS",4,"12SP",43,"Quercus insignis",NA,315,398,5.725547775,2.69999885970354,NA,NA,0.701,"BIOMASS (genus)"
"LLFS",4,"12SP",44,"Cordia alliodora",NA,100,400,11.945895975,3.89999835290512,NA,NA,0.469,"BIOMASS+BIEN+Zanne+TWDD+CIRAD"
"LLFS",4,"12SP",45,"Lacistema aggregatum",NA,108,260,3.0787582,1.97989815114759,NA,NA,0.508,"BIOMASS+BIEN+Zanne"
"LLFS",4,"12SP",46,"Zygia longifolia",NA,172,215,6.558069125,2.88963543497389,NA,NA,0.71,"BIOMASS+BIEN+Zanne"
"LLFS",4,"12SP",47,"Persea caerulea",NA,137,250,6.605192975,2.89999877523714,NA,NA,0.425,"BIOMASS+BIEN+Zanne"
"LLFS",4,"12SP",48,"Ocotea puberula",NA,107,225,4.091920975,2.2825414781119,NA,NA,0.433,"BIOMASS+BIEN+Zanne"
"LLFS",4,"12SP",49,"Simarouba amara",NA,59,75,NA,NA,NA,NA,0.374,"BIOMASS+BIEN+Zanne+TWDD+CIRAD"
"LLFS",3,"12SP",2,"Calophyllum brasiliense",NA,90,145,NA,NA,NA,NA,0.571,"BIOMASS+BIEN+Zanne+TWDD+CIRAD"
"LLFS",3,"12SP",3,"Croton draco",NA,212,600,181.356136725,15.1957166648588,NA,NA,0.51,"BIOMASS (genus)"
"LLFS",3,"12SP",4,"Cordia alliodora",NA,24,458,25.517564775,5.69999759270748,NA,NA,0.469,"BIOMASS+BIEN+Zanne+TWDD+CIRAD"
"LLFS",3,"12SP",5,"Persea caerulea",NA,NA,62,NA,NA,NA,1,0.425,"BIOMASS+BIEN+Zanne"
"LLFS",3,"12SP",6,"Quercus insignis",NA,56,102,NA,NA,NA,NA,0.701,"BIOMASS (genus)"
"LLFS",3,"12SP",7,"Ocotea puberula",NA,40,120,NA,NA,NA,NA,0.433,"BIOMASS+BIEN+Zanne"
"LLFS",3,"12SP",8,"Lacistema aggregatum",NA,135,280,2.835284975,1.89999919756916,NA,NA,0.508,"BIOMASS+BIEN+Zanne"
"LLFS",3,"12SP",9,"Zygia longifolia",NA,182,236,21.433497775,5.22398094838822,NA,NA,0.71,"BIOMASS+BIEN+Zanne"
"LLFS",3,"12SP",10,"Inga edulis",NA,290,535,199.703022325,15.9458391195735,NA,NA,0.58,"BIOMASS+BIEN+Zanne"
"LLFS",3,"12SP",11,"Handroanthus ochraceus",NA,75,195,1.1309724,1.19999949320157,NA,NA,0.507,"TWDD (species)"
"LLFS",3,"12SP",12,"Inga edulis",NA,178,320,20.0747601,5.05568772872609,NA,NA,0.58,"BIOMASS+BIEN+Zanne"
"LLFS",3,"12SP",13,"Calophyllum brasiliense",NA,103,170,NA,NA,NA,NA,0.571,"BIOMASS+BIEN+Zanne+TWDD+CIRAD"
"LLFS",3,"12SP",14,"Erythrina poeppigiana",NA,154,209,37.958261175,6.9519751997109,NA,NA,0.302,"BIOMASS+BIEN+Zanne"
"LLFS",3,"12SP",15,"Cordia alliodora",NA,125,442,27.339686975,5.89999750824107,NA,NA,0.469,"BIOMASS+BIEN+Zanne+TWDD+CIRAD"
"LLFS",3,"12SP",16,"Handroanthus ochraceus",NA,80,152,NA,NA,NA,NA,0.507,"TWDD (species)"
"LLFS",3,"12SP",17,"Persea caerulea",NA,120,218,4.845902575,2.48394742062387,NA,NA,0.425,"BIOMASS+BIEN+Zanne"
"LLFS",3,"12SP",18,"Croton draco",NA,270,490,58.0879991,8.59999636794461,NA,NA,0.51,"BIOMASS (genus)"
"LLFS",3,"12SP",19,"Lacistema aggregatum",NA,30,88,NA,NA,NA,NA,0.508,"BIOMASS+BIEN+Zanne"
"LLFS",3,"12SP",20,"Simarouba amara",NA,NA,48,NA,NA,NA,1,0.374,"BIOMASS+BIEN+Zanne+TWDD+CIRAD"
"LLFS",3,"12SP",21,"Zygia longifolia",NA,167,287,16.249874275,4.54862424518718,NA,NA,0.71,"BIOMASS+BIEN+Zanne"
"LLFS",3,"12SP",22,"Simarouba amara",NA,NA,59,NA,NA,NA,1,0.374,"BIOMASS+BIEN+Zanne+TWDD+CIRAD"
"LLFS",3,"12SP",23,"Ocotea puberula",NA,NA,41,NA,NA,NA,1,0.433,"BIOMASS+BIEN+Zanne"
"LLFS",3,"12SP",24,"Erythrina poeppigiana",NA,213,275,25.360485275,5.6824266581984,NA,NA,0.302,"BIOMASS+BIEN+Zanne"
"LLFS",3,"12SP",25,"Quercus insignis",NA,191,335,7.940368725,3.17962127626048,NA,NA,0.701,"BIOMASS (genus)"
"LLFS",3,"12SP",26,"Ocotea puberula",NA,42,77,NA,NA,NA,NA,0.433,"BIOMASS+BIEN+Zanne"
"LLFS",3,"12SP",27,"Cordia alliodora",NA,98,268,5.725547775,2.69999885970354,NA,NA,0.469,"BIOMASS+BIEN+Zanne+TWDD+CIRAD"
"LLFS",3,"12SP",28,"Calophyllum brasiliense",NA,115,230,1.5393791,1.39999940873517,NA,NA,0.571,"BIOMASS+BIEN+Zanne+TWDD+CIRAD"
"LLFS",3,"12SP",29,"Quercus insignis",NA,66,124,NA,NA,NA,NA,0.701,"BIOMASS (genus)"
"LLFS",3,"12SP",30,"Lacistema aggregatum",NA,74,140,NA,NA,NA,NA,0.508,"BIOMASS+BIEN+Zanne"
"LLFS",3,"12SP",31,"Cordia alliodora",NA,98,310,13.8544119,4.19999822620551,NA,NA,0.469,"BIOMASS+BIEN+Zanne+TWDD+CIRAD"
"LLFS",3,"12SP",32,"Calophyllum brasiliense",NA,100,185,0.950330975,1.09999953543478,NA,NA,0.571,"BIOMASS+BIEN+Zanne+TWDD+CIRAD"
"LLFS",3,"12SP",33,"Simarouba amara",NA,NA,52,NA,NA,NA,1,0.374,"BIOMASS+BIEN+Zanne+TWDD+CIRAD"
"LLFS",3,"12SP",34,"Croton draco",NA,335,520,65.01520505,9.09834765651023,NA,NA,0.51,"BIOMASS (genus)"
"LLFS",3,"12SP",35,"Handroanthus ochraceus",NA,74,29,NA,NA,NA,NA,0.507,"TWDD (species)"
"LLFS",3,"12SP",36,"Handroanthus ochraceus",NA,31,145,NA,NA,NA,NA,0.507,"TWDD (species)"
"LLFS",3,"12SP",37,"Inga edulis",NA,300,540,212.73276685,16.4578179359946,NA,NA,0.58,"BIOMASS+BIEN+Zanne"
"LLFS",3,"12SP",38,"Ocotea puberula",NA,NA,60,NA,NA,NA,1,0.433,"BIOMASS+BIEN+Zanne"
"LLFS",3,"12SP",39,"Erythrina poeppigiana",NA,24,250,49.126613625,7.90885245571538,NA,NA,0.302,"BIOMASS+BIEN+Zanne"
"LLFS",3,"12SP",40,"Zygia longifolia",NA,184,255,16.092794775,4.5265862073794,NA,NA,0.71,"BIOMASS+BIEN+Zanne"
"LLFS",3,"12SP",41,"Inga edulis",NA,350,575,275.085474375,18.7149593682829,NA,NA,0.58,"BIOMASS+BIEN+Zanne"
"LLFS",3,"12SP",42,"Persea caerulea",NA,51,133,NA,NA,NA,NA,0.425,"BIOMASS+BIEN+Zanne"
"LLFS",3,"12SP",43,"Zygia longifolia",NA,212,228,18.747438325,4.88569133673767,NA,NA,0.71,"BIOMASS+BIEN+Zanne"
"LLFS",3,"12SP",44,"Croton draco",NA,200,452,96.08553015,11.0607367143343,NA,NA,0.51,"BIOMASS (genus)"
"LLFS",3,"12SP",45,"Persea caerulea",NA,73,159,1.327321775,1.29999945096837,NA,NA,0.425,"BIOMASS+BIEN+Zanne"
"LLFS",3,"12SP",46,"Simarouba amara",NA,78,74,NA,NA,NA,NA,0.374,"BIOMASS+BIEN+Zanne+TWDD+CIRAD"
"LLFS",3,"12SP",47,"Lacistema aggregatum",NA,19,196,1.1309724,1.19999949320157,NA,NA,0.508,"BIOMASS+BIEN+Zanne"
"LLFS",3,"12SP",48,"Erythrina poeppigiana",NA,160,245,12.56636,3.99999831067191,NA,NA,0.302,"BIOMASS+BIEN+Zanne"
"LLFS",3,"12SP",49,"Quercus insignis",NA,NA,45,NA,NA,1,1,0.701,"BIOMASS (genus)"
"LLFS",6,"12SP",2,"Calophyllum brasiliense",NA,58,79,NA,NA,NA,NA,0.571,"BIOMASS+BIEN+Zanne+TWDD+CIRAD"
"LLFS",6,"12SP",3,"Croton draco",NA,308,545,87.5561133,10.5584045118982,NA,NA,0.51,"BIOMASS (genus)"
"LLFS",6,"12SP",4,"Cordia alliodora",NA,91,295,8.552978775,3.29999860630433,NA,NA,0.469,"BIOMASS+BIEN+Zanne+TWDD+CIRAD"
"LLFS",6,"12SP",5,"Persea caerulea",NA,78,112,NA,NA,NA,NA,0.425,"BIOMASS+BIEN+Zanne"
"LLFS",6,"12SP",6,"Quercus insignis",NA,109,125,NA,NA,NA,NA,0.701,"BIOMASS (genus)"
"LLFS",6,"12SP",7,"Ocotea puberula",NA,60,128,NA,NA,NA,NA,0.433,"BIOMASS+BIEN+Zanne"
"LLFS",6,"12SP",8,"Lacistema aggregatum",NA,95,224,1.767144375,1.49999936650197,NA,NA,0.508,"BIOMASS+BIEN+Zanne"
"LLFS",6,"12SP",9,"Zygia longifolia",NA,114,198,2.866700875,1.91049651059009,NA,NA,0.71,"BIOMASS+BIEN+Zanne"
"LLFS",6,"12SP",10,"Inga edulis",NA,60,260,11.835940325,3.88200814925929,NA,NA,0.58,"BIOMASS+BIEN+Zanne"
"LLFS",6,"12SP",11,"Handroanthus ochraceus",NA,62,170,NA,NA,NA,NA,0.507,"TWDD (species)"
"LLFS",6,"12SP",12,"Inga edulis",NA,247,430,87.045604925,10.5275783723468,NA,NA,0.58,"BIOMASS+BIEN+Zanne"
"LLFS",6,"12SP",13,"Calophyllum brasiliense",NA,105,170,NA,NA,NA,NA,0.571,"BIOMASS+BIEN+Zanne+TWDD+CIRAD"
"LLFS",6,"12SP",14,"Erythrina poeppigiana",NA,31,220,9.62897335,3.50142680123703,NA,NA,0.302,"BIOMASS+BIEN+Zanne"
"LLFS",6,"12SP",15,"Cordia alliodora",NA,56,157,0.7853975,0.999999577667978,NA,NA,0.469,"BIOMASS+BIEN+Zanne+TWDD+CIRAD"
"LLFS",6,"12SP",16,"Handroanthus ochraceus",NA,NA,28,NA,NA,NA,1,0.507,"TWDD (species)"
"LLFS",6,"12SP",17,"Persea caerulea",NA,63,130,NA,NA,NA,NA,0.425,"BIOMASS+BIEN+Zanne"
"LLFS",6,"12SP",18,"Croton draco",NA,445,640,117.943142575,12.2543817941513,NA,NA,0.51,"BIOMASS (genus)"
"LLFS",6,"12SP",19,"Lacistema aggregatum",NA,45,136,NA,NA,NA,NA,0.508,"BIOMASS+BIEN+Zanne"
"LLFS",6,"12SP",20,"Simarouba amara",NA,55,58,NA,NA,NA,NA,0.374,"BIOMASS+BIEN+Zanne+TWDD+CIRAD"
"LLFS",6,"12SP",21,"Zygia longifolia",NA,186,207,10.767799725,3.70270015254522,NA,NA,0.71,"BIOMASS+BIEN+Zanne"
"LLFS",6,"12SP",22,"Simarouba amara",NA,157,250,16.721112775,4.61410684933783,NA,NA,0.374,"BIOMASS+BIEN+Zanne+TWDD+CIRAD"
"LLFS",6,"12SP",23,"Ocotea puberula",NA,37,60,NA,NA,NA,NA,0.433,"BIOMASS+BIEN+Zanne"
"LLFS",6,"12SP",24,"Erythrina poeppigiana",NA,42,150,4.6809691,2.44131009210288,1,NA,0.302,"BIOMASS+BIEN+Zanne"
"LLFS",6,"12SP",25,"Quercus insignis",NA,100,130,NA,NA,NA,NA,0.701,"BIOMASS (genus)"
"LLFS",6,"12SP",26,"Ocotea puberula",NA,24,50,NA,NA,NA,NA,0.433,"BIOMASS+BIEN+Zanne"
"LLFS",6,"12SP",27,"Cordia alliodora",NA,85,280,6.1575164,2.79999881747034,NA,NA,0.469,"BIOMASS+BIEN+Zanne+TWDD+CIRAD"
"LLFS",6,"12SP",28,"Calophyllum brasiliense",NA,100,237,0.7853975,0.999999577667978,NA,NA,0.571,"BIOMASS+BIEN+Zanne+TWDD+CIRAD"
"LLFS",6,"12SP",29,"Quercus insignis",NA,90,210,0.950330975,1.09999953543478,NA,NA,0.701,"BIOMASS (genus)"
"LLFS",6,"12SP",30,"Lacistema aggregatum",NA,93,192,0.7853975,0.999999577667978,NA,NA,0.508,"BIOMASS+BIEN+Zanne"
"LLFS",6,"12SP",31,"Cordia alliodora",NA,217,500,38.4844775,6.99999704367585,NA,NA,0.469,"BIOMASS+BIEN+Zanne+TWDD+CIRAD"
"LLFS",6,"12SP",32,"Calophyllum brasiliense",NA,97,180,NA,NA,NA,NA,0.571,"BIOMASS+BIEN+Zanne+TWDD+CIRAD"
"LLFS",6,"12SP",33,"Simarouba amara",NA,57,38,NA,NA,NA,NA,0.374,"BIOMASS+BIEN+Zanne+TWDD+CIRAD"
"LLFS",6,"12SP",34,"Croton draco",NA,46,520,60.67981085,8.78976306513832,NA,NA,0.51,"BIOMASS (genus)"
"LLFS",6,"12SP",35,"Handroanthus ochraceus",NA,29,140,NA,NA,NA,NA,0.507,"TWDD (species)"
"LLFS",6,"12SP",36,"Handroanthus ochraceus",NA,79,140,NA,NA,NA,NA,0.507,"TWDD (species)"
"LLFS",6,"12SP",37,"Inga edulis",NA,78,260,27.889465225,5.95902424948801,NA,NA,0.58,"BIOMASS+BIEN+Zanne"
"LLFS",6,"12SP",38,"Ocotea puberula",NA,NA,58,NA,NA,NA,1,0.433,"BIOMASS+BIEN+Zanne"
"LLFS",6,"12SP",39,"Erythrina poeppigiana",NA,97,300,14.521999775,4.29999818397231,NA,NA,0.302,"BIOMASS+BIEN+Zanne"
"LLFS",6,"12SP",40,"Zygia longifolia",NA,144,160,NA,NA,NA,NA,0.71,"BIOMASS+BIEN+Zanne"
"LLFS",6,"12SP",41,"Inga edulis",NA,16,350,50.18690025,7.99374418066897,NA,NA,0.58,"BIOMASS+BIEN+Zanne"
"LLFS",6,"12SP",42,"Persea caerulea",NA,NA,74,NA,NA,NA,1,0.425,"BIOMASS+BIEN+Zanne"
"LLFS",6,"12SP",43,"Zygia longifolia",NA,100,145,1.1309724,1.19999949320157,NA,NA,0.71,"BIOMASS+BIEN+Zanne"
"LLFS",6,"12SP",44,"Croton draco",NA,524,775,101.449795075,11.3652932603945,NA,NA,0.51,"BIOMASS (genus)"
"LLFS",6,"12SP",45,"Persea caerulea",NA,153,230,9.15773485,3.41467277366651,NA,NA,0.425,"BIOMASS+BIEN+Zanne"
"LLFS",6,"12SP",46,"Simarouba amara",NA,114,120,NA,NA,NA,NA,0.374,"BIOMASS+BIEN+Zanne+TWDD+CIRAD"
"LLFS",6,"12SP",47,"Lacistema aggregatum",NA,42,124,NA,NA,NA,NA,0.508,"BIOMASS+BIEN+Zanne"
"LLFS",6,"12SP",48,"Erythrina poeppigiana",NA,64,172,5.10508375,2.54950868005678,NA,NA,0.302,"BIOMASS+BIEN+Zanne"
"LLFS",6,"12SP",49,"Quercus insignis",NA,60,168,NA,NA,NA,NA,0.701,"BIOMASS (genus)"
"LLFS",2,"12SP",2,"Erythrina poeppigiana",NA,290,363,88.066621675,10.5891409135888,NA,NA,0.302,"BIOMASS+BIEN+Zanne"
"LLFS",2,"12SP",3,"Zygia longifolia",NA,120,243,12.275762925,3.95347781047318,NA,NA,0.71,"BIOMASS+BIEN+Zanne"
"LLFS",2,"12SP",4,"Ocotea puberula",NA,NA,40,NA,NA,NA,1,0.433,"BIOMASS+BIEN+Zanne"
"LLFS",2,"12SP",5,"Persea caerulea",NA,NA,68,NA,NA,NA,1,0.425,"BIOMASS+BIEN+Zanne"
"LLFS",2,"12SP",6,"Simarouba amara",NA,NA,51,NA,NA,NA,1,0.374,"BIOMASS+BIEN+Zanne+TWDD+CIRAD"
"LLFS",2,"12SP",7,"Croton draco",NA,317,525,189.351483275,15.5270665729232,NA,NA,0.51,"BIOMASS (genus)"
"LLFS",2,"12SP",8,"Calophyllum brasiliense",NA,75,130,NA,NA,NA,NA,0.571,"BIOMASS+BIEN+Zanne+TWDD+CIRAD"
"LLFS",2,"12SP",9,"Inga edulis",NA,175,480,206.13542785,16.2006104301511,NA,NA,0.58,"BIOMASS+BIEN+Zanne"
"LLFS",2,"12SP",10,"Croton draco",NA,215,482,57.34972545,8.54517046773466,NA,NA,0.51,"BIOMASS (genus)"
"LLFS",2,"12SP",11,"Handroanthus ochraceus",NA,50,142,NA,NA,NA,NA,0.507,"TWDD (species)"
"LLFS",2,"12SP",12,"Cordia alliodora",NA,56,223,2.835284975,1.89999919756916,NA,NA,0.469,"BIOMASS+BIEN+Zanne+TWDD+CIRAD"
"LLFS",2,"12SP",13,"Lacistema aggregatum",NA,53,56,NA,NA,NA,NA,0.508,"BIOMASS+BIEN+Zanne"
"LLFS",2,"12SP",14,"Erythrina poeppigiana",NA,242,300,22.9021911,5.39999771940708,NA,NA,0.302,"BIOMASS+BIEN+Zanne"
"LLFS",2,"12SP",15,"Cordia alliodora",NA,32,127,NA,NA,NA,NA,0.469,"BIOMASS+BIEN+Zanne+TWDD+CIRAD"
"LLFS",2,"12SP",16,"Ocotea puberula",NA,52,118,NA,NA,NA,NA,0.433,"BIOMASS+BIEN+Zanne"
"LLFS",2,"12SP",17,"Persea caerulea",NA,32,85,NA,NA,NA,NA,0.425,"BIOMASS+BIEN+Zanne"
"LLFS",2,"12SP",18,"Calophyllum brasiliense",NA,68,127,NA,NA,NA,NA,0.571,"BIOMASS+BIEN+Zanne+TWDD+CIRAD"
"LLFS",2,"12SP",19,"Zygia longifolia",NA,60,182,6.01614485,2.76766933174373,NA,NA,0.71,"BIOMASS+BIEN+Zanne"
"LLFS",2,"12SP",20,"Quercus insignis",NA,125,178,0.950330975,1.09999953543478,NA,NA,0.701,"BIOMASS (genus)"
"LLFS",2,"12SP",21,"Inga edulis",NA,165,566,196.49074655,15.8170726963618,NA,NA,0.58,"BIOMASS+BIEN+Zanne"
"LLFS",2,"12SP",22,"Simarouba amara",NA,61,43,NA,NA,NA,NA,0.374,"BIOMASS+BIEN+Zanne+TWDD+CIRAD"
"LLFS",2,"12SP",23,"Handroanthus ochraceus",NA,42,110,NA,NA,NA,NA,0.507,"TWDD (species)"
"LLFS",2,"12SP",24,"Lacistema aggregatum",NA,60,153,NA,NA,NA,NA,0.508,"BIOMASS+BIEN+Zanne"
"LLFS",2,"12SP",25,"Quercus insignis",NA,86,215,1.327321775,1.29999945096837,NA,NA,0.701,"BIOMASS (genus)"
"LLFS",2,"12SP",26,"Ocotea puberula",NA,34,141,NA,NA,NA,NA,0.433,"BIOMASS+BIEN+Zanne"
"LLFS",2,"12SP",27,"Simarouba amara",NA,NA,44,NA,NA,NA,1,0.374,"BIOMASS+BIEN+Zanne+TWDD+CIRAD"
"LLFS",2,"12SP",28,"Cordia alliodora",NA,31,161,NA,NA,NA,NA,0.469,"BIOMASS+BIEN+Zanne+TWDD+CIRAD"
"LLFS",2,"12SP",29,"Zygia longifolia",NA,14,217,4.2725624,2.33237977289904,NA,NA,0.71,"BIOMASS+BIEN+Zanne"
"LLFS",2,"12SP",30,"Persea caerulea",NA,NA,77,NA,NA,NA,1,0.425,"BIOMASS+BIEN+Zanne"
"LLFS",2,"12SP",31,"Cordia alliodora",NA,77,327,9.621119375,3.49999852183792,NA,NA,0.469,"BIOMASS+BIEN+Zanne+TWDD+CIRAD"
"LLFS",2,"12SP",32,"Calophyllum brasiliense",NA,67,163,NA,NA,NA,NA,0.571,"BIOMASS+BIEN+Zanne+TWDD+CIRAD"
"LLFS",2,"12SP",33,"Inga edulis",NA,155,480,139.227414825,13.3142724272277,NA,NA,0.58,"BIOMASS+BIEN+Zanne"
"LLFS",2,"12SP",34,"Erythrina poeppigiana",NA,100,231,11.1212286,3.76297595521944,NA,NA,0.302,"BIOMASS+BIEN+Zanne"
"LLFS",2,"12SP",35,"Handroanthus ochraceus",NA,38,57,NA,NA,NA,NA,0.507,"TWDD (species)"
"LLFS",2,"12SP",36,"Quercus insignis",NA,158,374,6.1575164,2.79999881747034,NA,NA,0.701,"BIOMASS (genus)"
"LLFS",2,"12SP",37,"Lacistema aggregatum",NA,5,73,NA,NA,NA,NA,0.508,"BIOMASS+BIEN+Zanne"
"LLFS",2,"12SP",38,"Ocotea puberula",NA,18,63,NA,NA,NA,NA,0.433,"BIOMASS+BIEN+Zanne"
"LLFS",2,"12SP",39,"Erythrina poeppigiana",NA,307,358,83.605563875,10.3174565705668,NA,NA,0.302,"BIOMASS+BIEN+Zanne"
"LLFS",2,"12SP",40,"Zygia longifolia",NA,75,179,2.489710075,1.7804486295357,NA,NA,0.71,"BIOMASS+BIEN+Zanne"
"LLFS",2,"12SP",41,"Croton draco",NA,174,468,29.727295375,6.15223276782281,NA,NA,0.51,"BIOMASS (genus)"
"LLFS",2,"12SP",42,"Persea caerulea",NA,NA,97,NA,NA,NA,1,0.425,"BIOMASS+BIEN+Zanne"
"LLFS",2,"12SP",43,"Croton draco",NA,166,460,52.8729597,8.20487313352428,NA,NA,0.51,"BIOMASS (genus)"
"LLFS",2,"12SP",44,"Inga edulis",NA,185,422,225.3462507,16.9387059024308,NA,NA,0.58,"BIOMASS+BIEN+Zanne"
"LLFS",2,"12SP",45,"Handroanthus ochraceus",NA,74,154,NA,NA,NA,NA,0.507,"TWDD (species)"
"LLFS",2,"12SP",46,"Simarouba amara",NA,NA,56,NA,NA,NA,1,0.374,"BIOMASS+BIEN+Zanne+TWDD+CIRAD"
"LLFS",2,"12SP",47,"Lacistema aggregatum",NA,50,120,NA,NA,NA,NA,0.508,"BIOMASS+BIEN+Zanne"
"LLFS",2,"12SP",48,"Calophyllum brasiliense",NA,61,110,NA,NA,NA,NA,0.571,"BIOMASS+BIEN+Zanne+TWDD+CIRAD"
"LLFS",2,"12SP",49,"Quercus insignis",NA,56,78,NA,NA,NA,NA,0.701,"BIOMASS (genus)"
"LLFS",5,"12SP",2,"Erythrina poeppigiana",NA,97,210,6.1575164,2.79999881747034,NA,NA,0.302,"BIOMASS+BIEN+Zanne"
"LLFS",5,"12SP",3,"Zygia longifolia",NA,104,202,NA,NA,NA,NA,0.71,"BIOMASS+BIEN+Zanne"
"LLFS",5,"12SP",4,"Ocotea puberula",NA,26,54,NA,NA,1,NA,0.433,"BIOMASS+BIEN+Zanne"
"LLFS",5,"12SP",5,"Persea caerulea",NA,52,96,NA,NA,1,NA,0.425,"BIOMASS+BIEN+Zanne"
"LLFS",5,"12SP",6,"Simarouba amara",NA,70,158,NA,NA,NA,NA,0.374,"BIOMASS+BIEN+Zanne+TWDD+CIRAD"
"LLFS",5,"12SP",7,"Croton draco",NA,22,500,53.650503225,8.26498289780513,NA,NA,0.51,"BIOMASS (genus)"
"LLFS",5,"12SP",8,"Calophyllum brasiliense",NA,87,192,NA,NA,NA,NA,0.571,"BIOMASS+BIEN+Zanne+TWDD+CIRAD"
"LLFS",5,"12SP",9,"Inga edulis",NA,94,240,7.74401935,3.14006236747207,NA,NA,0.58,"BIOMASS+BIEN+Zanne"
"LLFS",5,"12SP",10,"Croton draco",NA,315,530,45.3645596,7.59999679027664,NA,NA,0.51,"BIOMASS (genus)"
"LLFS",5,"12SP",11,"Handroanthus ochraceus",NA,20,50,NA,NA,NA,NA,0.507,"TWDD (species)"
"LLFS",5,"12SP",12,"Cordia alliodora",NA,59,130,NA,NA,1,NA,0.469,"BIOMASS+BIEN+Zanne+TWDD+CIRAD"
"LLFS",5,"12SP",13,"Lacistema aggregatum",NA,75,162,NA,NA,NA,NA,0.508,"BIOMASS+BIEN+Zanne"
"LLFS",5,"12SP",14,"Erythrina poeppigiana",NA,40,67,NA,NA,NA,NA,0.302,"BIOMASS+BIEN+Zanne"
"LLFS",5,"12SP",15,"Cordia alliodora",NA,121,270,5.725547775,2.69999885970354,NA,NA,0.469,"BIOMASS+BIEN+Zanne+TWDD+CIRAD"
"LLFS",5,"12SP",16,"Ocotea puberula",NA,40,NA,NA,NA,NA,NA,0.433,"BIOMASS+BIEN+Zanne"
"LLFS",5,"12SP",17,"Persea caerulea",NA,23,NA,NA,NA,1,NA,0.425,"BIOMASS+BIEN+Zanne"
"LLFS",5,"12SP",18,"Calophyllum brasiliense",NA,65,132,NA,NA,NA,NA,0.571,"BIOMASS+BIEN+Zanne+TWDD+CIRAD"
"LLFS",5,"12SP",19,"Zygia longifolia",NA,70,145,NA,NA,NA,NA,0.71,"BIOMASS+BIEN+Zanne"
"LLFS",5,"12SP",20,"Quercus insignis",NA,145,198,0.7853975,0.999999577667978,NA,NA,0.701,"BIOMASS (genus)"
"LLFS",5,"12SP",21,"Inga edulis",NA,60,146,NA,NA,NA,NA,0.58,"BIOMASS+BIEN+Zanne"
"LLFS",5,"12SP",22,"Simarouba amara",NA,52,54,NA,NA,NA,NA,0.374,"BIOMASS+BIEN+Zanne+TWDD+CIRAD"
"LLFS",5,"12SP",23,"Handroanthus ochraceus",NA,24,55,NA,NA,NA,NA,0.507,"TWDD (species)"
"LLFS",5,"12SP",24,"Lacistema aggregatum",NA,52,NA,NA,NA,NA,NA,0.508,"BIOMASS+BIEN+Zanne"
"LLFS",5,"12SP",25,"Quercus insignis",NA,33,43,NA,NA,NA,NA,0.701,"BIOMASS (genus)"
"LLFS",5,"12SP",26,"Ocotea puberula",NA,14,44,NA,NA,NA,NA,0.433,"BIOMASS+BIEN+Zanne"
"LLFS",5,"12SP",27,"Simarouba amara",NA,24,NA,NA,NA,NA,NA,0.374,"BIOMASS+BIEN+Zanne+TWDD+CIRAD"
"LLFS",5,"12SP",28,"Cordia alliodora",NA,58,40,NA,NA,NA,NA,0.469,"BIOMASS+BIEN+Zanne+TWDD+CIRAD"
"LLFS",5,"12SP",29,"Zygia longifolia",NA,67,168,NA,NA,NA,NA,0.71,"BIOMASS+BIEN+Zanne"
"LLFS",5,"12SP",30,"Persea caerulea",NA,37,115,NA,NA,NA,NA,0.425,"BIOMASS+BIEN+Zanne"
"LLFS",5,"12SP",31,"Cordia alliodora",NA,28,24,NA,NA,NA,NA,0.469,"BIOMASS+BIEN+Zanne+TWDD+CIRAD"
"LLFS",5,"12SP",32,"Calophyllum brasiliense",NA,74,104,NA,NA,NA,NA,0.571,"BIOMASS+BIEN+Zanne+TWDD+CIRAD"
"LLFS",5,"12SP",33,"Inga edulis",NA,112,225,15.291689325,4.41248043104947,NA,NA,0.58,"BIOMASS+BIEN+Zanne"
"LLFS",5,"12SP",34,"Erythrina poeppigiana",NA,53,70,NA,NA,NA,NA,0.302,"BIOMASS+BIEN+Zanne"
"LLFS",5,"12SP",35,"Handroanthus ochraceus",NA,14,NA,NA,NA,NA,NA,0.507,"TWDD (species)"
"LLFS",5,"12SP",36,"Quercus insignis",NA,53,108,NA,NA,NA,NA,0.701,"BIOMASS (genus)"
"LLFS",5,"12SP",37,"Lacistema aggregatum",NA,22,33,NA,NA,NA,NA,0.508,"BIOMASS+BIEN+Zanne"
"LLFS",5,"12SP",38,"Ocotea puberula",NA,26,47,NA,NA,NA,NA,0.433,"BIOMASS+BIEN+Zanne"
"LLFS",5,"12SP",39,"Erythrina poeppigiana",NA,66,109,NA,NA,NA,NA,0.302,"BIOMASS+BIEN+Zanne"
"LLFS",5,"12SP",40,"Zygia longifolia",NA,56,70,NA,NA,NA,NA,0.71,"BIOMASS+BIEN+Zanne"
"LLFS",5,"12SP",41,"Croton draco",NA,100,205,NA,NA,1,NA,0.51,"BIOMASS (genus)"
"LLFS",5,"12SP",42,"Persea caerulea",NA,70,65,NA,NA,NA,NA,0.425,"BIOMASS+BIEN+Zanne"
"LLFS",5,"12SP",43,"Croton draco",NA,75,160,NA,NA,NA,NA,0.51,"BIOMASS (genus)"
"LLFS",5,"12SP",44,"Inga edulis",NA,76,110,NA,NA,1,NA,0.58,"BIOMASS+BIEN+Zanne"
"LLFS",5,"12SP",45,"Handroanthus ochraceus",NA,71,110,NA,NA,NA,NA,0.507,"TWDD (species)"
"LLFS",5,"12SP",46,"Simarouba amara",NA,28,30,NA,NA,1,NA,0.374,"BIOMASS+BIEN+Zanne+TWDD+CIRAD"
"LLFS",5,"12SP",47,"Lacistema aggregatum",NA,30,55,NA,NA,NA,NA,0.508,"BIOMASS+BIEN+Zanne"
"LLFS",5,"12SP",48,"Calophyllum brasiliense",NA,98,107,NA,NA,NA,NA,0.571,"BIOMASS+BIEN+Zanne+TWDD+CIRAD"
"LLFS",5,"12SP",49,"Quercus insignis",NA,51,40,NA,NA,NA,NA,0.701,"BIOMASS (genus)"
"FCEA",1,"M1",2,"Inga edulis",1,398,495,80.54277,10.1267092288911,0,NA,0.58,"BIOMASS+BIEN+Zanne"
"FCEA",1,"M1",3,"Inga edulis",1,300,553,66.554796,9.20544394143931,0,NA,0.58,"BIOMASS+BIEN+Zanne"
"FCEA",1,"M1",4,"Inga edulis",1,285,405,23.75835,5.50000643069248,0,NA,0.58,"BIOMASS+BIEN+Zanne"
"FCEA",1,"M1",5,"Inga edulis",1,242,280,51.804984,8.12158569758224,0,NA,0.58,"BIOMASS+BIEN+Zanne"
"FCEA",1,"M1",6,"Inga edulis",1,300,340,63.358218,8.98165845718658,0,NA,0.58,"BIOMASS+BIEN+Zanne"
"FCEA",1,"M1",7,"Inga edulis",1,258,490,65.038974,9.10001063987302,0,NA,0.58,"BIOMASS+BIEN+Zanne"
"FCEA",1,"M1",8,"Inga edulis",1,NA,NA,NA,NA,0,NA,0.58,"BIOMASS+BIEN+Zanne"
"FCEA",1,"M1",9,"Inga edulis",1,NA,NA,NA,NA,0,NA,0.58,"BIOMASS+BIEN+Zanne"
"FCEA",1,"M1",10,"Inga edulis",1,NA,NA,NA,NA,0,NA,0.58,"BIOMASS+BIEN+Zanne"
"FCEA",1,"M1",11,"Inga edulis",1,NA,NA,NA,NA,0,NA,0.58,"BIOMASS+BIEN+Zanne"
"FCEA",1,"M1",12,"Inga edulis",1,NA,NA,NA,NA,0,NA,0.58,"BIOMASS+BIEN+Zanne"
"FCEA",1,"M1",13,"Inga edulis",1,NA,NA,NA,NA,0,NA,0.58,"BIOMASS+BIEN+Zanne"
"FCEA",1,"M1",14,"Inga edulis",1,NA,NA,NA,NA,0,NA,0.58,"BIOMASS+BIEN+Zanne"
"FCEA",1,"M1",15,"Inga edulis",1,185,170,5.599902,2.67020910661347,0,NA,0.58,"BIOMASS+BIEN+Zanne"
"FCEA",1,"M1",16,"Inga edulis",1,150,260,4.932312,2.50599574727727,0,NA,0.58,"BIOMASS+BIEN+Zanne"
"FCEA",1,"M1",17,"Inga edulis",1,158,300,12.228678,3.94588854498361,0,NA,0.58,"BIOMASS+BIEN+Zanne"
"FCEA",1,"M1",18,"Inga edulis",1,40,65,NA,NA,0,NA,0.58,"BIOMASS+BIEN+Zanne"
"FCEA",1,"M1",19,"Inga edulis",1,184,220,5.85123,2.72947200413207,0,NA,0.58,"BIOMASS+BIEN+Zanne"
"FCEA",1,"M1",20,"Inga edulis",1,173,230,8.969268,3.37935300093489,0,NA,0.58,"BIOMASS+BIEN+Zanne"
"FCEA",1,"M1",21,"Inga edulis",1,235,250,34.463352,6.62420580979544,0,NA,0.58,"BIOMASS+BIEN+Zanne"
"FCEA",1,"M1",22,"Inga edulis",1,NA,NA,NA,NA,0,NA,0.58,"BIOMASS+BIEN+Zanne"
"FCEA",1,"M1",23,"Inga edulis",1,NA,NA,NA,NA,0,NA,0.58,"BIOMASS+BIEN+Zanne"
"FCEA",1,"M1",24,"Inga edulis",1,NA,NA,NA,NA,0,NA,0.58,"BIOMASS+BIEN+Zanne"
"FCEA",1,"M1",25,"Inga edulis",1,NA,NA,NA,NA,0,NA,0.58,"BIOMASS+BIEN+Zanne"
"FCEA",1,"M1",26,"Inga edulis",1,NA,NA,NA,NA,0,NA,0.58,"BIOMASS+BIEN+Zanne"
"FCEA",1,"M1",27,"Inga edulis",1,NA,NA,NA,NA,0,NA,0.58,"BIOMASS+BIEN+Zanne"
"FCEA",1,"M1",28,"Inga edulis",1,NA,NA,NA,NA,0,NA,0.58,"BIOMASS+BIEN+Zanne"
"FCEA",1,"M1",29,"Inga edulis",1,32,40,NA,NA,0,NA,0.58,"BIOMASS+BIEN+Zanne"
"FCEA",1,"M1",30,"Inga edulis",1,165,195,5.466384,2.63818427626039,0,NA,0.58,"BIOMASS+BIEN+Zanne"
"FCEA",1,"M1",31,"Inga edulis",1,83,90,NA,NA,0,NA,0.58,"BIOMASS+BIEN+Zanne"
"FCEA",1,"M1",32,"Inga edulis",1,100,160,0.950334,1.1000012861385,0,NA,0.58,"BIOMASS+BIEN+Zanne"
"FCEA",1,"M1",33,"Inga edulis",1,148,180,1.539384,1.40000163690354,0,NA,0.58,"BIOMASS+BIEN+Zanne"
"FCEA",1,"M1",34,"Inga edulis",1,100,NA,NA,NA,0,NA,0.58,"BIOMASS+BIEN+Zanne"
"FCEA",1,"M1",35,"Inga edulis",1,103,125,NA,NA,0,NA,0.58,"BIOMASS+BIEN+Zanne"
"FCEA",1,"M1",36,"Inga edulis",1,102,250,2.544696,1.80000210459027,0,NA,0.58,"BIOMASS+BIEN+Zanne"
"FCEA",1,"M1",37,"Inga edulis",1,210,210,36.819552,6.8469051129567,0,NA,0.58,"BIOMASS+BIEN+Zanne"
"FCEA",1,"M1",38,"Inga edulis",1,130,170,5.002998,2.52388884379462,0,NA,0.58,"BIOMASS+BIEN+Zanne"
"FCEA",1,"M1",39,"Inga edulis",1,205,240,17.561544,4.72864169581567,0,NA,0.58,"BIOMASS+BIEN+Zanne"
"FCEA",1,"M1",40,"Inga edulis",1,300,353,64.52061,9.06367431577476,0,NA,0.58,"BIOMASS+BIEN+Zanne"
"FCEA",1,"M1",41,"Inga edulis",1,270,347,32.743326,6.4567869323182,0,NA,0.58,"BIOMASS+BIEN+Zanne"
"FCEA",1,"M1",42,"Inga edulis",1,268,340,18.174156,4.81041101272914,0,NA,0.58,"BIOMASS+BIEN+Zanne"
"FCEA",1,"M1",43,"Inga edulis",1,NA,NA,NA,NA,0,NA,0.58,"BIOMASS+BIEN+Zanne"
"FCEA",1,"M1",44,"Inga edulis",1,NA,NA,NA,NA,0,NA,0.58,"BIOMASS+BIEN+Zanne"
"FCEA",1,"M1",45,"Inga edulis",1,NA,NA,NA,NA,0,NA,0.58,"BIOMASS+BIEN+Zanne"
"FCEA",1,"M1",46,"Inga edulis",1,NA,NA,NA,NA,0,NA,0.58,"BIOMASS+BIEN+Zanne"
"FCEA",1,"M1",47,"Inga edulis",1,NA,NA,NA,NA,0,NA,0.58,"BIOMASS+BIEN+Zanne"
"FCEA",1,"M1",48,"Inga edulis",1,NA,NA,NA,NA,0,NA,0.58,"BIOMASS+BIEN+Zanne"
"FCEA",1,"M1",49,"Inga edulis",1,NA,NA,NA,NA,0,NA,0.58,"BIOMASS+BIEN+Zanne"
"FCEA",2,"M1",2,"Inga edulis",1,278,300,23.13003,5.42679176557482,0,NA,0.58,"BIOMASS+BIEN+Zanne"
"FCEA",2,"M1",3,"Inga edulis",1,190,250,18.873162,4.90204612305851,0,NA,0.58,"BIOMASS+BIEN+Zanne"
"FCEA",2,"M1",4,"Inga edulis",1,212,260,23.239986,5.43967546773625,0,NA,0.58,"BIOMASS+BIEN+Zanne"
"FCEA",2,"M1",5,"Inga edulis",1,195,368,41.052858,7.22980789717108,0,NA,0.58,"BIOMASS+BIEN+Zanne"
"FCEA",2,"M1",6,"Inga edulis",1,234,260,7.547694,3.10000362457213,0,NA,0.58,"BIOMASS+BIEN+Zanne"
"FCEA",2,"M1",7,"Inga edulis",1,194,320,10.2102,3.60555549113517,0,NA,0.58,"BIOMASS+BIEN+Zanne"
"FCEA",2,"M1",8,"Inga edulis",1,NA,NA,NA,NA,0,NA,0.58,"BIOMASS+BIEN+Zanne"
"FCEA",2,"M1",9,"Inga edulis",1,NA,NA,NA,NA,0,NA,0.58,"BIOMASS+BIEN+Zanne"
"FCEA",2,"M1",10,"Inga edulis",1,NA,NA,NA,NA,0,NA,0.58,"BIOMASS+BIEN+Zanne"
"FCEA",2,"M1",11,"Inga edulis",1,NA,NA,NA,NA,0,NA,0.58,"BIOMASS+BIEN+Zanne"
"FCEA",2,"M1",12,"Inga edulis",1,NA,NA,NA,NA,0,NA,0.58,"BIOMASS+BIEN+Zanne"
"FCEA",2,"M1",13,"Inga edulis",1,NA,NA,NA,NA,0,NA,0.58,"BIOMASS+BIEN+Zanne"
"FCEA",2,"M1",14,"Inga edulis",1,NA,NA,NA,NA,0,NA,0.58,"BIOMASS+BIEN+Zanne"
"FCEA",2,"M1",15,"Inga edulis",1,377,395,31.172526,6.30000736606593,0,NA,0.58,"BIOMASS+BIEN+Zanne"
"FCEA",2,"M1",16,"Inga edulis",1,310,390,43.738926,7.46258200808842,0,NA,0.58,"BIOMASS+BIEN+Zanne"
"FCEA",2,"M1",17,"Inga edulis",1,142,150,NA,NA,0,NA,0.58,"BIOMASS+BIEN+Zanne"
"FCEA",2,"M1",18,"Inga edulis",1,279,340,43.024212,7.40135988176964,0,NA,0.58,"BIOMASS+BIEN+Zanne"
"FCEA",2,"M1",19,"Inga edulis",1,377,405,55.708422,8.42200486019774,0,NA,0.58,"BIOMASS+BIEN+Zanne"
"FCEA",2,"M1",20,"Inga edulis",1,218,255,8.56086,3.30151866403046,0,NA,0.58,"BIOMASS+BIEN+Zanne"
"FCEA",2,"M1",21,"Inga edulis",1,145,200,2.269806,1.70000198766859,0,NA,0.58,"BIOMASS+BIEN+Zanne"
"FCEA",2,"M1",22,"Inga edulis",1,NA,NA,NA,NA,0,NA,0.58,"BIOMASS+BIEN+Zanne"
"FCEA",2,"M1",23,"Inga edulis",1,NA,NA,NA,NA,0,NA,0.58,"BIOMASS+BIEN+Zanne"
"FCEA",2,"M1",24,"Inga edulis",1,NA,NA,NA,NA,0,NA,0.58,"BIOMASS+BIEN+Zanne"
"FCEA",2,"M1",25,"Inga edulis",1,NA,NA,NA,NA,0,NA,0.58,"BIOMASS+BIEN+Zanne"
"FCEA",2,"M1",26,"Inga edulis",1,NA,NA,NA,NA,0,NA,0.58,"BIOMASS+BIEN+Zanne"
"FCEA",2,"M1",27,"Inga edulis",1,NA,NA,NA,NA,0,NA,0.58,"BIOMASS+BIEN+Zanne"
"FCEA",2,"M1",28,"Inga edulis",NA,NA,NA,NA,NA,1,NA,0.58,"BIOMASS+BIEN+Zanne"
"FCEA",2,"M1",29,"Inga edulis",1,330,455,49.448784,7.93474304737509,0,NA,0.58,"BIOMASS+BIEN+Zanne"
"FCEA",2,"M1",30,"Inga edulis",1,167,180,10.579338,3.67015415190144,0,NA,0.58,"BIOMASS+BIEN+Zanne"
"FCEA",2,"M1",31,"Inga edulis",1,138,190,2.835294,1.90000222151195,0,NA,0.58,"BIOMASS+BIEN+Zanne"
"FCEA",2,"M1",32,"Inga edulis",1,207,230,4.680984,2.44131397756876,0,NA,0.58,"BIOMASS+BIEN+Zanne"
"FCEA",2,"M1",33,"Inga edulis",1,78,88,NA,NA,0,NA,0.58,"BIOMASS+BIEN+Zanne"
"FCEA",2,"M1",34,"Inga edulis",1,330,400,36.79599,6.84471398640437,0,NA,0.58,"BIOMASS+BIEN+Zanne"
"FCEA",2,"M1",35,"Inga edulis",1,364,380,38.36679,6.9892856739834,0,NA,0.58,"BIOMASS+BIEN+Zanne"
"FCEA",2,"M1",36,"Inga edulis",1,320,275,13.556004,4.15452047309771,0,NA,0.58,"BIOMASS+BIEN+Zanne"
"FCEA",2,"M1",37,"Inga edulis",1,215,340,23.381358,5.45619552574959,0,NA,0.58,"BIOMASS+BIEN+Zanne"
"FCEA",2,"M1",38,"Inga edulis",1,123,427,18.095616,4.80000561224071,0,NA,0.58,"BIOMASS+BIEN+Zanne"
"FCEA",2,"M1",39,"Inga edulis",1,100,110,NA,NA,0,NA,0.58,"BIOMASS+BIEN+Zanne"
"FCEA",2,"M1",40,"Inga edulis",1,357,128,NA,NA,0,NA,0.58,"BIOMASS+BIEN+Zanne"
"FCEA",2,"M1",41,"Inga edulis",1,362,310,15.3153,4.41588559628558,0,NA,0.58,"BIOMASS+BIEN+Zanne"
"FCEA",2,"M1",42,"Inga edulis",1,265,347,45.309726,7.59540222136491,0,NA,0.58,"BIOMASS+BIEN+Zanne"
"FCEA",2,"M1",43,"Inga edulis",1,NA,NA,NA,NA,0,NA,0.58,"BIOMASS+BIEN+Zanne"
"FCEA",2,"M1",44,"Inga edulis",1,NA,NA,NA,NA,0,NA,0.58,"BIOMASS+BIEN+Zanne"
"FCEA",2,"M1",45,"Inga edulis",1,NA,NA,NA,NA,0,NA,0.58,"BIOMASS+BIEN+Zanne"
"FCEA",2,"M1",46,"Inga edulis",1,NA,NA,NA,NA,0,NA,0.58,"BIOMASS+BIEN+Zanne"
"FCEA",2,"M1",47,"Inga edulis",NA,NA,NA,NA,NA,1,NA,0.58,"BIOMASS+BIEN+Zanne"
"FCEA",2,"M1",48,"Inga edulis",1,NA,NA,NA,NA,0,NA,0.58,"BIOMASS+BIEN+Zanne"
"FCEA",2,"M1",49,"Inga edulis",1,NA,NA,NA,NA,0,NA,0.58,"BIOMASS+BIEN+Zanne"
"FCEA",3,"M1",2,"Inga edulis",1,245,255,17.977806,4.78435507950414,0,NA,0.58,"BIOMASS+BIEN+Zanne"
"FCEA",3,"M1",3,"Inga edulis",1,171,161,4.209744,2.31517008749068,0,NA,0.58,"BIOMASS+BIEN+Zanne"
"FCEA",3,"M1",4,"Inga edulis",1,195,270,10.940622,3.73229588516231,0,NA,0.58,"BIOMASS+BIEN+Zanne"
"FCEA",3,"M1",5,"Inga edulis",1,225,230,9.275574,3.43657207358107,0,NA,0.58,"BIOMASS+BIEN+Zanne"
"FCEA",3,"M1",6,"Inga edulis",1,110,170,2.796024,1.8867984324852,0,NA,0.58,"BIOMASS+BIEN+Zanne"
"FCEA",3,"M1",7,"Inga edulis",1,96,126,NA,NA,0,NA,0.58,"BIOMASS+BIEN+Zanne"
"FCEA",3,"M1",8,"Inga edulis",1,260,NA,NA,NA,0,NA,0.58,"BIOMASS+BIEN+Zanne"
"FCEA",3,"M1",9,"Inga edulis",1,150,NA,NA,NA,0,NA,0.58,"BIOMASS+BIEN+Zanne"
"FCEA",3,"M1",10,"Inga edulis",1,236,NA,NA,NA,0,NA,0.58,"BIOMASS+BIEN+Zanne"
"FCEA",3,"M1",11,"Inga edulis",1,196,NA,NA,NA,0,NA,0.58,"BIOMASS+BIEN+Zanne"
"FCEA",3,"M1",12,"Inga edulis",1,180,NA,NA,NA,0,NA,0.58,"BIOMASS+BIEN+Zanne"
"FCEA",3,"M1",13,"Inga edulis",1,150,NA,NA,NA,0,NA,0.58,"BIOMASS+BIEN+Zanne"
"FCEA",3,"M1",14,"Inga edulis",1,129,NA,NA,NA,0,NA,0.58,"BIOMASS+BIEN+Zanne"
"FCEA",3,"M1",15,"Inga edulis",1,188,230,7.335636,3.05614493127909,0,NA,0.58,"BIOMASS+BIEN+Zanne"
"FCEA",3,"M1",16,"Inga edulis",1,188,240,8.961414,3.37787310027232,0,NA,0.58,"BIOMASS+BIEN+Zanne"
"FCEA",3,"M1",17,"Inga edulis",1,163,225,3.777774,2.1931737842388,0,NA,0.58,"BIOMASS+BIEN+Zanne"
"FCEA",3,"M1",18,"Inga edulis",1,174,230,17.08245,4.66369497940862,0,NA,0.58,"BIOMASS+BIEN+Zanne"
"FCEA",3,"M1",19,"Inga edulis",1,125,115,NA,NA,0,NA,0.58,"BIOMASS+BIEN+Zanne"
"FCEA",3,"M1",20,"Inga edulis",1,246,300,14.789082,4.33935986439601,0,NA,0.58,"BIOMASS+BIEN+Zanne"
"FCEA",3,"M1",21,"Inga edulis",NA,NA,NA,NA,NA,1,1,0.58,"BIOMASS+BIEN+Zanne"
"FCEA",3,"M1",22,"Inga edulis",1,264,NA,NA,NA,0,NA,0.58,"BIOMASS+BIEN+Zanne"
"FCEA",3,"M1",23,"Inga edulis",1,198,NA,NA,NA,0,NA,0.58,"BIOMASS+BIEN+Zanne"
"FCEA",3,"M1",24,"Inga edulis",1,85,NA,NA,NA,0,NA,0.58,"BIOMASS+BIEN+Zanne"
"FCEA",3,"M1",25,"Inga edulis",1,165,NA,NA,NA,0,NA,0.58,"BIOMASS+BIEN+Zanne"
"FCEA",3,"M1",26,"Inga edulis",1,82,NA,NA,NA,0,NA,0.58,"BIOMASS+BIEN+Zanne"
"FCEA",3,"M1",27,"Inga edulis",1,163,NA,NA,NA,0,NA,0.58,"BIOMASS+BIEN+Zanne"
"FCEA",3,"M1",28,"Inga edulis",1,167,NA,NA,NA,0,NA,0.58,"BIOMASS+BIEN+Zanne"
"FCEA",3,"M1",29,"Inga edulis",1,170,240,17.977806,4.78435507950414,0,NA,0.58,"BIOMASS+BIEN+Zanne"
"FCEA",3,"M1",30,"Inga edulis",1,185,265,8.804334,3.34813772325099,0,NA,0.58,"BIOMASS+BIEN+Zanne"
"FCEA",3,"M1",31,"Inga edulis",1,150,220,6.236076,2.81780385534087,0,NA,0.58,"BIOMASS+BIEN+Zanne"
"FCEA",3,"M1",32,"Inga edulis",1,163,255,28.82418,6.05805957552122,0,NA,0.58,"BIOMASS+BIEN+Zanne"
"FCEA",3,"M1",33,"Inga edulis",1,130,220,8.772918,3.3421589011175,0,NA,0.58,"BIOMASS+BIEN+Zanne"
"FCEA",3,"M1",34,"Inga edulis",1,158,200,3.777774,2.1931737842388,0,NA,0.58,"BIOMASS+BIEN+Zanne"
"FCEA",3,"M1",35,"Inga edulis",1,107,220,12.040182,3.91535896798857,0,NA,0.58,"BIOMASS+BIEN+Zanne"
"FCEA",3,"M1",36,"Inga edulis",1,211,260,7.296366,3.04795369454018,0,NA,0.58,"BIOMASS+BIEN+Zanne"
"FCEA",3,"M1",37,"Inga edulis",1,168,280,10.390842,3.63731094869479,0,NA,0.58,"BIOMASS+BIEN+Zanne"
"FCEA",3,"M1",38,"Inga edulis",1,170,190,10.163076,3.59722535565244,0,NA,0.58,"BIOMASS+BIEN+Zanne"
"FCEA",3,"M1",39,"Inga edulis",1,97,170,3.502884,2.11187367742962,0,NA,0.58,"BIOMASS+BIEN+Zanne"
"FCEA",3,"M1",40,"Inga edulis",1,230,327,19.08522,4.92950878120431,0,NA,0.58,"BIOMASS+BIEN+Zanne"
"FCEA",3,"M1",41,"Inga edulis",1,170,250,12.511422,3.99124507532042,0,NA,0.58,"BIOMASS+BIEN+Zanne"
"FCEA",3,"M1",42,"Inga edulis",1,137,177,5.411406,2.62488401873628,0,NA,0.58,"BIOMASS+BIEN+Zanne"
"FCEA",3,"M1",43,"Inga edulis",1,125,NA,NA,NA,0,NA,0.58,"BIOMASS+BIEN+Zanne"
"FCEA",3,"M1",44,"Inga edulis",1,184,NA,NA,NA,0,NA,0.58,"BIOMASS+BIEN+Zanne"
"FCEA",3,"M1",45,"Inga edulis",1,178,NA,NA,NA,0,NA,0.58,"BIOMASS+BIEN+Zanne"
"FCEA",3,"M1",46,"Inga edulis",1,220,NA,NA,NA,0,NA,0.58,"BIOMASS+BIEN+Zanne"
"FCEA",3,"M1",47,"Inga edulis",1,172,NA,NA,NA,0,NA,0.58,"BIOMASS+BIEN+Zanne"
"FCEA",3,"M1",48,"Inga edulis",1,217,NA,NA,NA,0,NA,0.58,"BIOMASS+BIEN+Zanne"
"FCEA",3,"M1",49,"Inga edulis",1,165,NA,NA,NA,0,NA,0.58,"BIOMASS+BIEN+Zanne"
"FCEA",4,"M1",2,"Inga edulis",1,300,434,90.305292,10.7228852867713,0,NA,0.58,"BIOMASS+BIEN+Zanne"
"FCEA",4,"M1",3,"Inga edulis",1,305,504,208.68078,16.3003258041727,0,NA,0.58,"BIOMASS+BIEN+Zanne"
"FCEA",4,"M1",4,"Inga edulis",1,355,542,89.284272,10.6620948144954,0,NA,0.58,"BIOMASS+BIEN+Zanne"
"FCEA",4,"M1",5,"Inga edulis",1,435,500,89.040798,10.6475473752586,0,NA,0.58,"BIOMASS+BIEN+Zanne"
"FCEA",4,"M1",6,"Inga edulis",1,373,530,144.285834,13.5539820567202,0,NA,0.58,"BIOMASS+BIEN+Zanne"
"FCEA",4,"M1",7,"Inga edulis",1,386,494,144.678534,13.5724143306602,0,NA,0.58,"BIOMASS+BIEN+Zanne"
"FCEA",4,"M1",8,"Inga edulis",1,NA,NA,NA,NA,0,NA,0.58,"BIOMASS+BIEN+Zanne"
"FCEA",4,"M1",9,"Inga edulis",1,NA,NA,NA,NA,0,NA,0.58,"BIOMASS+BIEN+Zanne"
"FCEA",4,"M1",10,"Inga edulis",1,NA,NA,NA,NA,0,NA,0.58,"BIOMASS+BIEN+Zanne"
"FCEA",4,"M1",11,"Inga edulis",1,NA,NA,NA,NA,0,NA,0.58,"BIOMASS+BIEN+Zanne"
"FCEA",4,"M1",12,"Inga edulis",1,NA,NA,NA,NA,0,NA,0.58,"BIOMASS+BIEN+Zanne"
"FCEA",4,"M1",13,"Inga edulis",1,NA,NA,NA,NA,0,NA,0.58,"BIOMASS+BIEN+Zanne"
"FCEA",4,"M1",14,"Inga edulis",1,NA,NA,NA,NA,0,NA,0.58,"BIOMASS+BIEN+Zanne"
"FCEA",4,"M1",15,"Inga edulis",1,353,460,51.577218,8.10371233232191,0,NA,0.58,"BIOMASS+BIEN+Zanne"
"FCEA",4,"M1",16,"Inga edulis",1,365,553,75.531918,9.80664187616197,0,NA,0.58,"BIOMASS+BIEN+Zanne"
"FCEA",4,"M1",17,"Inga edulis",1,220,477,67.66221,9.28171328237276,0,NA,0.58,"BIOMASS+BIEN+Zanne"
"FCEA",4,"M1",18,"Inga edulis",1,360,594,156.33387,14.108524567278,0,NA,0.58,"BIOMASS+BIEN+Zanne"
"FCEA",4,"M1",19,"Inga edulis",1,383,626,39.592014,7.10000830143939,0,NA,0.58,"BIOMASS+BIEN+Zanne"
"FCEA",4,"M1",20,"Inga edulis",1,370,600,126.48867,12.6905625015188,0,NA,0.58,"BIOMASS+BIEN+Zanne"
"FCEA",4,"M1",21,"Inga edulis",1,455,656,216.157788,16.5897752722597,0,NA,0.58,"BIOMASS+BIEN+Zanne"
"FCEA",4,"M1",22,"Inga edulis",1,NA,NA,NA,NA,0,NA,0.58,"BIOMASS+BIEN+Zanne"
"FCEA",4,"M1",23,"Inga edulis",1,NA,NA,NA,NA,0,NA,0.58,"BIOMASS+BIEN+Zanne"
"FCEA",4,"M1",24,"Inga edulis",1,NA,NA,NA,NA,0,NA,0.58,"BIOMASS+BIEN+Zanne"
"FCEA",4,"M1",25,"Inga edulis",1,NA,NA,NA,NA,0,NA,0.58,"BIOMASS+BIEN+Zanne"
"FCEA",4,"M1",26,"Inga edulis",1,NA,NA,NA,NA,0,NA,0.58,"BIOMASS+BIEN+Zanne"
"FCEA",4,"M1",27,"Inga edulis",1,NA,NA,NA,NA,0,NA,0.58,"BIOMASS+BIEN+Zanne"
"FCEA",4,"M1",28,"Inga edulis",1,NA,NA,NA,NA,0,NA,0.58,"BIOMASS+BIEN+Zanne"
"FCEA",4,"M1",29,"Inga edulis",NA,250,358,48.938274,7.89367757815612,1,NA,0.58,"BIOMASS+BIEN+Zanne"
"FCEA",4,"M1",30,"Inga edulis",1,126,230,2.010624,1.6000018707469,0,NA,0.58,"BIOMASS+BIEN+Zanne"
"FCEA",4,"M1",31,"Inga edulis",1,358,510,57.53055,8.55863139119588,0,NA,0.58,"BIOMASS+BIEN+Zanne"
"FCEA",4,"M1",32,"Inga edulis",1,350,569,62.71419,8.93589316879038,0,NA,0.58,"BIOMASS+BIEN+Zanne"
"FCEA",4,"M1",33,"Inga edulis",1,395,671,101.82711,11.3864087041568,0,NA,0.58,"BIOMASS+BIEN+Zanne"
"FCEA",4,"M1",34,"Inga edulis",1,315,474,78.233694,9.98049261968116,0,NA,0.58,"BIOMASS+BIEN+Zanne"
"FCEA",4,"M1",35,"Inga edulis",1,330,575,115.4538,12.1243698289826,0,NA,0.58,"BIOMASS+BIEN+Zanne"
"FCEA",4,"M1",36,"Inga edulis",1,290,334,10.2102,3.60555549113517,0,NA,0.58,"BIOMASS+BIEN+Zanne"
"FCEA",4,"M1",37,"Inga edulis",1,258,280,35.468664,6.72012690384076,0,NA,0.58,"BIOMASS+BIEN+Zanne"
"FCEA",4,"M1",38,"Inga edulis",1,220,327,59.721816,8.72010193831455,0,NA,0.58,"BIOMASS+BIEN+Zanne"
"FCEA",4,"M1",39,"Inga edulis",1,220,373,15.205344,4.40000514455398,0,NA,0.58,"BIOMASS+BIEN+Zanne"
"FCEA",4,"M1",40,"Inga edulis",1,330,583,89.983278,10.7037501799368,0,NA,0.58,"BIOMASS+BIEN+Zanne"
"FCEA",4,"M1",41,"Inga edulis",1,395,571,118.807458,12.2992013454152,0,NA,0.58,"BIOMASS+BIEN+Zanne"
"FCEA",4,"M1",42,"Inga edulis",1,350,490,46.69203,7.71039162558949,0,NA,0.58,"BIOMASS+BIEN+Zanne"
"FCEA",4,"M1",43,"Inga edulis",1,NA,NA,NA,NA,0,NA,0.58,"BIOMASS+BIEN+Zanne"
"FCEA",4,"M1",44,"Inga edulis",1,NA,NA,NA,NA,0,NA,0.58,"BIOMASS+BIEN+Zanne"
"FCEA",4,"M1",45,"Inga edulis",1,NA,NA,NA,NA,0,NA,0.58,"BIOMASS+BIEN+Zanne"
"FCEA",4,"M1",46,"Inga edulis",1,NA,NA,NA,NA,0,NA,0.58,"BIOMASS+BIEN+Zanne"
"FCEA",4,"M1",47,"Inga edulis",1,NA,NA,NA,NA,0,NA,0.58,"BIOMASS+BIEN+Zanne"
"FCEA",4,"M1",48,"Inga edulis",1,NA,NA,NA,NA,0,NA,0.58,"BIOMASS+BIEN+Zanne"
"FCEA",4,"M1",49,"Inga edulis",1,NA,NA,NA,NA,0,NA,0.58,"BIOMASS+BIEN+Zanne"
"FCEA",5,"M1",2,"Inga edulis",1,145,240,6.958644,2.97657869348923,0,NA,0.58,"BIOMASS+BIEN+Zanne"
"FCEA",5,"M1",3,"Inga edulis",1,77,52,NA,NA,0,NA,0.58,"BIOMASS+BIEN+Zanne"
"FCEA",5,"M1",4,"Inga edulis",1,104,175,2.489718,1.78045146320784,0,NA,0.58,"BIOMASS+BIEN+Zanne"
"FCEA",5,"M1",5,"Inga edulis",1,77,80,NA,NA,0,NA,0.58,"BIOMASS+BIEN+Zanne"
"FCEA",5,"M1",6,"Inga edulis",1,68,80,NA,NA,0,NA,0.58,"BIOMASS+BIEN+Zanne"
"FCEA",5,"M1",7,"Inga edulis",1,98,120,NA,NA,0,NA,0.58,"BIOMASS+BIEN+Zanne"
"FCEA",5,"M1",8,"Inga edulis",1,70,NA,NA,NA,0,NA,0.58,"BIOMASS+BIEN+Zanne"
"FCEA",5,"M1",9,"Inga edulis",1,90,NA,NA,NA,0,NA,0.58,"BIOMASS+BIEN+Zanne"
"FCEA",5,"M1",10,"Inga edulis",1,195,NA,NA,NA,0,NA,0.58,"BIOMASS+BIEN+Zanne"
"FCEA",5,"M1",11,"Inga edulis",1,120,NA,NA,NA,0,NA,0.58,"BIOMASS+BIEN+Zanne"
"FCEA",5,"M1",12,"Inga edulis",1,85,NA,NA,NA,0,NA,0.58,"BIOMASS+BIEN+Zanne"
"FCEA",5,"M1",13,"Inga edulis",1,102,NA,NA,NA,0,NA,0.58,"BIOMASS+BIEN+Zanne"
"FCEA",5,"M1",14,"Inga edulis",1,140,NA,NA,NA,0,NA,0.58,"BIOMASS+BIEN+Zanne"
"FCEA",5,"M1",15,"Inga edulis",1,120,110,NA,NA,0,NA,0.58,"BIOMASS+BIEN+Zanne"
"FCEA",5,"M1",16,"Inga edulis",1,135,127,NA,NA,0,NA,0.58,"BIOMASS+BIEN+Zanne"
"FCEA",5,"M1",17,"Inga edulis",1,98,112,NA,NA,0,NA,0.58,"BIOMASS+BIEN+Zanne"
"FCEA",5,"M1",18,"Inga edulis",NA,56,56,NA,NA,1,NA,0.58,"BIOMASS+BIEN+Zanne"
"FCEA",5,"M1",19,"Inga edulis",1,47,75,NA,NA,0,NA,0.58,"BIOMASS+BIEN+Zanne"
"FCEA",5,"M1",20,"Inga edulis",1,60,44,NA,NA,0,NA,0.58,"BIOMASS+BIEN+Zanne"
"FCEA",5,"M1",21,"Inga edulis",1,155,185,7.77546,3.14643022336528,0,NA,0.58,"BIOMASS+BIEN+Zanne"
"FCEA",5,"M1",22,"Inga edulis",1,161,NA,NA,NA,0,NA,0.58,"BIOMASS+BIEN+Zanne"
"FCEA",5,"M1",23,"Inga edulis",1,88,NA,NA,NA,0,NA,0.58,"BIOMASS+BIEN+Zanne"
"FCEA",5,"M1",24,"Inga edulis",1,120,NA,NA,NA,0,NA,0.58,"BIOMASS+BIEN+Zanne"
"FCEA",5,"M1",25,"Inga edulis",1,133,NA,NA,NA,0,NA,0.58,"BIOMASS+BIEN+Zanne"
"FCEA",5,"M1",26,"Inga edulis",1,150,NA,NA,NA,0,NA,0.58,"BIOMASS+BIEN+Zanne"
"FCEA",5,"M1",27,"Inga edulis",1,178,NA,NA,NA,0,NA,0.58,"BIOMASS+BIEN+Zanne"
"FCEA",5,"M1",28,"Inga edulis",NA,53,NA,NA,NA,0,NA,0.58,"BIOMASS+BIEN+Zanne"
"FCEA",5,"M1",29,"Inga edulis",1,180,280,19.336548,4.96186029350582,0,NA,0.58,"BIOMASS+BIEN+Zanne"
"FCEA",5,"M1",30,"Inga edulis",1,174,200,5.482092,2.64197205175912,0,NA,0.58,"BIOMASS+BIEN+Zanne"
"FCEA",5,"M1",31,"Inga edulis",1,165,254,7.602672,3.11127347496982,0,NA,0.58,"BIOMASS+BIEN+Zanne"
"FCEA",5,"M1",32,"Inga edulis",1,142,195,3.675672,2.1633332946811,0,NA,0.58,"BIOMASS+BIEN+Zanne"
"FCEA",5,"M1",33,"Inga edulis",1,267,300,39.03438,7.04983093557706,0,NA,0.58,"BIOMASS+BIEN+Zanne"
"FCEA",5,"M1",34,"Inga edulis",1,235,355,38.084046,6.96348428523487,0,NA,0.58,"BIOMASS+BIEN+Zanne"
"FCEA",5,"M1",35,"Inga edulis",1,160,190,10.571484,3.66879155517659,0,NA,0.58,"BIOMASS+BIEN+Zanne"
"FCEA",5,"M1",36,"Inga edulis",1,103,52,NA,NA,0,NA,0.58,"BIOMASS+BIEN+Zanne"
"FCEA",5,"M1",37,"Inga edulis",1,265,338,26.122404,5.7671550851653,0,NA,0.58,"BIOMASS+BIEN+Zanne"
"FCEA",5,"M1",38,"Inga edulis",1,215,245,21.252924,5.2019288036315,0,NA,0.58,"BIOMASS+BIEN+Zanne"
"FCEA",5,"M1",39,"Inga edulis",1,45,100,NA,NA,0,NA,0.58,"BIOMASS+BIEN+Zanne"
"FCEA",5,"M1",40,"Inga edulis",1,260,290,31.470978,6.33009428848341,0,NA,0.58,"BIOMASS+BIEN+Zanne"
"FCEA",5,"M1",41,"Inga edulis",1,165,200,19.305132,4.95782789926518,0,NA,0.58,"BIOMASS+BIEN+Zanne"
"FCEA",5,"M1",42,"Inga edulis",1,150,230,12.911976,4.05463172728071,0,NA,0.58,"BIOMASS+BIEN+Zanne"
"FCEA",5,"M1",43,"Inga edulis",1,272,NA,NA,NA,0,NA,0.58,"BIOMASS+BIEN+Zanne"
"FCEA",5,"M1",44,"Inga edulis",1,160,NA,NA,NA,0,NA,0.58,"BIOMASS+BIEN+Zanne"
"FCEA",5,"M1",45,"Inga edulis",1,148,NA,NA,NA,0,NA,0.58,"BIOMASS+BIEN+Zanne"
"FCEA",5,"M1",46,"Inga edulis",1,275,NA,NA,NA,0,NA,0.58,"BIOMASS+BIEN+Zanne"
"FCEA",5,"M1",47,"Inga edulis",1,180,NA,NA,NA,0,NA,0.58,"BIOMASS+BIEN+Zanne"
"FCEA",5,"M1",48,"Inga edulis",1,127,NA,NA,NA,0,NA,0.58,"BIOMASS+BIEN+Zanne"
"FCEA",5,"M1",49,"Inga edulis",1,157,NA,NA,NA,0,NA,0.58,"BIOMASS+BIEN+Zanne"
"FCEA",6,"M1",2,"Inga edulis",1,150,300,15.912204,4.5011162367454,0,NA,0.58,"BIOMASS+BIEN+Zanne"
"FCEA",6,"M1",3,"Inga edulis",1,167,270,30.654162,6.24740676353941,0,NA,0.58,"BIOMASS+BIEN+Zanne"
"FCEA",6,"M1",4,"Inga edulis",1,245,330,31.518102,6.33483179266793,0,NA,0.58,"BIOMASS+BIEN+Zanne"
"FCEA",6,"M1",5,"Inga edulis",1,156,230,14.129346,4.2414669712784,0,NA,0.58,"BIOMASS+BIEN+Zanne"
"FCEA",6,"M1",6,"Inga edulis",1,110,210,5.41926,2.62678817859406,0,NA,0.58,"BIOMASS+BIEN+Zanne"
"FCEA",6,"M1",7,"Inga edulis",1,118,228,10.6029,3.67423891015166,0,NA,0.58,"BIOMASS+BIEN+Zanne"
"FCEA",6,"M1",8,"Inga edulis",1,NA,NA,NA,NA,0,NA,0.58,"BIOMASS+BIEN+Zanne"
"FCEA",6,"M1",9,"Inga edulis",1,NA,NA,NA,NA,0,NA,0.58,"BIOMASS+BIEN+Zanne"
"FCEA",6,"M1",10,"Inga edulis",1,NA,NA,NA,NA,0,NA,0.58,"BIOMASS+BIEN+Zanne"
"FCEA",6,"M1",11,"Inga edulis",1,NA,NA,NA,NA,0,NA,0.58,"BIOMASS+BIEN+Zanne"
"FCEA",6,"M1",12,"Inga edulis",1,NA,NA,NA,NA,0,NA,0.58,"BIOMASS+BIEN+Zanne"
"FCEA",6,"M1",13,"Inga edulis",1,NA,NA,NA,NA,0,NA,0.58,"BIOMASS+BIEN+Zanne"
"FCEA",6,"M1",14,"Inga edulis",1,NA,NA,NA,NA,0,NA,0.58,"BIOMASS+BIEN+Zanne"
"FCEA",6,"M1",15,"Inga edulis",1,245,479,111.872376,11.9348369526643,0,NA,0.58,"BIOMASS+BIEN+Zanne"
"FCEA",6,"M1",16,"Inga edulis",1,265,505,42.13671,7.32462459495622,0,NA,0.58,"BIOMASS+BIEN+Zanne"
"FCEA",6,"M1",17,"Inga edulis",1,350,558,101.206644,11.3516651347163,0,NA,0.58,"BIOMASS+BIEN+Zanne"
"FCEA",6,"M1",18,"Inga edulis",1,340,580,142.636494,13.4762912065293,0,NA,0.58,"BIOMASS+BIEN+Zanne"
"FCEA",6,"M1",19,"Inga edulis",1,310,550,79.655268,10.0707614987188,0,NA,0.58,"BIOMASS+BIEN+Zanne"
"FCEA",6,"M1",20,"Inga edulis",1,210,240,32.177838,6.40078868622311,0,NA,0.58,"BIOMASS+BIEN+Zanne"
"FCEA",6,"M1",21,"Inga edulis",1,250,346,96.48639,11.0837848804792,0,NA,0.58,"BIOMASS+BIEN+Zanne"
"FCEA",6,"M1",22,"Inga edulis",1,NA,NA,NA,NA,0,NA,0.58,"BIOMASS+BIEN+Zanne"
"FCEA",6,"M1",23,"Inga edulis",1,NA,NA,NA,NA,0,NA,0.58,"BIOMASS+BIEN+Zanne"
"FCEA",6,"M1",24,"Inga edulis",1,NA,NA,NA,NA,0,NA,0.58,"BIOMASS+BIEN+Zanne"
"FCEA",6,"M1",25,"Inga edulis",1,NA,NA,NA,NA,0,NA,0.58,"BIOMASS+BIEN+Zanne"
"FCEA",6,"M1",26,"Inga edulis",1,NA,NA,NA,NA,0,NA,0.58,"BIOMASS+BIEN+Zanne"
"FCEA",6,"M1",27,"Inga edulis",1,NA,NA,NA,NA,0,NA,0.58,"BIOMASS+BIEN+Zanne"
"FCEA",6,"M1",28,"Inga edulis",1,NA,NA,NA,NA,0,NA,0.58,"BIOMASS+BIEN+Zanne"
"FCEA",6,"M1",29,"Inga edulis",1,344,587,85.742118,10.4484570768582,0,NA,0.58,"BIOMASS+BIEN+Zanne"
"FCEA",6,"M1",30,"Inga edulis",1,405,670,208.578678,16.2963376566081,0,NA,0.58,"BIOMASS+BIEN+Zanne"
"FCEA",6,"M1",31,"Inga edulis",1,510,720,126.68502,12.7004085441991,0,NA,0.58,"BIOMASS+BIEN+Zanne"
"FCEA",6,"M1",32,"Inga edulis",1,432,586,152.414724,13.930558272973,0,NA,0.58,"BIOMASS+BIEN+Zanne"
"FCEA",6,"M1",33,"Inga edulis",1,385,636,128.507148,12.7914183191206,0,NA,0.58,"BIOMASS+BIEN+Zanne"
"FCEA",6,"M1",34,"Inga edulis",1,340,541,86.59035,10.5000122767766,0,NA,0.58,"BIOMASS+BIEN+Zanne"
"FCEA",6,"M1",35,"Inga edulis",1,320,535,94.923444,10.9936473757918,0,NA,0.58,"BIOMASS+BIEN+Zanne"
"FCEA",6,"M1",36,"Inga edulis",1,347,615,122.035452,12.4651659975321,0,NA,0.58,"BIOMASS+BIEN+Zanne"
"FCEA",6,"M1",37,"Inga edulis",1,320,499,35.798532,6.7513040655763,0,NA,0.58,"BIOMASS+BIEN+Zanne"
"FCEA",6,"M1",38,"Inga edulis",1,460,785,128.507148,12.7914183191206,0,NA,0.58,"BIOMASS+BIEN+Zanne"
"FCEA",6,"M1",39,"Inga edulis",1,477,735,139.44777,13.3248045084772,0,NA,0.58,"BIOMASS+BIEN+Zanne"
"FCEA",6,"M1",40,"Inga edulis",1,355,569,60.82923,8.800578453249,0,NA,0.58,"BIOMASS+BIEN+Zanne"
"FCEA",6,"M1",41,"Inga edulis",1,240,554,21.237216,5.20000607992744,0,NA,0.58,"BIOMASS+BIEN+Zanne"
"FCEA",6,"M1",42,"Inga edulis",1,355,596,189.548436,15.5351396632892,0,NA,0.58,"BIOMASS+BIEN+Zanne"
"FCEA",6,"M1",43,"Inga edulis",1,NA,NA,NA,NA,0,NA,0.58,"BIOMASS+BIEN+Zanne"
"FCEA",6,"M1",44,"Inga edulis",1,NA,NA,NA,NA,0,NA,0.58,"BIOMASS+BIEN+Zanne"
"FCEA",6,"M1",45,"Inga edulis",1,NA,NA,NA,NA,0,NA,0.58,"BIOMASS+BIEN+Zanne"
"FCEA",6,"M1",46,"Inga edulis",1,NA,NA,NA,NA,0,NA,0.58,"BIOMASS+BIEN+Zanne"
"FCEA",6,"M1",47,"Inga edulis",1,NA,NA,NA,NA,0,NA,0.58,"BIOMASS+BIEN+Zanne"
"FCEA",6,"M1",48,"Inga edulis",1,NA,NA,NA,NA,0,NA,0.58,"BIOMASS+BIEN+Zanne"
"FCEA",6,"M1",49,"Inga edulis",1,NA,NA,NA,NA,0,NA,0.58,"BIOMASS+BIEN+Zanne"
"FCEA",1,"M2",2,"Saurauia montana",NA,57,41,NA,NA,0,NA,0.411,"BIOMASS (genus)"
"FCEA",1,"M2",3,"Saurauia montana",NA,91,106,NA,NA,0,NA,0.411,"BIOMASS (genus)"
"FCEA",1,"M2",4,"Saurauia montana",NA,96,105,NA,NA,0,NA,0.411,"BIOMASS (genus)"
"FCEA",1,"M2",5,"Saurauia montana",NA,76,142,0.7854,1.00000116921681,0,NA,0.411,"BIOMASS (genus)"
"FCEA",1,"M2",6,"Saurauia montana",NA,NA,75,NA,NA,0,1,0.411,"BIOMASS (genus)"
"FCEA",1,"M2",7,"Saurauia montana",NA,90,95,NA,NA,0,NA,0.411,"BIOMASS (genus)"
"FCEA",1,"M2",8,"Saurauia montana",NA,5,120,NA,NA,0,1,0.411,"BIOMASS (genus)"
"FCEA",1,"M2",9,"Saurauia montana",NA,15,103,NA,NA,0,NA,0.411,"BIOMASS (genus)"
"FCEA",1,"M2",10,"Saurauia montana",NA,103,107,NA,NA,0,NA,0.411,"BIOMASS (genus)"
"FCEA",1,"M2",11,"Saurauia montana",NA,120,210,1.76715,1.50000175382522,0,NA,0.411,"BIOMASS (genus)"
"FCEA",1,"M2",12,"Saurauia montana",NA,133,203,2.86671,1.91049955123987,0,NA,0.411,"BIOMASS (genus)"
"FCEA",1,"M2",13,"Saurauia montana",NA,84,188,2.269806,1.70000198766859,0,NA,0.411,"BIOMASS (genus)"
"FCEA",1,"M2",14,"Saurauia montana",NA,94,122,NA,NA,0,NA,0.411,"BIOMASS (genus)"
"FCEA",1,"M2",15,"Saurauia montana",NA,90,53,NA,NA,0,NA,0.411,"BIOMASS (genus)"
"FCEA",1,"M2",16,"Saurauia montana",NA,113,60,NA,NA,0,NA,0.411,"BIOMASS (genus)"
"FCEA",1,"M2",17,"Saurauia montana",NA,20,64,NA,NA,0,NA,0.411,"BIOMASS (genus)"
"FCEA",1,"M2",18,"Saurauia montana",NA,53,170,1.327326,1.30000151998186,0,NA,0.411,"BIOMASS (genus)"
"FCEA",1,"M2",19,"Saurauia montana",NA,88,200,1.327326,1.30000151998186,0,NA,0.411,"BIOMASS (genus)"
"FCEA",1,"M2",20,"Saurauia montana",NA,130,188,1.539384,1.40000163690354,0,NA,0.411,"BIOMASS (genus)"
"FCEA",1,"M2",21,"Saurauia montana",NA,84,125,NA,NA,0,NA,0.411,"BIOMASS (genus)"
"FCEA",1,"M2",22,"Saurauia montana",NA,65,70,NA,NA,0,NA,0.411,"BIOMASS (genus)"
"FCEA",1,"M2",23,"Saurauia montana",NA,92,80,NA,NA,0,NA,0.411,"BIOMASS (genus)"
"FCEA",1,"M2",24,"Saurauia montana",NA,99,137,NA,NA,0,NA,0.411,"BIOMASS (genus)"
"FCEA",1,"M2",25,"Saurauia montana",NA,70,115,NA,NA,0,NA,0.411,"BIOMASS (genus)"
"FCEA",1,"M2",26,"Saurauia montana",NA,122,225,1.76715,1.50000175382522,0,NA,0.411,"BIOMASS (genus)"
"FCEA",1,"M2",27,"Saurauia montana",NA,93,89,NA,NA,0,NA,0.411,"BIOMASS (genus)"
"FCEA",1,"M2",28,"Saurauia montana",NA,85,117,NA,NA,0,NA,0.411,"BIOMASS (genus)"
"FCEA",1,"M2",29,"Saurauia montana",NA,82,NA,NA,NA,0,NA,0.411,"BIOMASS (genus)"
"FCEA",1,"M2",30,"Saurauia montana",NA,82,95,NA,NA,0,NA,0.411,"BIOMASS (genus)"
"FCEA",1,"M2",31,"Saurauia montana",NA,NA,75,NA,NA,0,NA,0.411,"BIOMASS (genus)"
"FCEA",1,"M2",32,"Saurauia montana",NA,60,136,0.7854,1.00000116921681,0,NA,0.411,"BIOMASS (genus)"
"FCEA",1,"M2",33,"Saurauia montana",NA,91,230,2.010624,1.6000018707469,0,NA,0.411,"BIOMASS (genus)"
"FCEA",1,"M2",34,"Saurauia montana",NA,63,186,1.130976,1.20000140306018,0,NA,0.411,"BIOMASS (genus)"
"FCEA",1,"M2",35,"Saurauia montana",NA,65,8,NA,NA,0,1,0.411,"BIOMASS (genus)"
"FCEA",1,"M2",36,"Saurauia montana",NA,5,80,NA,NA,0,1,0.411,"BIOMASS (genus)"
"FCEA",1,"M2",37,"Saurauia montana",NA,4,7,NA,NA,0,1,0.411,"BIOMASS (genus)"
"FCEA",1,"M2",38,"Saurauia montana",NA,36,128,NA,NA,0,NA,0.411,"BIOMASS (genus)"
"FCEA",1,"M2",39,"Saurauia montana",NA,104,220,3.49503,2.10950477743847,0,NA,0.411,"BIOMASS (genus)"
"FCEA",1,"M2",40,"Saurauia montana",NA,103,187,2.960958,1.94165105410317,0,NA,0.411,"BIOMASS (genus)"
"FCEA",1,"M2",41,"Saurauia montana",NA,84,153,1.130976,1.20000140306018,0,NA,0.411,"BIOMASS (genus)"
"FCEA",1,"M2",42,"Saurauia montana",NA,NA,20,NA,NA,0,1,0.411,"BIOMASS (genus)"
"FCEA",1,"M2",43,"Saurauia montana",NA,NA,NA,NA,NA,0,1,0.411,"BIOMASS (genus)"
"FCEA",1,"M2",44,"Saurauia montana",NA,93,68,NA,NA,0,NA,0.411,"BIOMASS (genus)"
"FCEA",1,"M2",45,"Saurauia montana",NA,98,120,NA,NA,0,NA,0.411,"BIOMASS (genus)"
"FCEA",1,"M2",46,"Saurauia montana",NA,92,8,NA,NA,0,NA,0.411,"BIOMASS (genus)"
"FCEA",1,"M2",47,"Saurauia montana",NA,112,123,NA,NA,0,NA,0.411,"BIOMASS (genus)"
"FCEA",1,"M2",48,"Saurauia montana",NA,90,114,NA,NA,0,NA,0.411,"BIOMASS (genus)"
"FCEA",1,"M2",49,"Saurauia montana",NA,128,NA,NA,NA,0,NA,0.411,"BIOMASS (genus)"
"FCEA",2,"M2",2,"Saurauia montana",NA,118,86,NA,NA,0,NA,0.411,"BIOMASS (genus)"
"FCEA",2,"M2",3,"Saurauia montana",NA,101,160,0.950334,1.1000012861385,0,NA,0.411,"BIOMASS (genus)"
"FCEA",2,"M2",4,"Saurauia montana",NA,93,84,NA,NA,0,NA,0.411,"BIOMASS (genus)"
"FCEA",2,"M2",5,"Saurauia montana",NA,NA,103,NA,NA,0,1,0.411,"BIOMASS (genus)"
"FCEA",2,"M2",6,"Saurauia montana",NA,75,104,NA,NA,0,NA,0.411,"BIOMASS (genus)"
"FCEA",2,"M2",7,"Saurauia montana",NA,88,95,NA,NA,0,NA,0.411,"BIOMASS (genus)"
"FCEA",2,"M2",8,"Saurauia montana",NA,102,32,NA,NA,0,NA,0.411,"BIOMASS (genus)"
"FCEA",2,"M2",9,"Saurauia montana",NA,98,108,NA,NA,0,NA,0.411,"BIOMASS (genus)"
"FCEA",2,"M2",10,"Saurauia montana",NA,116,124,NA,NA,0,NA,0.411,"BIOMASS (genus)"
"FCEA",2,"M2",11,"Saurauia montana",NA,NA,45,NA,NA,0,1,0.411,"BIOMASS (genus)"
"FCEA",2,"M2",12,"Saurauia montana",NA,58,121,NA,NA,0,NA,0.411,"BIOMASS (genus)"
"FCEA",2,"M2",13,"Saurauia montana",NA,82,157,NA,NA,0,NA,0.411,"BIOMASS (genus)"
"FCEA",2,"M2",14,"Saurauia montana",NA,117,161,NA,NA,0,NA,0.411,"BIOMASS (genus)"
"FCEA",2,"M2",15,"Saurauia montana",NA,91,130,NA,NA,0,NA,0.411,"BIOMASS (genus)"
"FCEA",2,"M2",16,"Saurauia montana",NA,72,88,NA,NA,0,NA,0.411,"BIOMASS (genus)"
"FCEA",2,"M2",17,"Saurauia montana",NA,120,NA,NA,NA,0,NA,0.411,"BIOMASS (genus)"
"FCEA",2,"M2",18,"Saurauia montana",NA,63,100,NA,NA,0,NA,0.411,"BIOMASS (genus)"
"FCEA",2,"M2",19,"Saurauia montana",NA,61,185,0.7854,1.00000116921681,0,NA,0.411,"BIOMASS (genus)"
"FCEA",2,"M2",20,"Saurauia montana",NA,93,134,NA,NA,0,NA,0.411,"BIOMASS (genus)"
"FCEA",2,"M2",21,"Saurauia montana",NA,66,130,NA,NA,0,NA,0.411,"BIOMASS (genus)"
"FCEA",2,"M2",22,"Saurauia montana",NA,110,115,NA,NA,0,NA,0.411,"BIOMASS (genus)"
"FCEA",2,"M2",23,"Saurauia montana",NA,119,148,0.7854,1.00000116921681,0,NA,0.411,"BIOMASS (genus)"
"FCEA",2,"M2",24,"Saurauia montana",NA,26,20,NA,NA,0,NA,0.411,"BIOMASS (genus)"
"FCEA",2,"M2",25,"Saurauia montana",NA,104,120,NA,NA,0,NA,0.411,"BIOMASS (genus)"
"FCEA",2,"M2",26,"Saurauia montana",NA,NA,63,NA,NA,0,1,0.411,"BIOMASS (genus)"
"FCEA",2,"M2",27,"Saurauia montana",NA,72,55,NA,NA,0,NA,0.411,"BIOMASS (genus)"
"FCEA",2,"M2",28,"Saurauia montana",NA,NA,80,NA,NA,0,1,0.411,"BIOMASS (genus)"
"FCEA",2,"M2",29,"Saurauia montana",NA,105,126,NA,NA,0,NA,0.411,"BIOMASS (genus)"
"FCEA",2,"M2",30,"Saurauia montana",NA,87,127,NA,NA,0,NA,0.411,"BIOMASS (genus)"
"FCEA",2,"M2",31,"Saurauia montana",NA,10,86,NA,NA,0,NA,0.411,"BIOMASS (genus)"
"FCEA",2,"M2",32,"Saurauia montana",NA,53,30,NA,NA,0,NA,0.411,"BIOMASS (genus)"
"FCEA",2,"M2",33,"Saurauia montana",NA,71,136,NA,NA,0,NA,0.411,"BIOMASS (genus)"
"FCEA",2,"M2",34,"Saurauia montana",NA,78,185,0.7854,1.00000116921681,0,NA,0.411,"BIOMASS (genus)"
"FCEA",2,"M2",35,"Saurauia montana",NA,82,132,NA,NA,0,NA,0.411,"BIOMASS (genus)"
"FCEA",2,"M2",36,"Saurauia montana",NA,5,NA,NA,NA,0,1,0.411,"BIOMASS (genus)"
"FCEA",2,"M2",37,"Saurauia montana",NA,102,116,NA,NA,0,NA,0.411,"BIOMASS (genus)"
"FCEA",2,"M2",38,"Saurauia montana",NA,77,77,NA,NA,0,NA,0.411,"BIOMASS (genus)"
"FCEA",2,"M2",39,"Saurauia montana",NA,5,35,NA,NA,0,NA,0.411,"BIOMASS (genus)"
"FCEA",2,"M2",40,"Saurauia montana",NA,93,108,NA,NA,0,NA,0.411,"BIOMASS (genus)"
"FCEA",2,"M2",41,"Saurauia montana",NA,113,145,0.950334,1.1000012861385,0,NA,0.411,"BIOMASS (genus)"
"FCEA",2,"M2",42,"Saurauia montana",NA,5,28,NA,NA,0,NA,0.411,"BIOMASS (genus)"
"FCEA",2,"M2",43,"Saurauia montana",NA,81,71,NA,NA,0,NA,0.411,"BIOMASS (genus)"
"FCEA",2,"M2",44,"Saurauia montana",NA,109,103,NA,NA,0,NA,0.411,"BIOMASS (genus)"
"FCEA",2,"M2",45,"Saurauia montana",NA,116,132,NA,NA,0,NA,0.411,"BIOMASS (genus)"
"FCEA",2,"M2",46,"Saurauia montana",NA,82,117,NA,NA,0,NA,0.411,"BIOMASS (genus)"
"FCEA",2,"M2",47,"Saurauia montana",NA,108,149,NA,NA,0,NA,0.411,"BIOMASS (genus)"
"FCEA",2,"M2",48,"Saurauia montana",NA,12,68,NA,NA,0,NA,0.411,"BIOMASS (genus)"
"FCEA",2,"M2",49,"Saurauia montana",NA,73,NA,NA,NA,0,NA,0.411,"BIOMASS (genus)"
"FCEA",3,"M2",2,"Saurauia montana",NA,NA,42,NA,NA,0,1,0.411,"BIOMASS (genus)"
"FCEA",3,"M2",3,"Saurauia montana",NA,NA,NA,NA,NA,0,NA,0.411,"BIOMASS (genus)"
"FCEA",3,"M2",4,"Saurauia montana",NA,79,26,NA,NA,0,1,0.411,"BIOMASS (genus)"
"FCEA",3,"M2",5,"Saurauia montana",NA,NA,16,NA,NA,0,1,0.411,"BIOMASS (genus)"
"FCEA",3,"M2",6,"Saurauia montana",NA,59,96,NA,NA,0,NA,0.411,"BIOMASS (genus)"
"FCEA",3,"M2",7,"Saurauia montana",NA,88,NA,NA,NA,0,NA,0.411,"BIOMASS (genus)"
"FCEA",3,"M2",8,"Saurauia montana",NA,105,180,1.130976,1.20000140306018,0,NA,0.411,"BIOMASS (genus)"
"FCEA",3,"M2",9,"Saurauia montana",NA,100,120,NA,NA,0,NA,0.411,"BIOMASS (genus)"
"FCEA",3,"M2",10,"Saurauia montana",NA,56,80,NA,NA,0,1,0.411,"BIOMASS (genus)"
"FCEA",3,"M2",11,"Saurauia montana",NA,116,50,NA,NA,0,NA,0.411,"BIOMASS (genus)"
"FCEA",3,"M2",12,"Saurauia montana",NA,96,127,NA,NA,0,NA,0.411,"BIOMASS (genus)"
"FCEA",3,"M2",13,"Saurauia montana",NA,88,96,NA,NA,0,NA,0.411,"BIOMASS (genus)"
"FCEA",3,"M2",14,"Saurauia montana",NA,89,68,NA,NA,0,NA,0.411,"BIOMASS (genus)"
"FCEA",3,"M2",15,"Saurauia montana",NA,77,128,NA,NA,0,NA,0.411,"BIOMASS (genus)"
"FCEA",3,"M2",16,"Saurauia montana",NA,108,124,NA,NA,0,NA,0.411,"BIOMASS (genus)"
"FCEA",3,"M2",17,"Saurauia montana",NA,75,106,NA,NA,0,NA,0.411,"BIOMASS (genus)"
"FCEA",3,"M2",18,"Saurauia montana",NA,103,98,NA,NA,0,NA,0.411,"BIOMASS (genus)"
"FCEA",3,"M2",19,"Saurauia montana",NA,5,132,NA,NA,0,NA,0.411,"BIOMASS (genus)"
"FCEA",3,"M2",20,"Saurauia montana",NA,31,55,NA,NA,0,NA,0.411,"BIOMASS (genus)"
"FCEA",3,"M2",21,"Saurauia montana",NA,30,NA,NA,NA,0,NA,0.411,"BIOMASS (genus)"
"FCEA",3,"M2",22,"Saurauia montana",NA,110,70,NA,NA,0,1,0.411,"BIOMASS (genus)"
"FCEA",3,"M2",23,"Saurauia montana",NA,107,37,NA,NA,0,1,0.411,"BIOMASS (genus)"
"FCEA",3,"M2",24,"Saurauia montana",NA,113,90,NA,NA,0,NA,0.411,"BIOMASS (genus)"
"FCEA",3,"M2",25,"Saurauia montana",NA,118,44,NA,NA,0,NA,0.411,"BIOMASS (genus)"
"FCEA",3,"M2",26,"Saurauia montana",NA,NA,70,NA,NA,0,1,0.411,"BIOMASS (genus)"
"FCEA",3,"M2",27,"Saurauia montana",NA,79,70,NA,NA,0,NA,0.411,"BIOMASS (genus)"
"FCEA",3,"M2",28,"Saurauia montana",NA,62,40,NA,NA,0,NA,0.411,"BIOMASS (genus)"
"FCEA",3,"M2",29,"Saurauia montana",NA,58,62,NA,NA,0,1,0.411,"BIOMASS (genus)"
"FCEA",3,"M2",30,"Saurauia montana",NA,NA,NA,NA,NA,0,1,0.411,"BIOMASS (genus)"
"FCEA",3,"M2",31,"Saurauia montana",NA,123,110,NA,NA,0,NA,0.411,"BIOMASS (genus)"
"FCEA",3,"M2",32,"Saurauia montana",NA,80,103,NA,NA,0,NA,0.411,"BIOMASS (genus)"
"FCEA",3,"M2",33,"Saurauia montana",NA,106,80,NA,NA,0,NA,0.411,"BIOMASS (genus)"
"FCEA",3,"M2",34,"Saurauia montana",NA,86,65,NA,NA,0,NA,0.411,"BIOMASS (genus)"
"FCEA",3,"M2",35,"Saurauia montana",NA,17,85,NA,NA,0,1,0.411,"BIOMASS (genus)"
"FCEA",3,"M2",36,"Saurauia montana",NA,121,118,NA,NA,0,NA,0.411,"BIOMASS (genus)"
"FCEA",3,"M2",37,"Saurauia montana",NA,91,138,NA,NA,0,NA,0.411,"BIOMASS (genus)"
"FCEA",3,"M2",38,"Saurauia montana",NA,60,82,NA,NA,0,NA,0.411,"BIOMASS (genus)"
"FCEA",3,"M2",39,"Saurauia montana",NA,117,126,NA,NA,0,NA,0.411,"BIOMASS (genus)"
"FCEA",3,"M2",40,"Saurauia montana",NA,5,NA,NA,NA,0,NA,0.411,"BIOMASS (genus)"
"FCEA",3,"M2",41,"Saurauia montana",NA,115,64,NA,NA,0,NA,0.411,"BIOMASS (genus)"
"FCEA",3,"M2",42,"Saurauia montana",NA,115,140,NA,NA,0,NA,0.411,"BIOMASS (genus)"
"FCEA",3,"M2",43,"Saurauia montana",NA,103,100,NA,NA,0,NA,0.411,"BIOMASS (genus)"
"FCEA",3,"M2",44,"Saurauia montana",NA,83,94,NA,NA,0,NA,0.411,"BIOMASS (genus)"
"FCEA",3,"M2",45,"Saurauia montana",NA,68,117,NA,NA,0,NA,0.411,"BIOMASS (genus)"
"FCEA",3,"M2",46,"Saurauia montana",NA,78,194,1.327326,1.30000151998186,0,NA,0.411,"BIOMASS (genus)"
"FCEA",3,"M2",47,"Saurauia montana",NA,98,113,NA,NA,0,NA,0.411,"BIOMASS (genus)"
"FCEA",3,"M2",48,"Saurauia montana",NA,97,110,NA,NA,0,NA,0.411,"BIOMASS (genus)"
"FCEA",3,"M2",49,"Saurauia montana",NA,110,128,NA,NA,0,NA,0.411,"BIOMASS (genus)"
"FCEA",4,"M2",2,"Saurauia montana",NA,NA,NA,NA,NA,0,1,0.411,"BIOMASS (genus)"
"FCEA",4,"M2",3,"Saurauia montana",NA,90,100,NA,NA,0,NA,0.411,"BIOMASS (genus)"
"FCEA",4,"M2",4,"Saurauia montana",NA,70,NA,NA,NA,0,1,0.411,"BIOMASS (genus)"
"FCEA",4,"M2",5,"Saurauia montana",NA,120,55,NA,NA,0,NA,0.411,"BIOMASS (genus)"
"FCEA",4,"M2",6,"Saurauia montana",NA,94,146,NA,NA,0,NA,0.411,"BIOMASS (genus)"
"FCEA",4,"M2",7,"Saurauia montana",NA,93,133,NA,NA,0,NA,0.411,"BIOMASS (genus)"
"FCEA",4,"M2",8,"Saurauia montana",NA,80,NA,NA,NA,0,NA,0.411,"BIOMASS (genus)"
"FCEA",4,"M2",9,"Saurauia montana",NA,110,106,NA,NA,0,NA,0.411,"BIOMASS (genus)"
"FCEA",4,"M2",10,"Saurauia montana",NA,70,NA,NA,NA,0,NA,0.411,"BIOMASS (genus)"
"FCEA",4,"M2",11,"Saurauia montana",NA,NA,97,NA,NA,0,1,0.411,"BIOMASS (genus)"
"FCEA",4,"M2",12,"Saurauia montana",NA,10,NA,NA,NA,0,NA,0.411,"BIOMASS (genus)"
"FCEA",4,"M2",13,"Saurauia montana",NA,18,45,NA,NA,0,NA,0.411,"BIOMASS (genus)"
"FCEA",4,"M2",14,"Saurauia montana",NA,56,NA,NA,NA,0,NA,0.411,"BIOMASS (genus)"
"FCEA",4,"M2",15,"Saurauia montana",NA,NA,NA,NA,NA,0,1,0.411,"BIOMASS (genus)"
"FCEA",4,"M2",16,"Saurauia montana",NA,10,15,NA,NA,0,1,0.411,"BIOMASS (genus)"
"FCEA",4,"M2",17,"Saurauia montana",NA,65,72,NA,NA,0,NA,0.411,"BIOMASS (genus)"
"FCEA",4,"M2",18,"Saurauia montana",NA,60,70,NA,NA,0,NA,0.411,"BIOMASS (genus)"
"FCEA",4,"M2",19,"Saurauia montana",NA,97,72,NA,NA,0,NA,0.411,"BIOMASS (genus)"
"FCEA",4,"M2",20,"Saurauia montana",NA,66,65,NA,NA,0,NA,0.411,"BIOMASS (genus)"
"FCEA",4,"M2",21,"Saurauia montana",NA,66,98,NA,NA,0,NA,0.411,"BIOMASS (genus)"
"FCEA",4,"M2",22,"Saurauia montana",NA,82,116,NA,NA,0,NA,0.411,"BIOMASS (genus)"
"FCEA",4,"M2",23,"Saurauia montana",NA,84,105,NA,NA,0,NA,0.411,"BIOMASS (genus)"
"FCEA",4,"M2",24,"Saurauia montana",NA,80,NA,NA,NA,0,1,0.411,"BIOMASS (genus)"
"FCEA",4,"M2",25,"Saurauia montana",NA,1,NA,NA,NA,0,1,0.411,"BIOMASS (genus)"
"FCEA",4,"M2",26,"Saurauia montana",NA,96,129,NA,NA,0,NA,0.411,"BIOMASS (genus)"
"FCEA",4,"M2",27,"Saurauia montana",NA,64,119,NA,NA,0,NA,0.411,"BIOMASS (genus)"
"FCEA",4,"M2",28,"Saurauia montana",NA,100,43,NA,NA,0,NA,0.411,"BIOMASS (genus)"
"FCEA",4,"M2",29,"Saurauia montana",NA,82,70,NA,NA,0,NA,0.411,"BIOMASS (genus)"
"FCEA",4,"M2",30,"Saurauia montana",NA,83,86,NA,NA,0,NA,0.411,"BIOMASS (genus)"
"FCEA",4,"M2",31,"Saurauia montana",NA,83,103,NA,NA,0,NA,0.411,"BIOMASS (genus)"
"FCEA",4,"M2",32,"Saurauia montana",NA,58,53,NA,NA,0,NA,0.411,"BIOMASS (genus)"
"FCEA",4,"M2",33,"Saurauia montana",NA,75,48,NA,NA,0,NA,0.411,"BIOMASS (genus)"
"FCEA",4,"M2",34,"Saurauia montana",NA,90,58,NA,NA,0,NA,0.411,"BIOMASS (genus)"
"FCEA",4,"M2",35,"Saurauia montana",NA,89,162,NA,NA,0,NA,0.411,"BIOMASS (genus)"
"FCEA",4,"M2",36,"Saurauia montana",NA,72,67,NA,NA,0,NA,0.411,"BIOMASS (genus)"
"FCEA",4,"M2",37,"Saurauia montana",NA,71,105,NA,NA,0,NA,0.411,"BIOMASS (genus)"
"FCEA",4,"M2",38,"Saurauia montana",NA,83,91,NA,NA,0,NA,0.411,"BIOMASS (genus)"
"FCEA",4,"M2",39,"Saurauia montana",NA,60,80,NA,NA,0,NA,0.411,"BIOMASS (genus)"
"FCEA",4,"M2",40,"Saurauia montana",NA,81,32,NA,NA,0,NA,0.411,"BIOMASS (genus)"
"FCEA",4,"M2",41,"Saurauia montana",NA,43,53,NA,NA,0,NA,0.411,"BIOMASS (genus)"
"FCEA",4,"M2",42,"Saurauia montana",NA,78,127,NA,NA,0,NA,0.411,"BIOMASS (genus)"
"FCEA",4,"M2",43,"Saurauia montana",NA,1,NA,NA,NA,0,NA,0.411,"BIOMASS (genus)"
"FCEA",4,"M2",44,"Saurauia montana",NA,74,84,NA,NA,0,NA,0.411,"BIOMASS (genus)"
"FCEA",4,"M2",45,"Saurauia montana",NA,8,NA,NA,NA,0,1,0.411,"BIOMASS (genus)"
"FCEA",4,"M2",46,"Saurauia montana",NA,80,80,NA,NA,0,NA,0.411,"BIOMASS (genus)"
"FCEA",4,"M2",47,"Saurauia montana",NA,90,90,NA,NA,0,NA,0.411,"BIOMASS (genus)"
"FCEA",4,"M2",48,"Saurauia montana",NA,140,170,2.010624,1.6000018707469,0,NA,0.411,"BIOMASS (genus)"
"FCEA",4,"M2",49,"Saurauia montana",NA,114,145,0.950334,1.1000012861385,0,NA,0.411,"BIOMASS (genus)"
"FCEA",5,"M2",2,"Saurauia montana",NA,66,108,NA,NA,0,NA,0.411,"BIOMASS (genus)"
"FCEA",5,"M2",3,"Saurauia montana",NA,113,NA,NA,NA,0,1,0.411,"BIOMASS (genus)"
"FCEA",5,"M2",4,"Saurauia montana",NA,NA,23,NA,NA,0,1,0.411,"BIOMASS (genus)"
"FCEA",5,"M2",5,"Saurauia montana",NA,56,35,NA,NA,0,1,0.411,"BIOMASS (genus)"
"FCEA",5,"M2",6,"Saurauia montana",NA,12,NA,NA,NA,0,NA,0.411,"BIOMASS (genus)"
"FCEA",5,"M2",7,"Saurauia montana",NA,72,40,NA,NA,0,NA,0.411,"BIOMASS (genus)"
"FCEA",5,"M2",8,"Saurauia montana",NA,77,105,NA,NA,0,NA,0.411,"BIOMASS (genus)"
"FCEA",5,"M2",9,"Saurauia montana",NA,46,53,NA,NA,0,NA,0.411,"BIOMASS (genus)"
"FCEA",5,"M2",10,"Saurauia montana",NA,98,84,NA,NA,0,NA,0.411,"BIOMASS (genus)"
"FCEA",5,"M2",11,"Saurauia montana",NA,73,78,NA,NA,0,NA,0.411,"BIOMASS (genus)"
"FCEA",5,"M2",12,"Saurauia montana",NA,81,103,NA,NA,0,NA,0.411,"BIOMASS (genus)"
"FCEA",5,"M2",13,"Saurauia montana",NA,41,58,NA,NA,0,NA,0.411,"BIOMASS (genus)"
"FCEA",5,"M2",14,"Saurauia montana",NA,102,45,NA,NA,0,NA,0.411,"BIOMASS (genus)"
"FCEA",5,"M2",15,"Saurauia montana",NA,NA,NA,NA,NA,0,1,0.411,"BIOMASS (genus)"
"FCEA",5,"M2",16,"Saurauia montana",NA,104,115,NA,NA,0,NA,0.411,"BIOMASS (genus)"
"FCEA",5,"M2",17,"Saurauia montana",NA,NA,4,NA,NA,0,1,0.411,"BIOMASS (genus)"
"FCEA",5,"M2",18,"Saurauia montana",NA,114,48,NA,NA,0,NA,0.411,"BIOMASS (genus)"
"FCEA",5,"M2",19,"Saurauia montana",NA,31,50,NA,NA,0,NA,0.411,"BIOMASS (genus)"
"FCEA",5,"M2",20,"Saurauia montana",NA,NA,61,NA,NA,0,1,0.411,"BIOMASS (genus)"
"FCEA",5,"M2",21,"Saurauia montana",NA,95,120,NA,NA,0,NA,0.411,"BIOMASS (genus)"
"FCEA",5,"M2",22,"Saurauia montana",NA,NA,5,NA,NA,0,1,0.411,"BIOMASS (genus)"
"FCEA",5,"M2",23,"Saurauia montana",NA,86,90,NA,NA,0,NA,0.411,"BIOMASS (genus)"
"FCEA",5,"M2",24,"Saurauia montana",NA,NA,NA,NA,NA,0,1,0.411,"BIOMASS (genus)"
"FCEA",5,"M2",25,"Saurauia montana",NA,NA,43,NA,NA,0,1,0.411,"BIOMASS (genus)"
"FCEA",5,"M2",26,"Saurauia montana",NA,10,36,NA,NA,0,NA,0.411,"BIOMASS (genus)"
"FCEA",5,"M2",27,"Saurauia montana",NA,105,109,NA,NA,0,NA,0.411,"BIOMASS (genus)"
"FCEA",5,"M2",28,"Saurauia montana",NA,28,75,NA,NA,0,NA,0.411,"BIOMASS (genus)"
"FCEA",5,"M2",29,"Saurauia montana",NA,88,40,NA,NA,0,NA,0.411,"BIOMASS (genus)"
"FCEA",5,"M2",30,"Saurauia montana",NA,98,55,NA,NA,0,NA,0.411,"BIOMASS (genus)"
"FCEA",5,"M2",31,"Saurauia montana",NA,97,30,NA,NA,0,NA,0.411,"BIOMASS (genus)"
"FCEA",5,"M2",32,"Saurauia montana",NA,110,130,NA,NA,0,NA,0.411,"BIOMASS (genus)"
"FCEA",5,"M2",33,"Saurauia montana",NA,5,68,NA,NA,0,NA,0.411,"BIOMASS (genus)"
"FCEA",5,"M2",34,"Saurauia montana",NA,72,110,NA,NA,0,NA,0.411,"BIOMASS (genus)"
"FCEA",5,"M2",35,"Saurauia montana",NA,72,74,NA,NA,0,NA,0.411,"BIOMASS (genus)"
"FCEA",5,"M2",36,"Saurauia montana",NA,NA,39,NA,NA,0,1,0.411,"BIOMASS (genus)"
"FCEA",5,"M2",37,"Saurauia montana",NA,90,83,NA,NA,0,NA,0.411,"BIOMASS (genus)"
"FCEA",5,"M2",38,"Saurauia montana",NA,110,6,NA,NA,0,NA,0.411,"BIOMASS (genus)"
"FCEA",5,"M2",39,"Saurauia montana",NA,110,122,NA,NA,0,NA,0.411,"BIOMASS (genus)"
"FCEA",5,"M2",40,"Saurauia montana",NA,47,88,NA,NA,0,NA,0.411,"BIOMASS (genus)"
"FCEA",5,"M2",41,"Saurauia montana",NA,96,57,NA,NA,0,NA,0.411,"BIOMASS (genus)"
"FCEA",5,"M2",42,"Saurauia montana",NA,87,80,NA,NA,0,NA,0.411,"BIOMASS (genus)"
"FCEA",5,"M2",43,"Saurauia montana",NA,96,108,NA,NA,0,NA,0.411,"BIOMASS (genus)"
"FCEA",5,"M2",44,"Saurauia montana",NA,108,106,NA,NA,0,NA,0.411,"BIOMASS (genus)"
"FCEA",5,"M2",45,"Saurauia montana",NA,67,58,NA,NA,0,NA,0.411,"BIOMASS (genus)"
"FCEA",5,"M2",46,"Saurauia montana",NA,77,109,NA,NA,0,NA,0.411,"BIOMASS (genus)"
"FCEA",5,"M2",47,"Saurauia montana",NA,18,27,NA,NA,0,NA,0.411,"BIOMASS (genus)"
"FCEA",5,"M2",48,"Saurauia montana",NA,66,83,NA,NA,0,NA,0.411,"BIOMASS (genus)"
"FCEA",5,"M2",49,"Saurauia montana",NA,75,110,NA,NA,0,NA,0.411,"BIOMASS (genus)"
"FCEA",6,"M2",2,"Saurauia montana",NA,68,10,NA,NA,0,NA,0.411,"BIOMASS (genus)"
"FCEA",6,"M2",3,"Saurauia montana",NA,80,5,NA,NA,0,NA,0.411,"BIOMASS (genus)"
"FCEA",6,"M2",4,"Saurauia montana",NA,64,5,NA,NA,0,NA,0.411,"BIOMASS (genus)"
"FCEA",6,"M2",5,"Saurauia montana",NA,25,NA,NA,NA,0,NA,0.411,"BIOMASS (genus)"
"FCEA",6,"M2",6,"Saurauia montana",NA,58,71,NA,NA,0,NA,0.411,"BIOMASS (genus)"
"FCEA",6,"M2",7,"Saurauia montana",NA,107,120,NA,NA,0,NA,0.411,"BIOMASS (genus)"
"FCEA",6,"M2",8,"Saurauia montana",NA,20,4,NA,NA,0,NA,0.411,"BIOMASS (genus)"
"FCEA",6,"M2",9,"Saurauia montana",NA,25,15,NA,NA,0,1,0.411,"BIOMASS (genus)"
"FCEA",6,"M2",10,"Saurauia montana",NA,NA,16,NA,NA,0,1,0.411,"BIOMASS (genus)"
"FCEA",6,"M2",11,"Saurauia montana",NA,78,56,NA,NA,0,NA,0.411,"BIOMASS (genus)"
"FCEA",6,"M2",12,"Saurauia montana",NA,73,13,NA,NA,0,NA,0.411,"BIOMASS (genus)"
"FCEA",6,"M2",13,"Saurauia montana",NA,76,120,NA,NA,0,NA,0.411,"BIOMASS (genus)"
"FCEA",6,"M2",14,"Saurauia montana",NA,90,46,NA,NA,0,NA,0.411,"BIOMASS (genus)"
"FCEA",6,"M2",15,"Saurauia montana",NA,108,119,NA,NA,0,NA,0.411,"BIOMASS (genus)"
"FCEA",6,"M2",16,"Saurauia montana",NA,28,13,NA,NA,0,NA,0.411,"BIOMASS (genus)"
"FCEA",6,"M2",17,"Saurauia montana",NA,78,49,NA,NA,0,NA,0.411,"BIOMASS (genus)"
"FCEA",6,"M2",18,"Saurauia montana",NA,94,15,NA,NA,0,NA,0.411,"BIOMASS (genus)"
"FCEA",6,"M2",19,"Saurauia montana",NA,108,60,NA,NA,0,NA,0.411,"BIOMASS (genus)"
"FCEA",6,"M2",20,"Saurauia montana",NA,NA,NA,NA,NA,0,1,0.411,"BIOMASS (genus)"
"FCEA",6,"M2",21,"Saurauia montana",NA,68,74,NA,NA,0,NA,0.411,"BIOMASS (genus)"
"FCEA",6,"M2",22,"Saurauia montana",NA,88,60,NA,NA,0,NA,0.411,"BIOMASS (genus)"
"FCEA",6,"M2",23,"Saurauia montana",NA,82,14,NA,NA,0,NA,0.411,"BIOMASS (genus)"
"FCEA",6,"M2",24,"Saurauia montana",NA,86,52,NA,NA,0,NA,0.411,"BIOMASS (genus)"
"FCEA",6,"M2",25,"Saurauia montana",NA,NA,NA,NA,NA,0,1,0.411,"BIOMASS (genus)"
"FCEA",6,"M2",26,"Saurauia montana",NA,112,54,NA,NA,0,NA,0.411,"BIOMASS (genus)"
"FCEA",6,"M2",27,"Saurauia montana",NA,NA,NA,NA,NA,0,1,0.411,"BIOMASS (genus)"
"FCEA",6,"M2",28,"Saurauia montana",NA,NA,20,NA,NA,0,1,0.411,"BIOMASS (genus)"
"FCEA",6,"M2",29,"Saurauia montana",NA,18,NA,NA,NA,0,1,0.411,"BIOMASS (genus)"
"FCEA",6,"M2",30,"Saurauia montana",NA,NA,100,NA,NA,0,1,0.411,"BIOMASS (genus)"
"FCEA",6,"M2",31,"Saurauia montana",NA,102,31,NA,NA,0,NA,0.411,"BIOMASS (genus)"
"FCEA",6,"M2",32,"Saurauia montana",NA,73,4,NA,NA,0,NA,0.411,"BIOMASS (genus)"
"FCEA",6,"M2",33,"Saurauia montana",NA,44,NA,NA,NA,0,NA,0.411,"BIOMASS (genus)"
"FCEA",6,"M2",34,"Saurauia montana",NA,20,117,NA,NA,0,1,0.411,"BIOMASS (genus)"
"FCEA",6,"M2",35,"Saurauia montana",NA,33,NA,NA,NA,0,NA,0.411,"BIOMASS (genus)"
"FCEA",6,"M2",36,"Saurauia montana",NA,NA,6,NA,NA,0,1,0.411,"BIOMASS (genus)"
"FCEA",6,"M2",37,"Saurauia montana",NA,NA,109,NA,NA,0,1,0.411,"BIOMASS (genus)"
"FCEA",6,"M2",38,"Saurauia montana",NA,NA,5,NA,NA,0,1,0.411,"BIOMASS (genus)"
"FCEA",6,"M2",39,"Saurauia montana",NA,82,72,NA,NA,0,NA,0.411,"BIOMASS (genus)"
"FCEA",6,"M2",40,"Saurauia montana",NA,127,78,NA,NA,0,NA,0.411,"BIOMASS (genus)"
"FCEA",6,"M2",41,"Saurauia montana",NA,110,120,NA,NA,0,NA,0.411,"BIOMASS (genus)"
"FCEA",6,"M2",42,"Saurauia montana",NA,10,60,NA,NA,0,1,0.411,"BIOMASS (genus)"
"FCEA",6,"M2",43,"Saurauia montana",NA,95,32,NA,NA,0,NA,0.411,"BIOMASS (genus)"
"FCEA",6,"M2",44,"Saurauia montana",NA,105,62,NA,NA,0,NA,0.411,"BIOMASS (genus)"
"FCEA",6,"M2",45,"Saurauia montana",NA,82,90,NA,NA,0,NA,0.411,"BIOMASS (genus)"
"FCEA",6,"M2",46,"Saurauia montana",NA,90,91,NA,NA,0,NA,0.411,"BIOMASS (genus)"
"FCEA",6,"M2",47,"Saurauia montana",NA,30,87,NA,NA,0,NA,0.411,"BIOMASS (genus)"
"FCEA",6,"M2",48,"Saurauia montana",NA,110,71,NA,NA,0,NA,0.411,"BIOMASS (genus)"
"FCEA",6,"M2",49,"Saurauia montana",NA,104,74,NA,NA,0,NA,0.411,"BIOMASS (genus)"
"FCEA",1,"2SP",2,"Saurauia montana",NA,83,126,NA,NA,0,NA,0.411,"BIOMASS (genus)"
"FCEA",1,"2SP",3,"Inga edulis",1,281,400,82.207818,10.2308477050531,0,NA,0.58,"BIOMASS+BIEN+Zanne"
"FCEA",1,"2SP",4,"Saurauia montana",NA,81,240,1.539384,1.40000163690354,0,NA,0.411,"BIOMASS (genus)"
"FCEA",1,"2SP",5,"Inga edulis",1,158,280,11.796708,3.87556900639037,0,NA,0.58,"BIOMASS+BIEN+Zanne"
"FCEA",1,"2SP",6,"Saurauia montana",NA,41,190,43.856736,7.47262541401683,0,NA,0.411,"BIOMASS (genus)"
"FCEA",1,"2SP",7,"Inga edulis",1,228,368,48.600552,7.8663933732275,0,NA,0.58,"BIOMASS+BIEN+Zanne"
"FCEA",1,"2SP",8,"Saurauia montana",NA,NA,119,NA,NA,0,NA,0.411,"BIOMASS (genus)"
"FCEA",1,"2SP",9,"Inga edulis",1,187,316,24.15105,5.54527473682559,0,NA,0.58,"BIOMASS+BIEN+Zanne"
"FCEA",1,"2SP",10,"Saurauia montana",NA,59,173,0.950334,1.1000012861385,0,NA,0.411,"BIOMASS (genus)"
"FCEA",1,"2SP",11,"Inga edulis",1,281,400,65.785104,9.15205965164756,0,NA,0.58,"BIOMASS+BIEN+Zanne"
"FCEA",1,"2SP",12,"Saurauia montana",NA,5,84,NA,NA,0,NA,0.411,"BIOMASS (genus)"
"FCEA",1,"2SP",13,"Inga edulis",1,210,397,60.467946,8.7744048251782,0,NA,0.58,"BIOMASS+BIEN+Zanne"
"FCEA",1,"2SP",14,"Saurauia montana",NA,7,83,NA,NA,0,NA,0.411,"BIOMASS (genus)"
"FCEA",1,"2SP",15,"Inga edulis",1,243,400,38.72022,7.0214040821509,0,NA,0.58,"BIOMASS+BIEN+Zanne"
"FCEA",1,"2SP",16,"Saurauia montana",NA,58,138,NA,NA,0,NA,0.411,"BIOMASS (genus)"
"FCEA",1,"2SP",17,"Inga edulis",1,180,260,28.47075,6.02080432901358,0,NA,0.58,"BIOMASS+BIEN+Zanne"
"FCEA",1,"2SP",18,"Saurauia montana",NA,58,160,0.7854,1.00000116921681,0,NA,0.411,"BIOMASS (genus)"
"FCEA",1,"2SP",19,"Inga edulis",1,236,352,43.770342,7.46526157083477,0,NA,0.58,"BIOMASS+BIEN+Zanne"
"FCEA",1,"2SP",20,"Saurauia montana",NA,12,NA,NA,NA,0,NA,0.411,"BIOMASS (genus)"
"FCEA",1,"2SP",21,"Inga edulis",1,212,343,67.442298,9.26661754910675,0,NA,0.58,"BIOMASS+BIEN+Zanne"
"FCEA",1,"2SP",22,"Saurauia montana",NA,40,111,NA,NA,0,NA,0.411,"BIOMASS (genus)"
"FCEA",1,"2SP",23,"Inga edulis",1,223,285,19.179468,4.94166541811388,0,NA,0.58,"BIOMASS+BIEN+Zanne"
"FCEA",1,"2SP",24,"Saurauia montana",NA,84,146,NA,NA,0,NA,0.411,"BIOMASS (genus)"
"FCEA",1,"2SP",25,"Inga edulis",1,92,93,NA,NA,0,NA,0.58,"BIOMASS+BIEN+Zanne"
"FCEA",1,"2SP",26,"Saurauia montana",NA,116,148,NA,NA,0,NA,0.411,"BIOMASS (genus)"
"FCEA",1,"2SP",27,"Inga edulis",1,153,300,7.979664,3.18747921695179,0,NA,0.58,"BIOMASS+BIEN+Zanne"
"FCEA",1,"2SP",28,"Saurauia montana",NA,60,115,NA,NA,0,NA,0.411,"BIOMASS (genus)"
"FCEA",1,"2SP",29,"Inga edulis",1,110,175,2.796024,1.8867984324852,0,NA,0.58,"BIOMASS+BIEN+Zanne"
"FCEA",1,"2SP",30,"Saurauia montana",NA,80,154,NA,NA,0,NA,0.411,"BIOMASS (genus)"
"FCEA",1,"2SP",31,"Inga edulis",1,70,69,NA,NA,0,NA,0.58,"BIOMASS+BIEN+Zanne"
"FCEA",1,"2SP",32,"Saurauia montana",NA,67,NA,NA,NA,0,NA,0.411,"BIOMASS (genus)"
"FCEA",1,"2SP",33,"Inga edulis",1,300,380,51.60078,8.1055631288134,0,NA,0.58,"BIOMASS+BIEN+Zanne"
"FCEA",1,"2SP",34,"Saurauia montana",NA,66,90,NA,NA,0,NA,0.411,"BIOMASS (genus)"
"FCEA",1,"2SP",35,"Inga edulis",1,324,500,56.022582,8.44571884451337,0,NA,0.58,"BIOMASS+BIEN+Zanne"
"FCEA",1,"2SP",36,"Saurauia montana",NA,NA,NA,NA,NA,0,NA,0.411,"BIOMASS (genus)"
"FCEA",1,"2SP",37,"Inga edulis",1,215,270,15.566628,4.45197106322375,0,NA,0.58,"BIOMASS+BIEN+Zanne"
"FCEA",1,"2SP",38,"Saurauia montana",NA,NA,62,NA,NA,0,NA,0.411,"BIOMASS (genus)"
"FCEA",1,"2SP",39,"Inga edulis",1,240,375,34.589016,6.63627176844629,0,NA,0.58,"BIOMASS+BIEN+Zanne"
"FCEA",1,"2SP",40,"Saurauia montana",NA,103,NA,NA,NA,0,NA,0.411,"BIOMASS (genus)"
"FCEA",1,"2SP",41,"Inga edulis",1,377,481,92.2845,10.8397543683477,0,NA,0.58,"BIOMASS+BIEN+Zanne"
"FCEA",1,"2SP",42,"Saurauia montana",NA,53,112,NA,NA,0,NA,0.411,"BIOMASS (genus)"
"FCEA",1,"2SP",43,"Inga edulis",1,168,130,NA,NA,0,NA,0.58,"BIOMASS+BIEN+Zanne"
"FCEA",1,"2SP",44,"Saurauia montana",NA,73,166,0.950334,1.1000012861385,0,NA,0.411,"BIOMASS (genus)"
"FCEA",1,"2SP",45,"Inga edulis",1,240,324,32.798304,6.4622053242717,0,NA,0.58,"BIOMASS+BIEN+Zanne"
"FCEA",1,"2SP",46,"Saurauia montana",NA,88,188,1.130976,1.20000140306018,0,NA,0.411,"BIOMASS (genus)"
"FCEA",1,"2SP",47,"Inga edulis",1,185,240,37.086588,6.87168905152878,0,NA,0.58,"BIOMASS+BIEN+Zanne"
"FCEA",1,"2SP",48,"Saurauia montana",NA,69,133,NA,NA,0,NA,0.411,"BIOMASS (genus)"
"FCEA",1,"2SP",49,"Inga edulis",1,355,512,55.80267,8.42912606061901,0,NA,0.58,"BIOMASS+BIEN+Zanne"
"FCEA",2,"2SP",2,"Saurauia montana",NA,75,127,NA,NA,0,NA,0.411,"BIOMASS (genus)"
"FCEA",2,"2SP",3,"Inga edulis",1,183,220,7.57911,3.10644854550944,0,NA,0.58,"BIOMASS+BIEN+Zanne"
"FCEA",2,"2SP",4,"Saurauia montana",NA,97,20,NA,NA,0,NA,0.411,"BIOMASS (genus)"
"FCEA",2,"2SP",5,"Inga edulis",1,300,470,53.886294,8.28312504070928,0,NA,0.58,"BIOMASS+BIEN+Zanne"
"FCEA",2,"2SP",6,"Saurauia montana",NA,48,170,0.950334,1.1000012861385,0,NA,0.411,"BIOMASS (genus)"
"FCEA",2,"2SP",7,"Inga edulis",1,275,410,13.854456,4.20000491071062,0,NA,0.58,"BIOMASS+BIEN+Zanne"
"FCEA",2,"2SP",8,"Saurauia montana",NA,30,122,NA,NA,0,NA,0.411,"BIOMASS (genus)"
"FCEA",2,"2SP",9,"Inga edulis",1,190,300,11.341176,3.8000044430239,0,NA,0.58,"BIOMASS+BIEN+Zanne"
"FCEA",2,"2SP",10,"Saurauia montana",NA,60,166,NA,NA,0,NA,0.411,"BIOMASS (genus)"
"FCEA",2,"2SP",11,"Inga edulis",1,112,190,2.701776,1.85472586767328,0,NA,0.58,"BIOMASS+BIEN+Zanne"
"FCEA",2,"2SP",12,"Saurauia montana",NA,115,143,NA,NA,0,NA,0.411,"BIOMASS (genus)"
"FCEA",2,"2SP",13,"Inga edulis",1,81,43,NA,NA,0,NA,0.58,"BIOMASS+BIEN+Zanne"
"FCEA",2,"2SP",14,"Saurauia montana",NA,57,87,NA,NA,0,1,0.411,"BIOMASS (genus)"
"FCEA",2,"2SP",15,"Inga edulis",1,215,300,29.051946,6.08194759092106,0,NA,0.58,"BIOMASS+BIEN+Zanne"
"FCEA",2,"2SP",16,"Saurauia montana",NA,1,22,NA,NA,0,NA,0.411,"BIOMASS (genus)"
"FCEA",2,"2SP",17,"Inga edulis",1,140,137,NA,NA,0,NA,0.58,"BIOMASS+BIEN+Zanne"
"FCEA",2,"2SP",18,"Saurauia montana",NA,70,144,NA,NA,0,NA,0.411,"BIOMASS (genus)"
"FCEA",2,"2SP",19,"Inga edulis",1,198,270,12.76275,4.03113358741294,0,1,0.58,"BIOMASS+BIEN+Zanne"
"FCEA",2,"2SP",20,"Saurauia montana",NA,87,195,1.539384,1.40000163690354,0,NA,0.411,"BIOMASS (genus)"
"FCEA",2,"2SP",21,"Inga edulis",1,215,300,26.892096,5.85150237699809,0,NA,0.58,"BIOMASS+BIEN+Zanne"
"FCEA",2,"2SP",22,"Saurauia montana",NA,23,44,NA,NA,0,NA,0.411,"BIOMASS (genus)"
"FCEA",2,"2SP",23,"Inga edulis",1,172,290,18.441192,4.84562224141067,0,1,0.58,"BIOMASS+BIEN+Zanne"
"FCEA",2,"2SP",24,"Saurauia montana",NA,88,160,1.327326,1.30000151998186,0,NA,0.411,"BIOMASS (genus)"
"FCEA",2,"2SP",25,"Inga edulis",1,120,150,NA,NA,0,NA,0.58,"BIOMASS+BIEN+Zanne"
"FCEA",2,"2SP",26,"Saurauia montana",NA,22,7,NA,NA,0,NA,0.411,"BIOMASS (genus)"
"FCEA",2,"2SP",27,"Inga edulis",1,158,230,14.632002,4.31625341761162,0,1,0.58,"BIOMASS+BIEN+Zanne"
"FCEA",2,"2SP",28,"Saurauia montana",NA,125,187,1.76715,1.50000175382522,0,NA,0.411,"BIOMASS (genus)"
"FCEA",2,"2SP",29,"Inga edulis",1,250,400,29.29542,6.10737973468372,0,NA,0.58,"BIOMASS+BIEN+Zanne"
"FCEA",2,"2SP",30,"Saurauia montana",NA,60,120,NA,NA,0,NA,0.411,"BIOMASS (genus)"
"FCEA",2,"2SP",31,"Inga edulis",1,195,240,24.905034,5.63116987417124,0,NA,0.58,"BIOMASS+BIEN+Zanne"
"FCEA",2,"2SP",32,"Saurauia montana",NA,60,NA,NA,NA,0,NA,0.411,"BIOMASS (genus)"
"FCEA",2,"2SP",33,"Inga edulis",1,325,410,47.94867,7.81345907786408,0,1,0.58,"BIOMASS+BIEN+Zanne"
"FCEA",2,"2SP",34,"Saurauia montana",NA,97,NA,NA,NA,0,NA,0.411,"BIOMASS (genus)"
"FCEA",2,"2SP",35,"Inga edulis",1,232,250,24.7401,5.61249264237401,0,NA,0.58,"BIOMASS+BIEN+Zanne"
"FCEA",2,"2SP",36,"Saurauia montana",NA,68,13,NA,NA,0,1,0.411,"BIOMASS (genus)"
"FCEA",2,"2SP",37,"Inga edulis",1,256,346,50.22633,7.9968837394899,0,NA,0.58,"BIOMASS+BIEN+Zanne"
"FCEA",2,"2SP",38,"Saurauia montana",NA,98,150,NA,NA,0,1,0.411,"BIOMASS (genus)"
"FCEA",2,"2SP",39,"Inga edulis",1,195,260,31.361022,6.319026299495,0,NA,0.58,"BIOMASS+BIEN+Zanne"
"FCEA",2,"2SP",40,"Saurauia montana",NA,73,175,NA,NA,0,NA,0.411,"BIOMASS (genus)"
"FCEA",2,"2SP",41,"Inga edulis",1,250,300,36.230502,6.79191488992658,0,NA,0.58,"BIOMASS+BIEN+Zanne"
"FCEA",2,"2SP",42,"Saurauia montana",NA,60,113,NA,NA,0,NA,0.411,"BIOMASS (genus)"
"FCEA",2,"2SP",43,"Inga edulis",1,300,290,26.7036,5.8309587124923,0,NA,0.58,"BIOMASS+BIEN+Zanne"
"FCEA",2,"2SP",44,"Saurauia montana",NA,57,128,NA,NA,0,NA,0.411,"BIOMASS (genus)"
"FCEA",2,"2SP",45,"Inga edulis",1,250,260,31.14111,6.29683195892567,0,NA,0.58,"BIOMASS+BIEN+Zanne"
"FCEA",2,"2SP",46,"Saurauia montana",NA,63,120,NA,NA,0,NA,0.411,"BIOMASS (genus)"
"FCEA",2,"2SP",47,"Inga edulis",1,225,347,29.633142,6.14248225305962,0,NA,0.58,"BIOMASS+BIEN+Zanne"
"FCEA",2,"2SP",48,"Saurauia montana",NA,68,33,NA,NA,0,NA,0.411,"BIOMASS (genus)"
"FCEA",2,"2SP",49,"Inga edulis",1,125,150,NA,NA,0,NA,0.58,"BIOMASS+BIEN+Zanne"
"FCEA",3,"2SP",2,"Saurauia montana",NA,72,96,NA,NA,0,NA,0.411,"BIOMASS (genus)"
"FCEA",3,"2SP",3,"Inga edulis",1,140,175,0.7854,1.00000116921681,0,NA,0.58,"BIOMASS+BIEN+Zanne"
"FCEA",3,"2SP",4,"Saurauia montana",NA,128,124,NA,NA,0,NA,0.411,"BIOMASS (genus)"
"FCEA",3,"2SP",5,"Inga edulis",1,163,173,1.76715,1.50000175382522,0,NA,0.58,"BIOMASS+BIEN+Zanne"
"FCEA",3,"2SP",6,"Saurauia montana",NA,NA,63,NA,NA,0,1,0.411,"BIOMASS (genus)"
"FCEA",3,"2SP",7,"Inga edulis",1,132,128,NA,NA,0,NA,0.58,"BIOMASS+BIEN+Zanne"
"FCEA",3,"2SP",8,"Saurauia montana",NA,100,100,NA,NA,0,NA,0.411,"BIOMASS (genus)"
"FCEA",3,"2SP",9,"Inga edulis",1,146,120,NA,NA,0,NA,0.58,"BIOMASS+BIEN+Zanne"
"FCEA",3,"2SP",10,"Saurauia montana",NA,105,105,NA,NA,0,NA,0.411,"BIOMASS (genus)"
"FCEA",3,"2SP",11,"Inga edulis",NA,105,103,NA,NA,1,NA,0.58,"BIOMASS+BIEN+Zanne"
"FCEA",3,"2SP",12,"Saurauia montana",NA,91,NA,NA,NA,0,NA,0.411,"BIOMASS (genus)"
"FCEA",3,"2SP",13,"Inga edulis",NA,146,60,NA,NA,1,NA,0.58,"BIOMASS+BIEN+Zanne"
"FCEA",3,"2SP",14,"Saurauia montana",1,40,104,NA,NA,0,NA,0.411,"BIOMASS (genus)"
"FCEA",3,"2SP",15,"Inga edulis",NA,115,154,NA,NA,1,NA,0.58,"BIOMASS+BIEN+Zanne"
"FCEA",3,"2SP",16,"Saurauia montana",NA,35,5,NA,NA,0,NA,0.411,"BIOMASS (genus)"
"FCEA",3,"2SP",17,"Inga edulis",NA,110,135,NA,NA,1,NA,0.58,"BIOMASS+BIEN+Zanne"
"FCEA",3,"2SP",18,"Saurauia montana",NA,5,NA,NA,NA,0,NA,0.411,"BIOMASS (genus)"
"FCEA",3,"2SP",19,"Inga edulis",NA,70,74,NA,NA,1,NA,0.58,"BIOMASS+BIEN+Zanne"
"FCEA",3,"2SP",20,"Saurauia montana",NA,NA,NA,NA,NA,0,1,0.411,"BIOMASS (genus)"
"FCEA",3,"2SP",21,"Inga edulis",NA,130,130,NA,NA,1,NA,0.58,"BIOMASS+BIEN+Zanne"
"FCEA",3,"2SP",22,"Saurauia montana",NA,76,33,NA,NA,0,NA,0.411,"BIOMASS (genus)"
"FCEA",3,"2SP",23,"Inga edulis",NA,78,58,NA,NA,1,NA,0.58,"BIOMASS+BIEN+Zanne"
"FCEA",3,"2SP",24,"Saurauia montana",NA,5,5,NA,NA,0,NA,0.411,"BIOMASS (genus)"
"FCEA",3,"2SP",25,"Inga edulis",NA,133,155,NA,NA,1,NA,0.58,"BIOMASS+BIEN+Zanne"
"FCEA",3,"2SP",26,"Saurauia montana",NA,NA,127,NA,NA,0,1,0.411,"BIOMASS (genus)"
"FCEA",3,"2SP",27,"Inga edulis",1,85,27,NA,NA,0,NA,0.58,"BIOMASS+BIEN+Zanne"
"FCEA",3,"2SP",28,"Saurauia montana",NA,NA,NA,NA,NA,0,NA,0.411,"BIOMASS (genus)"
"FCEA",3,"2SP",29,"Inga edulis",1,85,125,NA,NA,0,NA,0.58,"BIOMASS+BIEN+Zanne"
"FCEA",3,"2SP",30,"Saurauia montana",NA,68,67,NA,NA,0,NA,0.411,"BIOMASS (genus)"
"FCEA",3,"2SP",31,"Inga edulis",1,120,115,NA,NA,0,NA,0.58,"BIOMASS+BIEN+Zanne"
"FCEA",3,"2SP",32,"Saurauia montana",NA,60,18,NA,NA,0,1,0.411,"BIOMASS (genus)"
"FCEA",3,"2SP",33,"Inga edulis",1,140,120,NA,NA,0,NA,0.58,"BIOMASS+BIEN+Zanne"
"FCEA",3,"2SP",34,"Saurauia montana",NA,95,NA,NA,NA,0,1,0.411,"BIOMASS (genus)"
"FCEA",3,"2SP",35,"Inga edulis",1,66,5,NA,NA,0,NA,0.58,"BIOMASS+BIEN+Zanne"
"FCEA",3,"2SP",36,"Saurauia montana",NA,NA,127,NA,NA,0,NA,0.411,"BIOMASS (genus)"
"FCEA",3,"2SP",37,"Inga edulis",1,113,120,NA,NA,0,NA,0.58,"BIOMASS+BIEN+Zanne"
"FCEA",3,"2SP",38,"Saurauia montana",NA,NA,55,NA,NA,0,1,0.411,"BIOMASS (genus)"
"FCEA",3,"2SP",39,"Inga edulis",1,103,115,NA,NA,0,NA,0.58,"BIOMASS+BIEN+Zanne"
"FCEA",3,"2SP",40,"Saurauia montana",NA,90,40,NA,NA,0,NA,0.411,"BIOMASS (genus)"
"FCEA",3,"2SP",41,"Inga edulis",1,117,115,NA,NA,0,NA,0.58,"BIOMASS+BIEN+Zanne"
"FCEA",3,"2SP",42,"Saurauia montana",NA,92,84,NA,NA,0,NA,0.411,"BIOMASS (genus)"
"FCEA",3,"2SP",43,"Inga edulis",1,185,280,12.008766,3.91024753112525,0,NA,0.58,"BIOMASS+BIEN+Zanne"
"FCEA",3,"2SP",44,"Saurauia montana",NA,NA,48,NA,NA,0,1,0.411,"BIOMASS (genus)"
"FCEA",3,"2SP",45,"Inga edulis",1,180,215,6.919374,2.96816788635891,0,NA,0.58,"BIOMASS+BIEN+Zanne"
"FCEA",3,"2SP",46,"Saurauia montana",NA,92,93,NA,NA,0,NA,0.411,"BIOMASS (genus)"
"FCEA",3,"2SP",47,"Inga edulis",1,203,215,3.817044,2.204543346091,0,NA,0.58,"BIOMASS+BIEN+Zanne"
"FCEA",3,"2SP",48,"Saurauia montana",NA,106,5,NA,NA,0,NA,0.411,"BIOMASS (genus)"
"FCEA",3,"2SP",49,"Inga edulis",1,62,65,NA,NA,0,NA,0.58,"BIOMASS+BIEN+Zanne"
"FCEA",4,"2SP",2,"Saurauia montana",NA,110,105,NA,NA,0,NA,0.411,"BIOMASS (genus)"
"FCEA",4,"2SP",3,"Inga edulis",1,256,283,14.5299,4.30116766251299,0,NA,0.58,"BIOMASS+BIEN+Zanne"
"FCEA",4,"2SP",4,"Saurauia montana",NA,118,47,NA,NA,0,NA,0.411,"BIOMASS (genus)"
"FCEA",4,"2SP",5,"Inga edulis",1,138,215,10.752126,3.70000432610222,0,0,0.58,"BIOMASS+BIEN+Zanne"
"FCEA",4,"2SP",6,"Saurauia montana",NA,83,76,NA,NA,0,NA,0.411,"BIOMASS (genus)"
"FCEA",4,"2SP",7,"Inga edulis",1,212,318,46.699884,7.71104007532997,0,NA,0.58,"BIOMASS+BIEN+Zanne"
"FCEA",4,"2SP",8,"Saurauia montana",NA,NA,55,NA,NA,0,1,0.411,"BIOMASS (genus)"
"FCEA",4,"2SP",9,"Inga edulis",1,103,115,NA,NA,0,NA,0.58,"BIOMASS+BIEN+Zanne"
"FCEA",4,"2SP",10,"Saurauia montana",NA,125,140,NA,NA,0,NA,0.411,"BIOMASS (genus)"
"FCEA",4,"2SP",11,"Inga edulis",1,145,220,16.132116,4.53211297646637,0,NA,0.58,"BIOMASS+BIEN+Zanne"
"FCEA",4,"2SP",12,"Saurauia montana",NA,25,70,NA,NA,0,1,0.411,"BIOMASS (genus)"
"FCEA",4,"2SP",13,"Inga edulis",1,240,254,24.889326,5.62939375998917,0,NA,0.58,"BIOMASS+BIEN+Zanne"
"FCEA",4,"2SP",14,"Saurauia montana",NA,NA,NA,NA,NA,0,1,0.411,"BIOMASS (genus)"
"FCEA",4,"2SP",15,"Inga edulis",1,190,270,52.260516,8.15721494135497,0,NA,0.58,"BIOMASS+BIEN+Zanne"
"FCEA",4,"2SP",16,"Saurauia montana",NA,64,62,NA,NA,0,NA,0.411,"BIOMASS (genus)"
"FCEA",4,"2SP",17,"Inga edulis",1,220,363,73.86687,9.69794926413886,0,NA,0.58,"BIOMASS+BIEN+Zanne"
"FCEA",4,"2SP",18,"Saurauia montana",NA,72,96,NA,NA,0,NA,0.411,"BIOMASS (genus)"
"FCEA",4,"2SP",19,"Inga edulis",1,150,153,2.835294,1.90000222151195,0,NA,0.58,"BIOMASS+BIEN+Zanne"
"FCEA",4,"2SP",20,"Saurauia montana",NA,NA,47,NA,NA,0,1,0.411,"BIOMASS (genus)"
"FCEA",4,"2SP",21,"Inga edulis",NA,57,90,NA,NA,1,NA,0.58,"BIOMASS+BIEN+Zanne"
"FCEA",4,"2SP",22,"Saurauia montana",NA,NA,115,NA,NA,0,1,0.411,"BIOMASS (genus)"
"FCEA",4,"2SP",23,"Inga edulis",1,240,300,60.169494,8.7527240986738,0,NA,0.58,"BIOMASS+BIEN+Zanne"
"FCEA",4,"2SP",24,"Saurauia montana",NA,16,NA,NA,NA,0,NA,0.411,"BIOMASS (genus)"
"FCEA",4,"2SP",25,"Inga edulis",1,233,255,39.089358,7.05479385835687,0,NA,0.58,"BIOMASS+BIEN+Zanne"
"FCEA",4,"2SP",26,"Saurauia montana",NA,120,NA,NA,NA,0,NA,0.411,"BIOMASS (genus)"
"FCEA",4,"2SP",27,"Inga edulis",1,134,140,NA,NA,0,NA,0.58,"BIOMASS+BIEN+Zanne"
"FCEA",4,"2SP",28,"Saurauia montana",NA,112,66,NA,NA,0,1,0.411,"BIOMASS (genus)"
"FCEA",4,"2SP",29,"Inga edulis",1,165,195,5.921916,2.74590925410871,0,NA,0.58,"BIOMASS+BIEN+Zanne"
"FCEA",4,"2SP",30,"Saurauia montana",NA,NA,100,NA,NA,0,1,0.411,"BIOMASS (genus)"
"FCEA",4,"2SP",31,"Inga edulis",1,300,385,80.456376,10.1212765770569,0,NA,0.58,"BIOMASS+BIEN+Zanne"
"FCEA",4,"2SP",32,"Saurauia montana",NA,94,71,NA,NA,0,NA,0.411,"BIOMASS (genus)"
"FCEA",4,"2SP",33,"Inga edulis",1,145,176,5.1051,2.54951273772607,0,1,0.58,"BIOMASS+BIEN+Zanne"
"FCEA",4,"2SP",34,"Saurauia montana",NA,NA,17,NA,NA,0,NA,0.411,"BIOMASS (genus)"
"FCEA",4,"2SP",35,"Inga edulis",1,167,230,NA,NA,0,NA,0.58,"BIOMASS+BIEN+Zanne"
"FCEA",4,"2SP",36,"Saurauia montana",NA,NA,31,NA,NA,0,1,0.411,"BIOMASS (genus)"
"FCEA",4,"2SP",37,"Inga edulis",1,167,320,NA,NA,0,NA,0.58,"BIOMASS+BIEN+Zanne"
"FCEA",4,"2SP",38,"Saurauia montana",NA,NA,NA,NA,NA,0,1,0.411,"BIOMASS (genus)"
"FCEA",4,"2SP",39,"Inga edulis",1,NA,180,4.036956,2.26715946054879,0,NA,0.58,"BIOMASS+BIEN+Zanne"
"FCEA",4,"2SP",40,"Saurauia montana",NA,NA,47,NA,NA,0,1,0.411,"BIOMASS (genus)"
"FCEA",4,"2SP",41,"Inga edulis",1,24,NA,NA,NA,0,NA,0.58,"BIOMASS+BIEN+Zanne"
"FCEA",4,"2SP",42,"Saurauia montana",NA,NA,40,NA,NA,0,1,0.411,"BIOMASS (genus)"
"FCEA",4,"2SP",43,"Inga edulis",1,230,327,39.93759,7.13092693199275,0,NA,0.58,"BIOMASS+BIEN+Zanne"
"FCEA",4,"2SP",44,"Saurauia montana",NA,NA,NA,NA,NA,0,1,0.411,"BIOMASS (genus)"
"FCEA",4,"2SP",45,"Inga edulis",1,252,352,60.82923,8.800578453249,0,NA,0.58,"BIOMASS+BIEN+Zanne"
"FCEA",4,"2SP",46,"Saurauia montana",NA,18,NA,NA,NA,0,1,0.411,"BIOMASS (genus)"
"FCEA",4,"2SP",47,"Inga edulis",1,128,153,1.130976,1.20000140306018,0,NA,0.58,"BIOMASS+BIEN+Zanne"
"FCEA",4,"2SP",48,"Saurauia montana",NA,120,NA,NA,NA,0,NA,0.411,"BIOMASS (genus)"
"FCEA",4,"2SP",49,"Inga edulis",1,245,328,38.099754,6.96492020323863,0,NA,0.58,"BIOMASS+BIEN+Zanne"
"FCEA",5,"2SP",2,"Saurauia montana",NA,106,63,NA,NA,0,NA,0.411,"BIOMASS (genus)"
"FCEA",5,"2SP",3,"Inga edulis",1,148,230,18.49617,4.85283989743575,0,NA,0.58,"BIOMASS+BIEN+Zanne"
"FCEA",5,"2SP",4,"Saurauia montana",NA,86,180,0.7854,1.00000116921681,0,NA,0.411,"BIOMASS (genus)"
"FCEA",5,"2SP",5,"Inga edulis",1,188,244,14.741958,4.33244087004369,0,NA,0.58,"BIOMASS+BIEN+Zanne"
"FCEA",5,"2SP",6,"Saurauia montana",NA,NA,17,NA,NA,0,NA,0.411,"BIOMASS (genus)"
"FCEA",5,"2SP",7,"Inga edulis",1,215,350,51.60078,8.1055631288134,0,NA,0.58,"BIOMASS+BIEN+Zanne"
"FCEA",5,"2SP",8,"Saurauia montana",NA,90,NA,NA,NA,0,NA,0.411,"BIOMASS (genus)"
"FCEA",5,"2SP",9,"Inga edulis",1,300,373,24.598728,5.59643397529035,0,NA,0.58,"BIOMASS+BIEN+Zanne"
"FCEA",5,"2SP",10,"Saurauia montana",NA,15,5,NA,NA,0,NA,0.411,"BIOMASS (genus)"
"FCEA",5,"2SP",11,"Inga edulis",1,62,102,NA,NA,0,NA,0.58,"BIOMASS+BIEN+Zanne"
"FCEA",5,"2SP",12,"Saurauia montana",NA,57,132,NA,NA,0,NA,0.411,"BIOMASS (genus)"
"FCEA",5,"2SP",13,"Inga edulis",1,230,254,17.82858,4.76445727050568,0,NA,0.58,"BIOMASS+BIEN+Zanne"
"FCEA",5,"2SP",14,"Saurauia montana",NA,15,8,NA,NA,0,NA,0.411,"BIOMASS (genus)"
"FCEA",5,"2SP",15,"Inga edulis",1,228,318,15.409548,4.42945209705384,0,NA,0.58,"BIOMASS+BIEN+Zanne"
"FCEA",5,"2SP",16,"Saurauia montana",NA,110,100,NA,NA,0,NA,0.411,"BIOMASS (genus)"
"FCEA",5,"2SP",17,"Inga edulis",1,180,240,44.547888,7.53127695919045,0,NA,0.58,"BIOMASS+BIEN+Zanne"
"FCEA",5,"2SP",18,"Saurauia montana",NA,88,23,NA,NA,0,NA,0.411,"BIOMASS (genus)"
"FCEA",5,"2SP",19,"Inga edulis",1,166,223,6.236076,2.81780385534087,0,NA,0.58,"BIOMASS+BIEN+Zanne"
"FCEA",5,"2SP",20,"Saurauia montana",NA,NA,37,NA,NA,0,NA,0.411,"BIOMASS (genus)"
"FCEA",5,"2SP",21,"Inga edulis",1,177,255,9.62115,3.50000409225885,0,NA,0.58,"BIOMASS+BIEN+Zanne"
"FCEA",5,"2SP",22,"Saurauia montana",NA,NA,NA,NA,NA,0,NA,0.411,"BIOMASS (genus)"
"FCEA",5,"2SP",23,"Inga edulis",1,210,170,11.616066,3.8457814011529,0,NA,0.58,"BIOMASS+BIEN+Zanne"
"FCEA",5,"2SP",24,"Saurauia montana",NA,108,30,NA,NA,0,NA,0.411,"BIOMASS (genus)"
"FCEA",5,"2SP",25,"Inga edulis",1,225,265,31.950072,6.37809494500793,0,NA,0.58,"BIOMASS+BIEN+Zanne"
"FCEA",5,"2SP",26,"Saurauia montana",NA,76,137,NA,NA,0,NA,0.411,"BIOMASS (genus)"
"FCEA",5,"2SP",27,"Inga edulis",1,153,300,60.4278906,8.77149815691996,0,NA,0.58,"BIOMASS+BIEN+Zanne"
"FCEA",5,"2SP",28,"Saurauia montana",NA,22,NA,NA,NA,0,NA,0.411,"BIOMASS (genus)"
"FCEA",5,"2SP",29,"Inga edulis",1,188,243,15.527358,4.4463520138266,0,NA,0.58,"BIOMASS+BIEN+Zanne"
"FCEA",5,"2SP",30,"Saurauia montana",NA,NA,NA,NA,NA,0,NA,0.411,"BIOMASS (genus)"
"FCEA",5,"2SP",31,"Inga edulis",1,150,180,7.272804,3.04302836889637,0,NA,0.58,"BIOMASS+BIEN+Zanne"
"FCEA",5,"2SP",32,"Saurauia montana",NA,98,97,NA,NA,0,NA,0.411,"BIOMASS (genus)"
"FCEA",5,"2SP",33,"Inga edulis",1,210,300,16.469838,4.57930661093815,0,NA,0.58,"BIOMASS+BIEN+Zanne"
"FCEA",5,"2SP",34,"Saurauia montana",NA,30,NA,NA,NA,0,NA,0.411,"BIOMASS (genus)"
"FCEA",5,"2SP",35,"Inga edulis",1,230,230,9.990288,3.56651507004992,0,NA,0.58,"BIOMASS+BIEN+Zanne"
"FCEA",5,"2SP",36,"Saurauia montana",NA,NA,60,NA,NA,0,NA,0.411,"BIOMASS (genus)"
"FCEA",5,"2SP",37,"Inga edulis",1,190,220,6.00831,2.76586657108179,0,NA,0.58,"BIOMASS+BIEN+Zanne"
"FCEA",5,"2SP",38,"Saurauia montana",NA,NA,NA,NA,NA,0,NA,0.411,"BIOMASS (genus)"
"FCEA",5,"2SP",39,"Inga edulis",1,125,120,NA,NA,0,NA,0.58,"BIOMASS+BIEN+Zanne"
"FCEA",5,"2SP",40,"Saurauia montana",NA,NA,NA,NA,NA,0,NA,0.411,"BIOMASS (genus)"
"FCEA",5,"2SP",41,"Inga edulis",1,222,270,21.2,5.19544784868306,0,NA,0.58,"BIOMASS+BIEN+Zanne"
"FCEA",5,"2SP",42,"Saurauia montana",NA,NA,NA,NA,NA,0,NA,0.411,"BIOMASS (genus)"
"FCEA",5,"2SP",43,"Inga edulis",NA,140,146,0.7854,1.00000116921681,1,NA,0.58,"BIOMASS+BIEN+Zanne"
"FCEA",5,"2SP",44,"Saurauia montana",NA,85,117,NA,NA,0,NA,0.411,"BIOMASS (genus)"
"FCEA",5,"2SP",45,"Inga edulis",1,190,195,9.46407,3.47131505025714,0,NA,0.58,"BIOMASS+BIEN+Zanne"
"FCEA",5,"2SP",46,"Saurauia montana",NA,NA,30,NA,NA,0,NA,0.411,"BIOMASS (genus)"
"FCEA",5,"2SP",47,"Inga edulis",1,174,255,9.401238,3.45977282362107,0,NA,0.58,"BIOMASS+BIEN+Zanne"
"FCEA",5,"2SP",48,"Saurauia montana",NA,70,124,NA,NA,0,NA,0.411,"BIOMASS (genus)"
"FCEA",5,"2SP",49,"Inga edulis",1,172,260,21.025158,5.17397937760723,0,NA,0.58,"BIOMASS+BIEN+Zanne"
"FCEA",6,"2SP",2,"Saurauia montana",1,110,157,NA,NA,0,NA,0.411,"BIOMASS (genus)"
"FCEA",6,"2SP",3,"Inga edulis",1,NA,12,NA,NA,0,1,0.58,"BIOMASS+BIEN+Zanne"
"FCEA",6,"2SP",4,"Saurauia montana",NA,68,130,NA,NA,0,NA,0.411,"BIOMASS (genus)"
"FCEA",6,"2SP",5,"Inga edulis",1,98,150,NA,NA,0,NA,0.58,"BIOMASS+BIEN+Zanne"
"FCEA",6,"2SP",6,"Saurauia montana",1,57,158,NA,NA,0,1,0.411,"BIOMASS (genus)"
"FCEA",6,"2SP",7,"Inga edulis",NA,160,310,15.063972,4.37950280867398,1,NA,0.58,"BIOMASS+BIEN+Zanne"
"FCEA",6,"2SP",8,"Saurauia montana",NA,80,93,NA,NA,0,NA,0.411,"BIOMASS (genus)"
"FCEA",6,"2SP",9,"Inga edulis",1,200,240,10.712856,3.69324138071875,0,NA,0.58,"BIOMASS+BIEN+Zanne"
"FCEA",6,"2SP",10,"Saurauia montana",NA,94,120,NA,NA,0,1,0.411,"BIOMASS (genus)"
"FCEA",6,"2SP",11,"Inga edulis",1,117,185,2.521134,1.79164938154103,0,NA,0.58,"BIOMASS+BIEN+Zanne"
"FCEA",6,"2SP",12,"Saurauia montana",NA,91,108,NA,NA,0,NA,0.411,"BIOMASS (genus)"
"FCEA",6,"2SP",13,"Inga edulis",1,152,200,8.929998,3.37194700255,0,NA,0.58,"BIOMASS+BIEN+Zanne"
"FCEA",6,"2SP",14,"Saurauia montana",NA,30,85,NA,NA,0,NA,0.411,"BIOMASS (genus)"
"FCEA",6,"2SP",15,"Inga edulis",1,255,428,73.874724,9.69846482455836,0,NA,0.58,"BIOMASS+BIEN+Zanne"
"FCEA",6,"2SP",16,"Saurauia montana",NA,78,175,1.76715,1.50000175382522,0,NA,0.411,"BIOMASS (genus)"
"FCEA",6,"2SP",17,"Inga edulis",1,103,170,3.212286,2.02237720621034,0,NA,0.58,"BIOMASS+BIEN+Zanne"
"FCEA",6,"2SP",18,"Saurauia montana",1,74,82,NA,NA,0,NA,0.411,"BIOMASS (genus)"
"FCEA",6,"2SP",19,"Inga edulis",1,68,87,NA,NA,0,NA,0.58,"BIOMASS+BIEN+Zanne"
"FCEA",6,"2SP",20,"Saurauia montana",NA,80,84,NA,NA,0,NA,0.411,"BIOMASS (genus)"
"FCEA",6,"2SP",21,"Inga edulis",1,185,253,57.365616,8.546354240218,0,NA,0.58,"BIOMASS+BIEN+Zanne"
"FCEA",6,"2SP",22,"Saurauia montana",1,NA,112,NA,NA,0,1,0.411,"BIOMASS (genus)"
"FCEA",6,"2SP",23,"Inga edulis",1,240,240,52.064166,8.14187662734188,0,NA,0.58,"BIOMASS+BIEN+Zanne"
"FCEA",6,"2SP",24,"Saurauia montana",NA,120,100,NA,NA,0,NA,0.411,"BIOMASS (genus)"
"FCEA",6,"2SP",25,"Inga edulis",1,142,254,27.245526,5.88982861552949,0,NA,0.58,"BIOMASS+BIEN+Zanne"
"FCEA",6,"2SP",26,"Saurauia montana",1,NA,155,NA,NA,0,1,0.411,"BIOMASS (genus)"
"FCEA",6,"2SP",27,"Inga edulis",1,195,310,62.148702,8.89551488337585,0,NA,0.58,"BIOMASS+BIEN+Zanne"
"FCEA",6,"2SP",28,"Saurauia montana",NA,77,67,NA,NA,0,NA,0.411,"BIOMASS (genus)"
"FCEA",6,"2SP",29,"Inga edulis",1,250,305,25.148508,5.65862835647373,0,1,0.58,"BIOMASS+BIEN+Zanne"
"FCEA",6,"2SP",30,"Saurauia montana",NA,119,84,NA,NA,0,NA,0.411,"BIOMASS (genus)"
"FCEA",6,"2SP",31,"Inga edulis",1,287,193,4.814502,2.47588657547282,0,NA,0.58,"BIOMASS+BIEN+Zanne"
"FCEA",6,"2SP",32,"Saurauia montana",NA,50,77,NA,NA,0,NA,0.411,"BIOMASS (genus)"
"FCEA",6,"2SP",33,"Inga edulis",1,102,364,116.94606,12.2024730359453,0,NA,0.58,"BIOMASS+BIEN+Zanne"
"FCEA",6,"2SP",34,"Saurauia montana",1,5,216,2.269806,1.70000198766859,0,1,0.411,"BIOMASS (genus)"
"FCEA",6,"2SP",35,"Inga edulis",1,182,407,129.685248,12.8499177476895,0,NA,0.58,"BIOMASS+BIEN+Zanne"
"FCEA",6,"2SP",36,"Saurauia montana",1,91,190,1.76715,1.50000175382522,0,NA,0.411,"BIOMASS (genus)"
"FCEA",6,"2SP",37,"Inga edulis",1,275,384,33.02607,6.4846047166494,0,NA,0.58,"BIOMASS+BIEN+Zanne"
"FCEA",6,"2SP",38,"Saurauia montana",NA,90,203,2.010624,1.6000018707469,0,NA,0.411,"BIOMASS (genus)"
"FCEA",6,"2SP",39,"Inga edulis",1,150,210,9.723252,3.51852653106741,0,NA,0.58,"BIOMASS+BIEN+Zanne"
"FCEA",6,"2SP",40,"Saurauia montana",NA,110,204,2.835294,1.90000222151195,0,1,0.411,"BIOMASS (genus)"
"FCEA",6,"2SP",41,"Inga edulis",1,150,290,15.778686,4.48219220685136,0,NA,0.58,"BIOMASS+BIEN+Zanne"
"FCEA",6,"2SP",42,"Saurauia montana",NA,82,132,NA,NA,0,1,0.411,"BIOMASS (genus)"
"FCEA",6,"2SP",43,"Inga edulis",1,224,494,96.910506,11.1081181367275,0,NA,0.58,"BIOMASS+BIEN+Zanne"
"FCEA",6,"2SP",44,"Saurauia montana",NA,NA,83,NA,NA,0,1,0.411,"BIOMASS (genus)"
"FCEA",6,"2SP",45,"Inga edulis",1,146,291,13.288968,4.11339756968861,0,NA,0.58,"BIOMASS+BIEN+Zanne"
"FCEA",6,"2SP",46,"Saurauia montana",NA,75,113,NA,NA,0,1,0.411,"BIOMASS (genus)"
"FCEA",6,"2SP",47,"Inga edulis",1,96,150,NA,NA,0,NA,0.58,"BIOMASS+BIEN+Zanne"
"FCEA",6,"2SP",48,"Saurauia montana",NA,90,182,0.950334,1.1000012861385,0,NA,0.411,"BIOMASS (genus)"
"FCEA",6,"2SP",49,"Inga edulis",1,52,82,NA,NA,0,NA,0.58,"BIOMASS+BIEN+Zanne"
"FCEA",1,"6SP",2,"Inga edulis",1,270,400,18.739644,4.8846756079661,0,NA,0.58,"BIOMASS+BIEN+Zanne"
"FCEA",1,"6SP",3,"Saurauia montana",NA,112,275,3.1416,2.00000233843363,0,NA,0.411,"BIOMASS (genus)"
"FCEA",1,"6SP",4,"Quercus insignis",1,110,125,NA,NA,0,NA,0.701,"BIOMASS (genus)"
"FCEA",1,"6SP",5,"Heliocarpus appendiculatus",1,400,611,168.868854,14.6632364363025,0,NA,0.185,"BIOMASS+BIEN+Zanne"
"FCEA",1,"6SP",6,"Croton draco",1,475,580,NA,NA,0,NA,0.51,"BIOMASS (genus)"
"FCEA",1,"6SP",7,"Viburnum costaricanum",1,212,360,18.087762,4.79896383130338,0,NA,0.631,"BIOMASS (genus)"
"FCEA",1,"6SP",8,"Croton draco",1,270,429,49.338828,7.92591615527735,0,NA,0.51,"BIOMASS (genus)"
"FCEA",1,"6SP",9,"Heliocarpus appendiculatus",NA,257,400,49.268142,7.92023652992935,1,NA,0.185,"BIOMASS+BIEN+Zanne"
"FCEA",1,"6SP",10,"Viburnum costaricanum",1,87,118,NA,NA,0,NA,0.631,"BIOMASS (genus)"
"FCEA",1,"6SP",11,"Saurauia montana",NA,138,220,2.544696,1.80000210459027,0,NA,0.411,"BIOMASS (genus)"
"FCEA",1,"6SP",12,"Quercus insignis",1,90,93,NA,NA,0,NA,0.701,"BIOMASS (genus)"
"FCEA",1,"6SP",13,"Inga edulis",1,368,400,53.163726,8.22740288843721,0,NA,0.58,"BIOMASS+BIEN+Zanne"
"FCEA",1,"6SP",14,"Heliocarpus appendiculatus",1,300,490,130.871202,12.9085394082144,0,NA,0.185,"BIOMASS+BIEN+Zanne"
"FCEA",1,"6SP",15,"Viburnum costaricanum",1,180,300,8.694378,3.32716484209536,0,NA,0.631,"BIOMASS (genus)"
"FCEA",1,"6SP",16,"Quercus insignis",1,185,225,0.7854,1.00000116921681,0,NA,0.701,"BIOMASS (genus)"
"FCEA",1,"6SP",17,"Inga edulis",1,315,550,56.5488,8.48529129537223,0,NA,0.58,"BIOMASS+BIEN+Zanne"
"FCEA",1,"6SP",18,"Croton draco",1,488,690,139.259274,13.3157956813669,0,NA,0.51,"BIOMASS (genus)"
"FCEA",1,"6SP",19,"Inga edulis",1,257,320,10.846374,3.71618518023353,0,NA,0.58,"BIOMASS+BIEN+Zanne"
"FCEA",1,"6SP",20,"Saurauia montana",NA,122,290,1.76715,1.50000175382522,0,NA,0.411,"BIOMASS (genus)"
"FCEA",1,"6SP",21,"Quercus insignis",1,152,53,NA,NA,0,NA,0.701,"BIOMASS (genus)"
"FCEA",1,"6SP",22,"Saurauia montana",NA,142,217,2.544696,1.80000210459027,0,NA,0.411,"BIOMASS (genus)"
"FCEA",1,"6SP",23,"Croton draco",1,355,600,87.76845,10.5711996159429,0,NA,0.51,"BIOMASS (genus)"
"FCEA",1,"6SP",24,"Heliocarpus appendiculatus",1,274,488,107.466282,11.697449293246,0,NA,0.185,"BIOMASS+BIEN+Zanne"
"FCEA",1,"6SP",25,"Viburnum costaricanum",1,215,321,6.157536,2.80000327380708,0,NA,0.631,"BIOMASS (genus)"
"FCEA",1,"6SP",26,"Quercus insignis",1,66,89,NA,NA,0,NA,0.701,"BIOMASS (genus)"
"FCEA",1,"6SP",27,"Heliocarpus appendiculatus",1,407,600,168.633234,14.6530031763246,0,NA,0.185,"BIOMASS+BIEN+Zanne"
"FCEA",1,"6SP",28,"Croton draco",1,420,520,67.363758,9.26122025262166,0,NA,0.51,"BIOMASS (genus)"
"FCEA",1,"6SP",29,"Heliocarpus appendiculatus",NA,330,480,47.461722,7.77368260939607,1,NA,0.185,"BIOMASS+BIEN+Zanne"
"FCEA",1,"6SP",30,"Quercus insignis",1,150,170,NA,NA,0,NA,0.701,"BIOMASS (genus)"
"FCEA",1,"6SP",31,"Viburnum costaricanum",1,184,360,5.1051,2.54951273772607,0,NA,0.631,"BIOMASS (genus)"
"FCEA",1,"6SP",32,"Inga edulis",1,337,440,47.705196,7.79359621975258,0,NA,0.58,"BIOMASS+BIEN+Zanne"
"FCEA",1,"6SP",33,"Croton draco",1,430,600,59.509758,8.70460666447483,0,NA,0.51,"BIOMASS (genus)"
"FCEA",1,"6SP",34,"Inga edulis",1,158,250,12.64494,4.01248522100748,0,NA,0.58,"BIOMASS+BIEN+Zanne"
"FCEA",1,"6SP",35,"Saurauia montana",NA,103,160,NA,NA,0,NA,0.411,"BIOMASS (genus)"
"FCEA",1,"6SP",36,"Viburnum costaricanum",1,183,305,3.1416,2.00000233843363,0,NA,0.631,"BIOMASS (genus)"
"FCEA",1,"6SP",37,"Heliocarpus appendiculatus",1,340,536,78.406482,9.99150806665169,0,NA,0.185,"BIOMASS+BIEN+Zanne"
"FCEA",1,"6SP",38,"Saurauia montana",NA,107,210,1.130976,1.20000140306018,0,NA,0.411,"BIOMASS (genus)"
"FCEA",1,"6SP",39,"Croton draco",1,354,552,75.115656,9.77958197715644,0,NA,0.51,"BIOMASS (genus)"
"FCEA",1,"6SP",40,"Viburnum costaricanum",1,190,240,3.65211,2.1563883865674,0,NA,0.631,"BIOMASS (genus)"
"FCEA",1,"6SP",41,"Heliocarpus appendiculatus",1,245,390,35.822094,6.75352549828756,0,NA,0.185,"BIOMASS+BIEN+Zanne"
"FCEA",1,"6SP",42,"Inga edulis",1,170,180,3.96627,2.24722313291243,0,NA,0.58,"BIOMASS+BIEN+Zanne"
"FCEA",1,"6SP",43,"Croton draco",1,450,591,96.64347,11.092803421337,0,NA,0.51,"BIOMASS (genus)"
"FCEA",1,"6SP",44,"Saurauia montana",NA,154,193,1.327326,1.30000151998186,0,NA,0.411,"BIOMASS (genus)"
"FCEA",1,"6SP",45,"Inga edulis",1,340,460,15.331008,4.41814957264364,0,NA,0.58,"BIOMASS+BIEN+Zanne"
"FCEA",1,"6SP",46,"Quercus insignis",1,124,154,NA,NA,0,NA,0.701,"BIOMASS (genus)"
"FCEA",1,"6SP",47,"Saurauia montana",NA,110,205,1.539384,1.40000163690354,0,NA,0.411,"BIOMASS (genus)"
"FCEA",1,"6SP",48,"Quercus insignis",1,135,153,NA,NA,0,NA,0.701,"BIOMASS (genus)"
"FCEA",1,"6SP",49,"Viburnum costaricanum",1,226,320,13.681668,4.17373223093404,0,NA,0.631,"BIOMASS (genus)"
"FCEA",5,"6SP",2,"Inga edulis",1,224,285,24.017532,5.52992509075324,0,NA,0.58,"BIOMASS+BIEN+Zanne"
"FCEA",5,"6SP",3,"Saurauia montana",NA,60,23,NA,NA,0,NA,0.411,"BIOMASS (genus)"
"FCEA",5,"6SP",4,"Quercus insignis",1,134,188,0.950334,1.1000012861385,0,NA,0.701,"BIOMASS (genus)"
"FCEA",5,"6SP",5,"Heliocarpus appendiculatus",1,275,410,118.681794,12.2926951219378,0,NA,0.185,"BIOMASS+BIEN+Zanne"
"FCEA",5,"6SP",6,"Croton draco",1,192,360,29.044092,6.0811254283501,0,NA,0.51,"BIOMASS (genus)"
"FCEA",5,"6SP",7,"Viburnum costaricanum",NA,NA,15,NA,NA,1,1,0.631,"BIOMASS (genus)"
"FCEA",5,"6SP",8,"Croton draco",1,220,332,8.553006,3.30000385841549,0,NA,0.51,"BIOMASS (genus)"
"FCEA",5,"6SP",9,"Heliocarpus appendiculatus",1,157,175,0.7854,1.00000116921681,0,NA,0.185,"BIOMASS+BIEN+Zanne"
"FCEA",5,"6SP",10,"Viburnum costaricanum",NA,35,NA,NA,NA,1,1,0.631,"BIOMASS (genus)"
"FCEA",5,"6SP",11,"Saurauia montana",NA,NA,5,NA,NA,0,1,0.411,"BIOMASS (genus)"
"FCEA",5,"6SP",12,"Quercus insignis",1,58,57,NA,NA,0,NA,0.701,"BIOMASS (genus)"
"FCEA",5,"6SP",13,"Inga edulis",1,224,300,64.646274,9.0724964853443,0,NA,0.58,"BIOMASS+BIEN+Zanne"
"FCEA",5,"6SP",14,"Heliocarpus appendiculatus",NA,110,160,1.5708,1.41421521589537,0,NA,0.185,"BIOMASS+BIEN+Zanne"
"FCEA",5,"6SP",15,"Viburnum costaricanum",NA,34,57,NA,NA,1,NA,0.631,"BIOMASS (genus)"
"FCEA",5,"6SP",16,"Quercus insignis",1,67,63,NA,NA,0,NA,0.701,"BIOMASS (genus)"
"FCEA",5,"6SP",17,"Inga edulis",1,135,145,NA,NA,0,NA,0.58,"BIOMASS+BIEN+Zanne"
"FCEA",5,"6SP",18,"Croton draco",1,25,58,NA,NA,0,1,0.51,"BIOMASS (genus)"
"FCEA",5,"6SP",19,"Inga edulis",1,240,348,17.349486,4.70000549531903,0,NA,0.58,"BIOMASS+BIEN+Zanne"
"FCEA",5,"6SP",20,"Saurauia montana",NA,14,28,NA,NA,0,NA,0.411,"BIOMASS (genus)"
"FCEA",5,"6SP",21,"Quercus insignis",NA,63,43,NA,NA,1,NA,0.701,"BIOMASS (genus)"
"FCEA",5,"6SP",22,"Saurauia montana",NA,48,NA,NA,NA,0,NA,0.411,"BIOMASS (genus)"
"FCEA",5,"6SP",23,"Croton draco",1,75,112,NA,NA,0,1,0.51,"BIOMASS (genus)"
"FCEA",5,"6SP",24,"Heliocarpus appendiculatus",1,122,100,NA,NA,0,NA,0.185,"BIOMASS+BIEN+Zanne"
"FCEA",5,"6SP",25,"Viburnum costaricanum",1,NA,48,NA,NA,0,NA,0.631,"BIOMASS (genus)"
"FCEA",5,"6SP",26,"Quercus insignis",1,64,50,NA,NA,0,NA,0.701,"BIOMASS (genus)"
"FCEA",5,"6SP",27,"Heliocarpus appendiculatus",1,188,155,4.90875,2.50000292304204,0,NA,0.185,"BIOMASS+BIEN+Zanne"
"FCEA",5,"6SP",28,"Croton draco",1,230,305,12.739188,4.0274108220314,0,NA,0.51,"BIOMASS (genus)"
"FCEA",5,"6SP",29,"Heliocarpus appendiculatus",NA,NA,32,NA,NA,1,1,0.185,"BIOMASS+BIEN+Zanne"
"FCEA",5,"6SP",30,"Quercus insignis",1,30,40,NA,NA,0,NA,0.701,"BIOMASS (genus)"
"FCEA",5,"6SP",31,"Viburnum costaricanum",NA,NA,55,NA,NA,1,1,0.631,"BIOMASS (genus)"
"FCEA",5,"6SP",32,"Inga edulis",1,112,105,NA,NA,0,NA,0.58,"BIOMASS+BIEN+Zanne"
"FCEA",5,"6SP",33,"Croton draco",1,185,127,NA,NA,0,NA,0.51,"BIOMASS (genus)"
"FCEA",5,"6SP",34,"Inga edulis",1,95,155,1.76715,1.50000175382522,0,NA,0.58,"BIOMASS+BIEN+Zanne"
"FCEA",5,"6SP",35,"Saurauia montana",NA,78,78,NA,NA,0,NA,0.411,"BIOMASS (genus)"
"FCEA",5,"6SP",36,"Viburnum costaricanum",1,90,125,NA,NA,0,NA,0.631,"BIOMASS (genus)"
"FCEA",5,"6SP",37,"Heliocarpus appendiculatus",1,310,377,19.030242,4.92240354504585,0,NA,0.185,"BIOMASS+BIEN+Zanne"
"FCEA",5,"6SP",38,"Saurauia montana",NA,72,50,NA,NA,0,NA,0.411,"BIOMASS (genus)"
"FCEA",5,"6SP",39,"Croton draco",1,105,158,0.7854,1.00000116921681,0,NA,0.51,"BIOMASS (genus)"
"FCEA",5,"6SP",40,"Viburnum costaricanum",NA,NA,58,NA,NA,1,1,0.631,"BIOMASS (genus)"
"FCEA",5,"6SP",41,"Heliocarpus appendiculatus",1,77,85,NA,NA,0,NA,0.185,"BIOMASS+BIEN+Zanne"
"FCEA",5,"6SP",42,"Inga edulis",1,127,225,17.718624,4.74974238828734,0,NA,0.58,"BIOMASS+BIEN+Zanne"
"FCEA",5,"6SP",43,"Croton draco",1,237,280,19.689978,5.00700096111089,0,NA,0.51,"BIOMASS (genus)"
"FCEA",5,"6SP",44,"Saurauia montana",NA,85,0,NA,NA,0,NA,0.411,"BIOMASS (genus)"
"FCEA",5,"6SP",45,"Inga edulis",1,110,NA,NA,NA,0,NA,0.58,"BIOMASS+BIEN+Zanne"
"FCEA",5,"6SP",46,"Quercus insignis",NA,63,60,NA,NA,1,NA,0.701,"BIOMASS (genus)"
"FCEA",5,"6SP",47,"Saurauia montana",NA,30,78,NA,NA,0,NA,0.411,"BIOMASS (genus)"
"FCEA",5,"6SP",48,"Quercus insignis",1,84,84,NA,NA,0,NA,0.701,"BIOMASS (genus)"
"FCEA",5,"6SP",49,"Viburnum costaricanum",NA,NA,37,NA,NA,1,1,0.631,"BIOMASS (genus)"
"FCEA",3,"6SP",2,"Inga edulis",1,172,260,6.628776,2.90517120603784,0,NA,0.58,"BIOMASS+BIEN+Zanne"
"FCEA",3,"6SP",3,"Saurauia montana",NA,41,75,NA,NA,0,1,0.411,"BIOMASS (genus)"
"FCEA",3,"6SP",4,"Quercus insignis",1,49,66,NA,NA,0,NA,0.701,"BIOMASS (genus)"
"FCEA",3,"6SP",5,"Heliocarpus appendiculatus",1,340,436,61.81098,8.87131241896227,0,NA,0.185,"BIOMASS+BIEN+Zanne"
"FCEA",3,"6SP",6,"Croton draco",1,352,612,81.500958,10.1867680183363,0,NA,0.51,"BIOMASS (genus)"
"FCEA",3,"6SP",7,"Viburnum costaricanum",1,150,234,0.7854,1.00000116921681,0,NA,0.631,"BIOMASS (genus)"
"FCEA",3,"6SP",8,"Croton draco",1,NA,573,70.88235,9.50001110755974,0,1,0.51,"BIOMASS (genus)"
"FCEA",3,"6SP",9,"Heliocarpus appendiculatus",NA,388,94,NA,NA,1,1,0.185,"BIOMASS+BIEN+Zanne"
"FCEA",3,"6SP",10,"Viburnum costaricanum",1,10,53,NA,NA,0,NA,0.631,"BIOMASS (genus)"
"FCEA",3,"6SP",11,"Saurauia montana",NA,810,210,0.7854,1.00000116921681,0,NA,0.411,"BIOMASS (genus)"
"FCEA",3,"6SP",12,"Quercus insignis",1,170,368,33.567996,6.5375912953252,0,NA,0.701,"BIOMASS (genus)"
"FCEA",3,"6SP",13,"Inga edulis",1,123,156,NA,NA,0,NA,0.58,"BIOMASS+BIEN+Zanne"
"FCEA",3,"6SP",14,"Heliocarpus appendiculatus",1,132,240,4.586736,2.41661202025902,0,NA,0.185,"BIOMASS+BIEN+Zanne"
"FCEA",3,"6SP",15,"Viburnum costaricanum",1,10,NA,NA,NA,0,1,0.631,"BIOMASS (genus)"
"FCEA",3,"6SP",16,"Quercus insignis",1,NA,50,NA,NA,0,1,0.701,"BIOMASS (genus)"
"FCEA",3,"6SP",17,"Inga edulis",1,265,472,29.224734,6.10000713222257,0,NA,0.58,"BIOMASS+BIEN+Zanne"
"FCEA",3,"6SP",18,"Croton draco",1,395,547,59.446926,8.70001017218629,0,NA,0.51,"BIOMASS (genus)"
"FCEA",3,"6SP",19,"Inga edulis",1,214,363,19.71354,5.00999587771471,0,0,0.58,"BIOMASS+BIEN+Zanne"
"FCEA",3,"6SP",20,"Saurauia montana",NA,15,138,NA,NA,0,1,0.411,"BIOMASS (genus)"
"FCEA",3,"6SP",21,"Quercus insignis",1,26,31,NA,NA,0,NA,0.701,"BIOMASS (genus)"
"FCEA",3,"6SP",22,"Saurauia montana",NA,63,128,NA,NA,0,NA,0.411,"BIOMASS (genus)"
"FCEA",3,"6SP",23,"Croton draco",1,341,600,32.169984,6.40000748298762,0,NA,0.51,"BIOMASS (genus)"
"FCEA",3,"6SP",24,"Heliocarpus appendiculatus",1,322,536,44.940588,7.56439910404326,0,NA,0.185,"BIOMASS+BIEN+Zanne"
"FCEA",3,"6SP",25,"Viburnum costaricanum",1,145,330,4.877334,2.49199007254871,0,NA,0.631,"BIOMASS (genus)"
"FCEA",3,"6SP",26,"Quercus insignis",1,57,57,NA,NA,0,NA,0.701,"BIOMASS (genus)"
"FCEA",3,"6SP",27,"Heliocarpus appendiculatus",1,270,500,26.420856,5.80000678145753,0,NA,0.185,"BIOMASS+BIEN+Zanne"
"FCEA",3,"6SP",28,"Croton draco",1,365,514,32.169984,6.40000748298762,0,NA,0.51,"BIOMASS (genus)"
"FCEA",3,"6SP",29,"Heliocarpus appendiculatus",1,NA,NA,NA,NA,0,1,0.185,"BIOMASS+BIEN+Zanne"
"FCEA",3,"6SP",30,"Quercus insignis",1,77,86,NA,NA,0,NA,0.701,"BIOMASS (genus)"
"FCEA",3,"6SP",31,"Viburnum costaricanum",1,114,245,1.5708,1.41421521589537,0,NA,0.631,"BIOMASS (genus)"
"FCEA",3,"6SP",32,"Inga edulis",1,240,410,19.635,5.00000584608407,0,NA,0.58,"BIOMASS+BIEN+Zanne"
"FCEA",3,"6SP",33,"Croton draco",1,398,558,81.44598,10.1833316009894,0,NA,0.51,"BIOMASS (genus)"
"FCEA",3,"6SP",34,"Inga edulis",1,200,215,5.568486,2.66270850441879,0,NA,0.58,"BIOMASS+BIEN+Zanne"
"FCEA",3,"6SP",35,"Saurauia montana",NA,90,213,2.269806,1.70000198766859,0,NA,0.411,"BIOMASS (genus)"
"FCEA",3,"6SP",36,"Viburnum costaricanum",NA,42,NA,NA,NA,1,NA,0.631,"BIOMASS (genus)"
"FCEA",3,"6SP",37,"Heliocarpus appendiculatus",1,135,260,8.725794,3.3331705596943,0,NA,0.185,"BIOMASS+BIEN+Zanne"
"FCEA",3,"6SP",38,"Saurauia montana",NA,90,25,NA,NA,0,NA,0.411,"BIOMASS (genus)"
"FCEA",3,"6SP",39,"Croton draco",1,245,350,18.88887,4.90408566802841,0,NA,0.51,"BIOMASS (genus)"
"FCEA",3,"6SP",40,"Viburnum costaricanum",1,210,270,5.37999,2.61725352579373,0,NA,0.631,"BIOMASS (genus)"
"FCEA",3,"6SP",41,"Heliocarpus appendiculatus",1,198,360,23.907576,5.51725214050992,0,NA,0.185,"BIOMASS+BIEN+Zanne"
"FCEA",3,"6SP",42,"Inga edulis",1,162,175,4.194036,2.31084670353593,0,NA,0.58,"BIOMASS+BIEN+Zanne"
"FCEA",3,"6SP",43,"Croton draco",1,465,741,93.635388,10.9188039083143,0,NA,0.51,"BIOMASS (genus)"
"FCEA",3,"6SP",44,"Saurauia montana",NA,96,204,1.327326,1.30000151998186,0,NA,0.411,"BIOMASS (genus)"
"FCEA",3,"6SP",45,"Inga edulis",1,142,150,8.592276,3.30757094897129,0,NA,0.58,"BIOMASS+BIEN+Zanne"
"FCEA",3,"6SP",46,"Quercus insignis",1,105,120,NA,NA,0,NA,0.701,"BIOMASS (genus)"
"FCEA",3,"6SP",47,"Saurauia montana",NA,88,137,NA,NA,0,NA,0.411,"BIOMASS (genus)"
"FCEA",3,"6SP",48,"Quercus insignis",1,68,20,NA,NA,0,NA,0.701,"BIOMASS (genus)"
"FCEA",3,"6SP",49,"Viburnum costaricanum",1,68,150,NA,NA,0,NA,0.631,"BIOMASS (genus)"
"FCEA",2,"6SP",2,"Saurauia montana",NA,114,120,NA,NA,0,NA,0.411,"BIOMASS (genus)"
"FCEA",2,"6SP",3,"Croton draco",1,324,500,37.644222,6.92315766693128,0,NA,0.51,"BIOMASS (genus)"
"FCEA",2,"6SP",4,"Inga edulis",1,121,153,3.84846,2.21359695028962,0,NA,0.58,"BIOMASS+BIEN+Zanne"
"FCEA",2,"6SP",5,"Quercus insignis",1,54,55,NA,NA,0,NA,0.701,"BIOMASS (genus)"
"FCEA",2,"6SP",6,"Viburnum costaricanum",1,46,92,NA,NA,0,NA,0.631,"BIOMASS (genus)"
"FCEA",2,"6SP",7,"Heliocarpus appendiculatus",1,274,371,28.415772,6.0149883295463,0,NA,0.185,"BIOMASS+BIEN+Zanne"
"FCEA",2,"6SP",8,"Quercus insignis",1,72,82,NA,NA,0,NA,0.701,"BIOMASS (genus)"
"FCEA",2,"6SP",9,"Viburnum costaricanum",1,NA,NA,NA,NA,0,NA,0.631,"BIOMASS (genus)"
"FCEA",2,"6SP",10,"Saurauia montana",NA,78,134,NA,NA,0,NA,0.411,"BIOMASS (genus)"
"FCEA",2,"6SP",11,"Heliocarpus appendiculatus",1,136,230,4.759524,2.46170960328713,0,NA,0.185,"BIOMASS+BIEN+Zanne"
"FCEA",2,"6SP",12,"Croton draco",1,325,450,81.477396,10.1852954100137,0,NA,0.51,"BIOMASS (genus)"
"FCEA",2,"6SP",13,"Inga edulis",1,150,198,8.058204,3.20312722075522,0,NA,0.58,"BIOMASS+BIEN+Zanne"
"FCEA",2,"6SP",14,"Quercus insignis",1,53,60,NA,NA,0,NA,0.701,"BIOMASS (genus)"
"FCEA",2,"6SP",15,"Viburnum costaricanum",NA,66,49,NA,NA,1,NA,0.631,"BIOMASS (genus)"
"FCEA",2,"6SP",16,"Inga edulis",1,108,156,NA,NA,0,NA,0.58,"BIOMASS+BIEN+Zanne"
"FCEA",2,"6SP",17,"Croton draco",1,200,322,23.79762,5.50455001381406,0,NA,0.51,"BIOMASS (genus)"
"FCEA",2,"6SP",18,"Quercus insignis",1,30,28,NA,NA,0,NA,0.701,"BIOMASS (genus)"
"FCEA",2,"6SP",19,"Heliocarpus appendiculatus",1,102,140,NA,NA,0,NA,0.185,"BIOMASS+BIEN+Zanne"
"FCEA",2,"6SP",20,"Saurauia montana",NA,117,82,NA,NA,0,NA,0.411,"BIOMASS (genus)"
"FCEA",2,"6SP",21,"Viburnum costaricanum",1,146,156,NA,NA,0,NA,0.631,"BIOMASS (genus)"
"FCEA",2,"6SP",22,"Saurauia montana",NA,50,138,NA,NA,0,NA,0.411,"BIOMASS (genus)"
"FCEA",2,"6SP",23,"Heliocarpus appendiculatus",1,123,193,2.898126,1.92093951722201,0,NA,0.185,"BIOMASS+BIEN+Zanne"
"FCEA",2,"6SP",24,"Viburnum costaricanum",NA,NA,26,NA,NA,1,NA,0.631,"BIOMASS (genus)"
"FCEA",2,"6SP",25,"Croton draco",1,250,319,32.688348,6.45136398955016,0,NA,0.51,"BIOMASS (genus)"
"FCEA",2,"6SP",26,"Saurauia montana",NA,80,94,NA,NA,0,NA,0.411,"BIOMASS (genus)"
"FCEA",2,"6SP",27,"Quercus insignis",1,76,68,NA,NA,0,NA,0.701,"BIOMASS (genus)"
"FCEA",2,"6SP",28,"Inga edulis",1,138,200,10.901352,3.72559155805863,0,NA,0.58,"BIOMASS+BIEN+Zanne"
"FCEA",2,"6SP",29,"Quercus insignis",1,79,90,NA,NA,0,NA,0.701,"BIOMASS (genus)"
"FCEA",2,"6SP",30,"Viburnum costaricanum",NA,NA,27,NA,NA,1,NA,0.631,"BIOMASS (genus)"
"FCEA",2,"6SP",31,"Inga edulis",NA,24,55,NA,NA,0,NA,0.58,"BIOMASS+BIEN+Zanne"
"FCEA",2,"6SP",32,"Heliocarpus appendiculatus",NA,192,235,6.141828,2.79642956045055,1,NA,0.185,"BIOMASS+BIEN+Zanne"
"FCEA",2,"6SP",33,"Inga edulis",1,32,29,NA,NA,0,NA,0.58,"BIOMASS+BIEN+Zanne"
"FCEA",2,"6SP",34,"Croton draco",1,278,487,51.632196,8.10803020028396,0,NA,0.51,"BIOMASS (genus)"
"FCEA",2,"6SP",35,"Saurauia montana",NA,55,120,NA,NA,0,NA,0.411,"BIOMASS (genus)"
"FCEA",2,"6SP",36,"Croton draco",1,408,590,97.58595,11.1467614377696,0,NA,0.51,"BIOMASS (genus)"
"FCEA",2,"6SP",37,"Inga edulis",1,195,375,60.648588,8.78750138400845,0,NA,0.58,"BIOMASS+BIEN+Zanne"
"FCEA",2,"6SP",38,"Heliocarpus appendiculatus",1,107,275,9.102786,3.40441288660198,0,NA,0.185,"BIOMASS+BIEN+Zanne"
"FCEA",2,"6SP",39,"Saurauia montana",NA,76,110,NA,NA,0,NA,0.411,"BIOMASS (genus)"
"FCEA",2,"6SP",40,"Viburnum costaricanum",1,92,128,NA,NA,0,NA,0.631,"BIOMASS (genus)"
"FCEA",2,"6SP",41,"Heliocarpus appendiculatus",1,174,314,23.52273,5.47266571573015,0,NA,0.185,"BIOMASS+BIEN+Zanne"
"FCEA",2,"6SP",42,"Quercus insignis",1,78,88,NA,NA,0,NA,0.701,"BIOMASS (genus)"
"FCEA",2,"6SP",43,"Quercus insignis",1,83,165,NA,NA,0,NA,0.701,"BIOMASS (genus)"
"FCEA",2,"6SP",44,"Saurauia montana",NA,65,103,NA,NA,0,NA,0.411,"BIOMASS (genus)"
"FCEA",2,"6SP",45,"Croton draco",1,354,573,87.422874,10.5503677799022,0,NA,0.51,"BIOMASS (genus)"
"FCEA",2,"6SP",46,"Viburnum costaricanum",1,134,219,2.269806,1.70000198766859,0,NA,0.631,"BIOMASS (genus)"
"FCEA",2,"6SP",47,"Inga edulis",1,218,453,71.777706,9.5598228911196,0,NA,0.58,"BIOMASS+BIEN+Zanne"
"FCEA",2,"6SP",48,"Croton draco",1,384,614,129.653832,12.8483612195816,0,NA,0.51,"BIOMASS (genus)"
"FCEA",2,"6SP",49,"Heliocarpus appendiculatus",1,140,250,11.765292,3.87040502141007,0,NA,0.185,"BIOMASS+BIEN+Zanne"
"FCEA",4,"6SP",2,"Saurauia montana",NA,NA,69,NA,NA,0,1,0.411,"BIOMASS (genus)"
"FCEA",4,"6SP",3,"Croton draco",1,275,365,17.82858,4.76445727050568,0,NA,0.51,"BIOMASS (genus)"
"FCEA",4,"6SP",4,"Inga edulis",1,150,183,4.390386,2.36432084790784,0,NA,0.58,"BIOMASS+BIEN+Zanne"
"FCEA",4,"6SP",5,"Quercus insignis",1,NA,85,NA,NA,0,1,0.701,"BIOMASS (genus)"
"FCEA",4,"6SP",6,"Viburnum costaricanum",1,94,110,NA,NA,0,NA,0.631,"BIOMASS (genus)"
"FCEA",4,"6SP",7,"Heliocarpus appendiculatus",1,262,397,89.865468,10.6967409786221,0,NA,0.185,"BIOMASS+BIEN+Zanne"
"FCEA",4,"6SP",8,"Quercus insignis",1,80,122,NA,NA,0,NA,0.701,"BIOMASS (genus)"
"FCEA",4,"6SP",9,"Viburnum costaricanum",1,135,215,NA,NA,0,1,0.631,"BIOMASS (genus)"
"FCEA",4,"6SP",10,"Saurauia montana",NA,58,15,NA,NA,0,NA,0.411,"BIOMASS (genus)"
"FCEA",4,"6SP",11,"Heliocarpus appendiculatus",1,210,250,4.971582,2.51595206677185,0,NA,0.185,"BIOMASS+BIEN+Zanne"
"FCEA",4,"6SP",12,"Croton draco",1,200,245,13.807332,4.19285596099929,0,NA,0.51,"BIOMASS (genus)"
"FCEA",4,"6SP",13,"Inga edulis",1,116,113,NA,NA,0,NA,0.58,"BIOMASS+BIEN+Zanne"
"FCEA",4,"6SP",14,"Quercus insignis",1,73,NA,NA,NA,0,NA,0.701,"BIOMASS (genus)"
"FCEA",4,"6SP",15,"Viburnum costaricanum",NA,NA,55,NA,NA,1,1,0.631,"BIOMASS (genus)"
"FCEA",4,"6SP",16,"Inga edulis",1,165,180,3.055206,1.97231059838762,0,NA,0.58,"BIOMASS+BIEN+Zanne"
"FCEA",4,"6SP",17,"Croton draco",1,185,205,3.400782,2.08086763765107,0,NA,0.51,"BIOMASS (genus)"
"FCEA",4,"6SP",18,"Quercus insignis",1,80,57,NA,NA,0,NA,0.701,"BIOMASS (genus)"
"FCEA",4,"6SP",19,"Heliocarpus appendiculatus",1,190,227,5.1051,2.54951273772607,0,NA,0.185,"BIOMASS+BIEN+Zanne"
"FCEA",4,"6SP",20,"Saurauia montana",NA,94,92,NA,NA,0,NA,0.411,"BIOMASS (genus)"
"FCEA",4,"6SP",21,"Viburnum costaricanum",1,72,97,NA,NA,0,NA,0.631,"BIOMASS (genus)"
"FCEA",4,"6SP",22,"Saurauia montana",NA,17,NA,NA,NA,0,1,0.411,"BIOMASS (genus)"
"FCEA",4,"6SP",23,"Heliocarpus appendiculatus",1,267,305,15.998598,4.5133189156009,0,NA,0.185,"BIOMASS+BIEN+Zanne"
"FCEA",4,"6SP",24,"Viburnum costaricanum",NA,5,6,NA,NA,1,1,0.631,"BIOMASS (genus)"
"FCEA",4,"6SP",25,"Croton draco",1,223,316,14.5299,4.30116766251299,0,NA,0.51,"BIOMASS (genus)"
"FCEA",4,"6SP",26,"Saurauia montana",NA,NA,20,NA,NA,0,1,0.411,"BIOMASS (genus)"
"FCEA",4,"6SP",27,"Quercus insignis",1,106,138,NA,NA,0,NA,0.701,"BIOMASS (genus)"
"FCEA",4,"6SP",28,"Inga edulis",1,148,170,3.306534,2.05183085190065,0,NA,0.58,"BIOMASS+BIEN+Zanne"
"FCEA",4,"6SP",29,"Quercus insignis",1,76,77,NA,NA,0,NA,0.701,"BIOMASS (genus)"
"FCEA",4,"6SP",30,"Viburnum costaricanum",NA,22,40,NA,NA,1,1,0.631,"BIOMASS (genus)"
"FCEA",4,"6SP",31,"Inga edulis",1,164,210,11.435424,3.8157612671148,0,NA,0.58,"BIOMASS+BIEN+Zanne"
"FCEA",4,"6SP",32,"Heliocarpus appendiculatus",1,257,330,32.978946,6.47997671221784,0,NA,0.185,"BIOMASS+BIEN+Zanne"
"FCEA",4,"6SP",33,"Inga edulis",1,264,290,69.028806,9.37497762797607,0,NA,0.58,"BIOMASS+BIEN+Zanne"
"FCEA",4,"6SP",34,"Croton draco",1,240,335,11.70246,3.86005632636124,0,NA,0.51,"BIOMASS (genus)"
"FCEA",4,"6SP",35,"Saurauia montana",NA,NA,54,NA,NA,0,1,0.411,"BIOMASS (genus)"
"FCEA",4,"6SP",36,"Croton draco",1,275,488,45.066252,7.57496760253139,0,NA,0.51,"BIOMASS (genus)"
"FCEA",4,"6SP",37,"Inga edulis",1,240,277,36.858822,6.85055543315682,0,NA,0.58,"BIOMASS+BIEN+Zanne"
"FCEA",4,"6SP",38,"Heliocarpus appendiculatus",1,360,437,47.925108,7.81153907314708,0,NA,0.185,"BIOMASS+BIEN+Zanne"
"FCEA",4,"6SP",39,"Saurauia montana",NA,NA,16,NA,NA,0,1,0.411,"BIOMASS (genus)"
"FCEA",4,"6SP",40,"Viburnum costaricanum",NA,90,124,NA,NA,1,NA,0.631,"BIOMASS (genus)"
"FCEA",4,"6SP",41,"Heliocarpus appendiculatus",1,250,300,22.89441,5.39908030736533,0,NA,0.185,"BIOMASS+BIEN+Zanne"
"FCEA",4,"6SP",42,"Quercus insignis",1,53,NA,NA,NA,0,NA,0.701,"BIOMASS (genus)"
"FCEA",4,"6SP",43,"Quercus insignis",1,56,64,NA,NA,0,1,0.701,"BIOMASS (genus)"
"FCEA",4,"6SP",44,"Saurauia montana",NA,18,55,NA,NA,0,NA,0.411,"BIOMASS (genus)"
"FCEA",4,"6SP",45,"Croton draco",1,210,300,29.562456,6.13515183338549,0,NA,0.51,"BIOMASS (genus)"
"FCEA",4,"6SP",46,"Viburnum costaricanum",NA,156,225,6.79371,2.94109167274037,1,NA,0.631,"BIOMASS (genus)"
"FCEA",4,"6SP",47,"Inga edulis",NA,48,7,NA,NA,1,NA,0.58,"BIOMASS+BIEN+Zanne"
"FCEA",4,"6SP",48,"Croton draco",1,160,200,3.408636,2.08326910139038,0,NA,0.51,"BIOMASS (genus)"
"FCEA",4,"6SP",49,"Heliocarpus appendiculatus",1,187,215,3.306534,2.05183085190065,0,NA,0.185,"BIOMASS+BIEN+Zanne"
"FCEA",6,"6SP",2,"Saurauia montana",NA,80,7,NA,NA,0,NA,0.411,"BIOMASS (genus)"
"FCEA",6,"6SP",3,"Croton draco",1,67,75,NA,NA,1,NA,0.51,"BIOMASS (genus)"
"FCEA",6,"6SP",4,"Inga edulis",1,110,107,NA,NA,0,NA,0.58,"BIOMASS+BIEN+Zanne"
"FCEA",6,"6SP",5,"Quercus insignis",1,66,59,NA,NA,0,NA,0.701,"BIOMASS (genus)"
"FCEA",6,"6SP",6,"Viburnum costaricanum",1,71,60,NA,NA,0,NA,0.631,"BIOMASS (genus)"
"FCEA",6,"6SP",7,"Heliocarpus appendiculatus",NA,14,NA,NA,NA,1,1,0.185,"BIOMASS+BIEN+Zanne"
"FCEA",6,"6SP",8,"Quercus insignis",1,68,52,NA,NA,0,NA,0.701,"BIOMASS (genus)"
"FCEA",6,"6SP",9,"Viburnum costaricanum",1,87,44,NA,NA,0,NA,0.631,"BIOMASS (genus)"
"FCEA",6,"6SP",10,"Saurauia montana",NA,NA,NA,NA,NA,0,1,0.411,"BIOMASS (genus)"
"FCEA",6,"6SP",11,"Heliocarpus appendiculatus",1,87,181,NA,NA,0,NA,0.185,"BIOMASS+BIEN+Zanne"
"FCEA",6,"6SP",12,"Croton draco",NA,58,40,NA,NA,1,NA,0.51,"BIOMASS (genus)"
"FCEA",6,"6SP",13,"Inga edulis",1,107,115,NA,NA,0,NA,0.58,"BIOMASS+BIEN+Zanne"
"FCEA",6,"6SP",14,"Quercus insignis",NA,48,46,NA,NA,1,NA,0.701,"BIOMASS (genus)"
"FCEA",6,"6SP",15,"Viburnum costaricanum",NA,85,89,NA,NA,1,NA,0.631,"BIOMASS (genus)"
"FCEA",6,"6SP",16,"Inga edulis",1,64,20,NA,NA,0,NA,0.58,"BIOMASS+BIEN+Zanne"
"FCEA",6,"6SP",17,"Croton draco",1,115,153,NA,NA,0,NA,0.51,"BIOMASS (genus)"
"FCEA",6,"6SP",18,"Quercus insignis",NA,55,NA,NA,NA,1,NA,0.701,"BIOMASS (genus)"
"FCEA",6,"6SP",19,"Heliocarpus appendiculatus",NA,NA,46,NA,NA,1,1,0.185,"BIOMASS+BIEN+Zanne"
"FCEA",6,"6SP",20,"Saurauia montana",NA,51,NA,NA,NA,0,NA,0.411,"BIOMASS (genus)"
"FCEA",6,"6SP",21,"Viburnum costaricanum",NA,20,21,NA,NA,1,1,0.631,"BIOMASS (genus)"
"FCEA",6,"6SP",22,"Saurauia montana",NA,110,80,NA,NA,0,NA,0.411,"BIOMASS (genus)"
"FCEA",6,"6SP",23,"Heliocarpus appendiculatus",NA,28,49,NA,NA,1,NA,0.185,"BIOMASS+BIEN+Zanne"
"FCEA",6,"6SP",24,"Viburnum costaricanum",NA,1,31,NA,NA,1,1,0.631,"BIOMASS (genus)"
"FCEA",6,"6SP",25,"Croton draco",1,160,210,NA,NA,0,NA,0.51,"BIOMASS (genus)"
"FCEA",6,"6SP",26,"Saurauia montana",NA,15,NA,NA,NA,0,NA,0.411,"BIOMASS (genus)"
"FCEA",6,"6SP",27,"Quercus insignis",1,75,34,NA,NA,0,NA,0.701,"BIOMASS (genus)"
"FCEA",6,"6SP",28,"Inga edulis",1,173,192,8.780772,3.34365460891272,0,NA,0.58,"BIOMASS+BIEN+Zanne"
"FCEA",6,"6SP",29,"Quercus insignis",NA,64,62,NA,NA,1,NA,0.701,"BIOMASS (genus)"
"FCEA",6,"6SP",30,"Viburnum costaricanum",NA,NA,66,NA,NA,1,1,0.631,"BIOMASS (genus)"
"FCEA",6,"6SP",31,"Inga edulis",NA,96,91,NA,NA,1,NA,0.58,"BIOMASS+BIEN+Zanne"
"FCEA",6,"6SP",32,"Heliocarpus appendiculatus",1,148,175,1.327326,1.30000151998186,0,NA,0.185,"BIOMASS+BIEN+Zanne"
"FCEA",6,"6SP",33,"Inga edulis",NA,70,57,NA,NA,1,NA,0.58,"BIOMASS+BIEN+Zanne"
"FCEA",6,"6SP",34,"Croton draco",1,120,147,NA,NA,0,NA,0.51,"BIOMASS (genus)"
"FCEA",6,"6SP",35,"Saurauia montana",NA,120,91,NA,NA,0,NA,0.411,"BIOMASS (genus)"
"FCEA",6,"6SP",36,"Croton draco",1,128,220,8.710086,3.33016905475445,0,NA,0.51,"BIOMASS (genus)"
"FCEA",6,"6SP",37,"Inga edulis",1,104,NA,NA,NA,0,NA,0.58,"BIOMASS+BIEN+Zanne"
"FCEA",6,"6SP",38,"Heliocarpus appendiculatus",1,132,200,1.130976,1.20000140306018,0,NA,0.185,"BIOMASS+BIEN+Zanne"
"FCEA",6,"6SP",39,"Saurauia montana",NA,94,108,NA,NA,0,NA,0.411,"BIOMASS (genus)"
"FCEA",6,"6SP",40,"Viburnum costaricanum",1,66,72,NA,NA,0,NA,0.631,"BIOMASS (genus)"
"FCEA",6,"6SP",41,"Heliocarpus appendiculatus",1,91,60,NA,NA,0,NA,0.185,"BIOMASS+BIEN+Zanne"
"FCEA",6,"6SP",42,"Quercus insignis",1,45,50,NA,NA,0,NA,0.701,"BIOMASS (genus)"
"FCEA",6,"6SP",43,"Quercus insignis",1,NA,40,NA,NA,0,1,0.701,"BIOMASS (genus)"
"FCEA",6,"6SP",44,"Saurauia montana",NA,NA,60,NA,NA,0,1,0.411,"BIOMASS (genus)"
"FCEA",6,"6SP",45,"Croton draco",1,74,121,NA,NA,0,NA,0.51,"BIOMASS (genus)"
"FCEA",6,"6SP",46,"Viburnum costaricanum",NA,18,NA,NA,NA,1,1,0.631,"BIOMASS (genus)"
"FCEA",6,"6SP",47,"Inga edulis",1,50,47,NA,NA,0,NA,0.58,"BIOMASS+BIEN+Zanne"
"FCEA",6,"6SP",48,"Croton draco",1,136,158,0.7854,1.00000116921681,0,NA,0.51,"BIOMASS (genus)"
"FCEA",6,"6SP",49,"Heliocarpus appendiculatus",1,145,150,NA,NA,0,NA,0.185,"BIOMASS+BIEN+Zanne"
"FCEA",1,"12SP",2,"Zygia longifolia",1,150,180,6.683754,2.91719383999107,0,NA,0.71,"BIOMASS+BIEN+Zanne"
"FCEA",1,"12SP",3,"Cedrela tonduzii",NA,43,21,NA,NA,1,1,0.36,"BIOMASS+BIEN+Zanne"
"FCEA",1,"12SP",4,"Ocotea puberula",1,NA,60,NA,NA,0,NA,0.433,"BIOMASS+BIEN+Zanne"
"FCEA",1,"12SP",5,"Heliocarpus appendiculatus",1,237,NA,NA,NA,0,NA,0.185,"BIOMASS+BIEN+Zanne"
"FCEA",1,"12SP",6,"Croton draco",1,305,312,23.373504,5.45527905719089,0,NA,0.51,"BIOMASS (genus)"
"FCEA",1,"12SP",7,"Cordia alliodora",1,140,237,3.801336,2.20000257227699,0,NA,0.469,"BIOMASS+BIEN+Zanne+TWDD+CIRAD"
"FCEA",1,"12SP",8,"Ocotea puberula",1,43,NA,NA,NA,0,NA,0.433,"BIOMASS+BIEN+Zanne"
"FCEA",1,"12SP",9,"Erythrina poeppigiana",1,70,94,NA,NA,0,NA,0.302,"BIOMASS+BIEN+Zanne"
"FCEA",1,"12SP",10,"Cordia alliodora",1,180,242,3.463614,2.10000245535531,0,NA,0.469,"BIOMASS+BIEN+Zanne+TWDD+CIRAD"
"FCEA",1,"12SP",11,"Saurauia montana",NA,99,115,NA,NA,0,NA,0.411,"BIOMASS (genus)"
"FCEA",1,"12SP",12,"Inga edulis",1,392,392,47.446014,7.77239610833481,0,NA,0.58,"BIOMASS+BIEN+Zanne"
"FCEA",1,"12SP",13,"Cedrela tonduzii",1,76,NA,NA,NA,0,NA,0.36,"BIOMASS+BIEN+Zanne"
"FCEA",1,"12SP",14,"Quercus insignis",1,75,40,NA,NA,0,NA,0.701,"BIOMASS (genus)"
"FCEA",1,"12SP",15,"Saurauia montana",NA,60,166,2.010624,1.6000018707469,0,NA,0.411,"BIOMASS (genus)"
"FCEA",1,"12SP",16,"Inga edulis",1,200,290,54.318264,8.31625887801506,0,NA,0.58,"BIOMASS+BIEN+Zanne"
"FCEA",1,"12SP",17,"Quercus insignis",1,52,58,NA,NA,0,NA,0.701,"BIOMASS (genus)"
"FCEA",1,"12SP",18,"Zygia longifolia",1,115,168,3.306534,2.05183085190065,0,NA,0.71,"BIOMASS+BIEN+Zanne"
"FCEA",1,"12SP",19,"Cupania rufescens",1,17,NA,NA,NA,0,NA,0.608,"BIOMASS (genus)"
"FCEA",1,"12SP",20,"Viburnum costaricanum",1,184,168,NA,NA,0,NA,0.631,"BIOMASS (genus)"
"FCEA",1,"12SP",21,"Erythrina poeppigiana",1,144,184,6.16539,2.80178842111868,0,NA,0.302,"BIOMASS+BIEN+Zanne"
"FCEA",1,"12SP",22,"Heliocarpus appendiculatus",1,275,270,29.798076,6.1595526396179,0,NA,0.185,"BIOMASS+BIEN+Zanne"
"FCEA",1,"12SP",23,"Cupania rufescens",1,19,NA,NA,NA,0,NA,0.608,"BIOMASS (genus)"
"FCEA",1,"12SP",24,"Viburnum costaricanum",1,167,145,NA,NA,0,NA,0.631,"BIOMASS (genus)"
"FCEA",1,"12SP",25,"Croton draco",1,315,583,134.326962,13.0778591498203,0,NA,0.51,"BIOMASS (genus)"
"FCEA",1,"12SP",26,"Quercus insignis",1,60,70,NA,NA,0,1,0.701,"BIOMASS (genus)"
"FCEA",1,"12SP",27,"Saurauia montana",NA,66,154,NA,NA,0,NA,0.411,"BIOMASS (genus)"
"FCEA",1,"12SP",28,"Zygia longifolia",1,96,155,NA,NA,0,NA,0.71,"BIOMASS+BIEN+Zanne"
"FCEA",1,"12SP",29,"Erythrina poeppigiana",1,223,532,45.43539,7.60592764089066,0,NA,0.302,"BIOMASS+BIEN+Zanne"
"FCEA",1,"12SP",30,"Cordia alliodora",1,377,510,83.323086,10.3000120429332,0,NA,0.469,"BIOMASS+BIEN+Zanne+TWDD+CIRAD"
"FCEA",1,"12SP",31,"Zygia longifolia",1,130,160,NA,NA,0,NA,0.71,"BIOMASS+BIEN+Zanne"
"FCEA",1,"12SP",32,"Cedrela tonduzii",1,1,NA,NA,NA,0,NA,0.36,"BIOMASS+BIEN+Zanne"
"FCEA",1,"12SP",33,"Ocotea puberula",1,44,51,NA,NA,0,NA,0.433,"BIOMASS+BIEN+Zanne"
"FCEA",1,"12SP",34,"Inga edulis",1,228,275,17.467296,4.71593596296582,0,NA,0.58,"BIOMASS+BIEN+Zanne"
"FCEA",1,"12SP",35,"Viburnum costaricanum",1,222,225,3.275118,2.04206017327451,0,NA,0.631,"BIOMASS (genus)"
"FCEA",1,"12SP",36,"Quercus insignis",1,71,33,NA,NA,0,NA,0.701,"BIOMASS (genus)"
"FCEA",1,"12SP",37,"Saurauia montana",NA,102,83,NA,NA,0,NA,0.411,"BIOMASS (genus)"
"FCEA",1,"12SP",38,"Inga edulis",1,348,372,69.342966,9.39628684430323,0,NA,0.58,"BIOMASS+BIEN+Zanne"
"FCEA",1,"12SP",39,"Cupania rufescens",1,NA,NA,NA,NA,0,1,0.608,"BIOMASS (genus)"
"FCEA",1,"12SP",40,"Erythrina poeppigiana",1,193,250,13.367508,4.12553509258661,0,NA,0.302,"BIOMASS+BIEN+Zanne"
"FCEA",1,"12SP",41,"Heliocarpus appendiculatus",1,305,234,12.951246,4.06079284879112,0,NA,0.185,"BIOMASS+BIEN+Zanne"
"FCEA",1,"12SP",42,"Croton draco",1,335,336,52.904544,8.20732340760259,0,NA,0.51,"BIOMASS (genus)"
"FCEA",1,"12SP",43,"Heliocarpus appendiculatus",1,204,175,3.055206,1.97231059838762,0,NA,0.185,"BIOMASS+BIEN+Zanne"
"FCEA",1,"12SP",44,"Ocotea puberula",1,1,50,NA,NA,0,NA,0.433,"BIOMASS+BIEN+Zanne"
"FCEA",1,"12SP",45,"Croton draco",1,430,508,143.80674,13.5314606812217,0,NA,0.51,"BIOMASS (genus)"
"FCEA",1,"12SP",46,"Viburnum costaricanum",1,222,247,2.489718,1.78045146320784,0,NA,0.631,"BIOMASS (genus)"
"FCEA",1,"12SP",47,"Cordia alliodora",1,218,300,7.547694,3.10000362457213,0,NA,0.469,"BIOMASS+BIEN+Zanne+TWDD+CIRAD"
"FCEA",1,"12SP",48,"Cupania rufescens",1,55,NA,NA,NA,0,NA,0.608,"BIOMASS (genus)"
"FCEA",1,"12SP",49,"Cedrela tonduzii",NA,18,NA,NA,NA,1,NA,0.36,"BIOMASS+BIEN+Zanne"
"FCEA",3,"12SP",2,"Zygia longifolia",1,70,103,NA,NA,0,NA,0.71,"BIOMASS+BIEN+Zanne"
"FCEA",3,"12SP",3,"Cedrela tonduzii",1,43,NA,NA,NA,0,NA,0.36,"BIOMASS+BIEN+Zanne"
"FCEA",3,"12SP",4,"Ocotea puberula",1,30,58,NA,NA,0,NA,0.433,"BIOMASS+BIEN+Zanne"
"FCEA",3,"12SP",5,"Heliocarpus appendiculatus",NA,83,62,NA,NA,1,NA,0.185,"BIOMASS+BIEN+Zanne"
"FCEA",3,"12SP",6,"Croton draco",1,198,327,32.656932,6.44826311747025,0,NA,0.51,"BIOMASS (genus)"
"FCEA",3,"12SP",7,"Cordia alliodora",1,164,187,1.327326,1.30000151998186,0,NA,0.469,"BIOMASS+BIEN+Zanne+TWDD+CIRAD"
"FCEA",3,"12SP",8,"Ocotea puberula",1,41,54,NA,NA,0,NA,0.433,"BIOMASS+BIEN+Zanne"
"FCEA",3,"12SP",9,"Erythrina poeppigiana",1,174,255,9.77823,3.52845987840527,0,NA,0.302,"BIOMASS+BIEN+Zanne"
"FCEA",3,"12SP",10,"Cordia alliodora",1,160,183,NA,NA,0,NA,0.469,"BIOMASS+BIEN+Zanne+TWDD+CIRAD"
"FCEA",3,"12SP",11,"Saurauia montana",NA,142,157,NA,NA,0,NA,0.411,"BIOMASS (genus)"
"FCEA",3,"12SP",12,"Inga edulis",1,135,155,2.261952,1.69705825907445,0,NA,0.58,"BIOMASS+BIEN+Zanne"
"FCEA",3,"12SP",13,"Cedrela tonduzii",1,28,36,NA,NA,0,NA,0.36,"BIOMASS+BIEN+Zanne"
"FCEA",3,"12SP",14,"Quercus insignis",1,67,NA,NA,NA,0,NA,0.701,"BIOMASS (genus)"
"FCEA",3,"12SP",15,"Saurauia montana",NA,45,115,NA,NA,0,NA,0.411,"BIOMASS (genus)"
"FCEA",3,"12SP",16,"Inga edulis",1,178,213,7.861854,3.16386210314772,0,NA,0.58,"BIOMASS+BIEN+Zanne"
"FCEA",3,"12SP",17,"Quercus insignis",1,62,65,NA,NA,0,NA,0.701,"BIOMASS (genus)"
"FCEA",3,"12SP",18,"Zygia longifolia",1,178,207,6.71517,2.92404172227744,0,NA,0.71,"BIOMASS+BIEN+Zanne"
"FCEA",3,"12SP",19,"Cupania rufescens",1,37,13,NA,NA,0,1,0.608,"BIOMASS (genus)"
"FCEA",3,"12SP",20,"Viburnum costaricanum",1,131,220,NA,NA,0,NA,0.631,"BIOMASS (genus)"
"FCEA",3,"12SP",21,"Erythrina poeppigiana",1,255,300,32.036466,6.38671240817711,0,NA,0.302,"BIOMASS+BIEN+Zanne"
"FCEA",3,"12SP",22,"Heliocarpus appendiculatus",NA,138,86,NA,NA,1,NA,0.185,"BIOMASS+BIEN+Zanne"
"FCEA",3,"12SP",23,"Cupania rufescens",NA,20,NA,NA,NA,1,NA,0.608,"BIOMASS (genus)"
"FCEA",3,"12SP",24,"Viburnum costaricanum",1,NA,45,NA,NA,0,1,0.631,"BIOMASS (genus)"
"FCEA",3,"12SP",25,"Croton draco",NA,47,80,NA,NA,1,NA,0.51,"BIOMASS (genus)"
"FCEA",3,"12SP",26,"Quercus insignis",1,83,83,NA,NA,0,NA,0.701,"BIOMASS (genus)"
"FCEA",3,"12SP",27,"Saurauia montana",NA,105,60,NA,NA,0,NA,0.411,"BIOMASS (genus)"
"FCEA",3,"12SP",28,"Zygia longifolia",1,170,205,13.870164,4.20238519138382,0,NA,0.71,"BIOMASS+BIEN+Zanne"
"FCEA",3,"12SP",29,"Erythrina poeppigiana",1,220,355,21.40215,5.22015935794624,0,NA,0.302,"BIOMASS+BIEN+Zanne"
"FCEA",3,"12SP",30,"Cordia alliodora",1,71,83,NA,NA,0,NA,0.469,"BIOMASS+BIEN+Zanne+TWDD+CIRAD"
"FCEA",3,"12SP",31,"Zygia longifolia",1,135,153,NA,NA,0,NA,0.71,"BIOMASS+BIEN+Zanne"
"FCEA",3,"12SP",32,"Cedrela tonduzii",NA,NA,NA,NA,NA,1,1,0.36,"BIOMASS+BIEN+Zanne"
"FCEA",3,"12SP",33,"Ocotea puberula",1,38,44,NA,NA,0,NA,0.433,"BIOMASS+BIEN+Zanne"
"FCEA",3,"12SP",34,"Inga edulis",1,143,170,1.539384,1.40000163690354,0,NA,0.58,"BIOMASS+BIEN+Zanne"
"FCEA",3,"12SP",35,"Viburnum costaricanum",1,50,118,NA,NA,0,NA,0.631,"BIOMASS (genus)"
"FCEA",3,"12SP",36,"Quercus insignis",1,73,70,NA,NA,0,NA,0.701,"BIOMASS (genus)"
"FCEA",3,"12SP",37,"Saurauia montana",NA,56,22,NA,NA,0,NA,0.411,"BIOMASS (genus)"
"FCEA",3,"12SP",38,"Inga edulis",1,96,87,NA,NA,0,NA,0.58,"BIOMASS+BIEN+Zanne"
"FCEA",3,"12SP",39,"Cupania rufescens",1,65,70,NA,NA,0,NA,0.608,"BIOMASS (genus)"
"FCEA",3,"12SP",40,"Erythrina poeppigiana",1,250,312,42.945672,7.39460126481649,0,NA,0.302,"BIOMASS+BIEN+Zanne"
"FCEA",3,"12SP",41,"Heliocarpus appendiculatus",1,198,340,16.13997,4.53321608296353,0,NA,0.185,"BIOMASS+BIEN+Zanne"
"FCEA",3,"12SP",42,"Croton draco",1,432,504,61.677462,8.86172577082479,0,NA,0.51,"BIOMASS (genus)"
"FCEA",3,"12SP",43,"Heliocarpus appendiculatus",1,221,260,11.749584,3.86782044347816,0,NA,0.185,"BIOMASS+BIEN+Zanne"
"FCEA",3,"12SP",44,"Ocotea puberula",1,44,49,NA,NA,0,NA,0.433,"BIOMASS+BIEN+Zanne"
"FCEA",3,"12SP",45,"Croton draco",1,282,389,35.767116,6.74834101778576,0,NA,0.51,"BIOMASS (genus)"
"FCEA",3,"12SP",46,"Viburnum costaricanum",1,1,93,NA,NA,0,1,0.631,"BIOMASS (genus)"
"FCEA",3,"12SP",47,"Cordia alliodora",1,225,370,13.854456,4.20000491071062,0,NA,0.469,"BIOMASS+BIEN+Zanne+TWDD+CIRAD"
"FCEA",3,"12SP",48,"Cupania rufescens",1,17,NA,NA,NA,0,NA,0.608,"BIOMASS (genus)"
"FCEA",3,"12SP",49,"Cedrela tonduzii",1,165,343,14.121492,4.24028796723303,0,NA,0.36,"BIOMASS+BIEN+Zanne"
"FCEA",5,"12SP",2,"Zygia longifolia",1,125,135,NA,NA,0,NA,0.71,"BIOMASS+BIEN+Zanne"
"FCEA",5,"12SP",3,"Cedrela tonduzii",NA,30,NA,NA,NA,1,1,0.36,"BIOMASS+BIEN+Zanne"
"FCEA",5,"12SP",4,"Ocotea puberula",NA,80,94,NA,NA,1,NA,0.433,"BIOMASS+BIEN+Zanne"
"FCEA",5,"12SP",5,"Heliocarpus appendiculatus",NA,68,232,NA,NA,1,NA,0.185,"BIOMASS+BIEN+Zanne"
"FCEA",5,"12SP",6,"Croton draco",1,278,395,59.446926,8.70001017218629,0,NA,0.51,"BIOMASS (genus)"
"FCEA",5,"12SP",7,"Cordia alliodora",NA,30,50,NA,NA,1,NA,0.469,"BIOMASS+BIEN+Zanne+TWDD+CIRAD"
"FCEA",5,"12SP",8,"Ocotea puberula",1,30,36,NA,NA,0,NA,0.433,"BIOMASS+BIEN+Zanne"
"FCEA",5,"12SP",9,"Erythrina poeppigiana",NA,NA,78,NA,NA,1,1,0.302,"BIOMASS+BIEN+Zanne"
"FCEA",5,"12SP",10,"Cordia alliodora",1,43,31,NA,NA,0,NA,0.469,"BIOMASS+BIEN+Zanne+TWDD+CIRAD"
"FCEA",5,"12SP",11,"Saurauia montana",NA,23,14,NA,NA,0,NA,0.411,"BIOMASS (genus)"
"FCEA",5,"12SP",12,"Inga edulis",1,128,130,NA,NA,0,NA,0.58,"BIOMASS+BIEN+Zanne"
"FCEA",5,"12SP",13,"Cedrela tonduzii",1,18,34,NA,NA,0,NA,0.36,"BIOMASS+BIEN+Zanne"
"FCEA",5,"12SP",14,"Quercus insignis",1,50,62,NA,NA,0,NA,0.701,"BIOMASS (genus)"
"FCEA",5,"12SP",15,"Saurauia montana",NA,85,NA,NA,NA,0,1,0.411,"BIOMASS (genus)"
"FCEA",5,"12SP",16,"Inga edulis",1,120,113,NA,NA,0,NA,0.58,"BIOMASS+BIEN+Zanne"
"FCEA",5,"12SP",17,"Quercus insignis",1,40,67,NA,NA,0,1,0.701,"BIOMASS (genus)"
"FCEA",5,"12SP",18,"Zygia longifolia",1,85,137,NA,NA,0,NA,0.71,"BIOMASS+BIEN+Zanne"
"FCEA",5,"12SP",19,"Cupania rufescens",NA,27,NA,NA,NA,1,NA,0.608,"BIOMASS (genus)"
"FCEA",5,"12SP",20,"Viburnum costaricanum",1,99,111,NA,NA,0,NA,0.631,"BIOMASS (genus)"
"FCEA",5,"12SP",21,"Erythrina poeppigiana",1,370,460,49.825776,7.96493241341797,0,NA,0.302,"BIOMASS+BIEN+Zanne"
"FCEA",5,"12SP",22,"Heliocarpus appendiculatus",NA,220,275,14.17647,4.24853412470133,1,NA,0.185,"BIOMASS+BIEN+Zanne"
"FCEA",5,"12SP",23,"Cupania rufescens",1,45,44,NA,NA,0,NA,0.608,"BIOMASS (genus)"
"FCEA",5,"12SP",24,"Viburnum costaricanum",1,97,68,NA,NA,0,NA,0.631,"BIOMASS (genus)"
"FCEA",5,"12SP",25,"Croton draco",NA,92,183,1.539384,1.40000163690354,1,NA,0.51,"BIOMASS (genus)"
"FCEA",5,"12SP",26,"Quercus insignis",1,75,72,NA,NA,0,NA,0.701,"BIOMASS (genus)"
"FCEA",5,"12SP",27,"Saurauia montana",NA,92,78,NA,NA,0,NA,0.411,"BIOMASS (genus)"
"FCEA",5,"12SP",28,"Zygia longifolia",1,158,214,11.513964,3.82884242055703,0,NA,0.71,"BIOMASS+BIEN+Zanne"
"FCEA",5,"12SP",29,"Erythrina poeppigiana",1,333,428,94.318686,10.9585711122691,0,NA,0.302,"BIOMASS+BIEN+Zanne"
"FCEA",5,"12SP",30,"Cordia alliodora",1,100,140,NA,NA,0,NA,0.469,"BIOMASS+BIEN+Zanne+TWDD+CIRAD"
"FCEA",5,"12SP",31,"Zygia longifolia",1,145,183,1.327326,1.30000151998186,0,NA,0.71,"BIOMASS+BIEN+Zanne"
"FCEA",5,"12SP",32,"Cedrela tonduzii",NA,35,35,NA,NA,1,NA,0.36,"BIOMASS+BIEN+Zanne"
"FCEA",5,"12SP",33,"Ocotea puberula",NA,84,60,NA,NA,1,NA,0.433,"BIOMASS+BIEN+Zanne"
"FCEA",5,"12SP",34,"Inga edulis",1,95,130,NA,NA,0,NA,0.58,"BIOMASS+BIEN+Zanne"
"FCEA",5,"12SP",35,"Viburnum costaricanum",NA,20,28,NA,NA,1,1,0.631,"BIOMASS (genus)"
"FCEA",5,"12SP",36,"Quercus insignis",NA,55,60,NA,NA,1,NA,0.701,"BIOMASS (genus)"
"FCEA",5,"12SP",37,"Saurauia montana",NA,18,NA,NA,NA,0,1,0.411,"BIOMASS (genus)"
"FCEA",5,"12SP",38,"Inga edulis",1,110,123,NA,NA,0,NA,0.58,"BIOMASS+BIEN+Zanne"
"FCEA",5,"12SP",39,"Cupania rufescens",NA,30,10,NA,NA,1,NA,0.608,"BIOMASS (genus)"
"FCEA",5,"12SP",40,"Erythrina poeppigiana",1,300,404,16.619064,4.60000537839735,0,NA,0.302,"BIOMASS+BIEN+Zanne"
"FCEA",5,"12SP",41,"Heliocarpus appendiculatus",1,190,220,7.830438,3.15753437260735,0,NA,0.185,"BIOMASS+BIEN+Zanne"
"FCEA",5,"12SP",42,"Croton draco",1,206,280,12.550692,3.99750389220464,0,NA,0.51,"BIOMASS (genus)"
"FCEA",5,"12SP",43,"Heliocarpus appendiculatus",1,201,213,7.131432,3.01330735786938,0,NA,0.185,"BIOMASS+BIEN+Zanne"
"FCEA",5,"12SP",44,"Ocotea puberula",1,38,45,NA,NA,0,NA,0.433,"BIOMASS+BIEN+Zanne"
"FCEA",5,"12SP",45,"Croton draco",1,117,176,0.950334,1.1000012861385,0,NA,0.51,"BIOMASS (genus)"
"FCEA",5,"12SP",46,"Viburnum costaricanum",NA,35,17,NA,NA,1,1,0.631,"BIOMASS (genus)"
"FCEA",5,"12SP",47,"Cordia alliodora",NA,20,60,NA,NA,1,NA,0.469,"BIOMASS+BIEN+Zanne+TWDD+CIRAD"
"FCEA",5,"12SP",48,"Cupania rufescens",NA,30,NA,NA,NA,1,NA,0.608,"BIOMASS (genus)"
"FCEA",5,"12SP",49,"Cedrela tonduzii",NA,25,NA,NA,NA,1,1,0.36,"BIOMASS+BIEN+Zanne"
"FCEA",2,"12SP",2,"Saurauia montana",NA,112,128,NA,NA,0,NA,0.411,"BIOMASS (genus)"
"FCEA",2,"12SP",3,"Quercus insignis",1,110,157,NA,NA,1,NA,0.701,"BIOMASS (genus)"
"FCEA",2,"12SP",4,"Ocotea puberula",1,81,93,NA,NA,0,NA,0.433,"BIOMASS+BIEN+Zanne"
"FCEA",2,"12SP",5,"Cordia alliodora",NA,NA,NA,NA,NA,1,1,0.469,"BIOMASS+BIEN+Zanne+TWDD+CIRAD"
"FCEA",2,"12SP",6,"Heliocarpus appendiculatus",1,305,345,40.88007,7.21457702956601,0,NA,0.185,"BIOMASS+BIEN+Zanne"
"FCEA",2,"12SP",7,"Cupania rufescens",1,29,38,NA,NA,0,NA,0.608,"BIOMASS (genus)"
"FCEA",2,"12SP",8,"Croton draco",NA,140,300,12.668502,4.01622182143324,1,NA,0.51,"BIOMASS (genus)"
"FCEA",2,"12SP",9,"Viburnum costaricanum",1,56,79,NA,NA,0,NA,0.631,"BIOMASS (genus)"
"FCEA",2,"12SP",10,"Inga edulis",1,421,500,131.08326,12.9189933928616,0,NA,0.58,"BIOMASS+BIEN+Zanne"
"FCEA",2,"12SP",11,"Erythrina poeppigiana",1,374,490,91.938924,10.8194396221431,0,NA,0.302,"BIOMASS+BIEN+Zanne"
"FCEA",2,"12SP",12,"Inga edulis",1,83,87,NA,NA,0,NA,0.58,"BIOMASS+BIEN+Zanne"
"FCEA",2,"12SP",13,"Saurauia montana",NA,102,157,NA,NA,0,NA,0.411,"BIOMASS (genus)"
"FCEA",2,"12SP",14,"Zygia longifolia",1,160,230,4.461072,2.38327784412787,0,NA,0.71,"BIOMASS+BIEN+Zanne"
"FCEA",2,"12SP",15,"Ocotea puberula",1,55,66,NA,NA,0,NA,0.433,"BIOMASS+BIEN+Zanne"
"FCEA",2,"12SP",16,"Erythrina poeppigiana",NA,131,205,7.744044,3.14006736503679,1,NA,0.302,"BIOMASS+BIEN+Zanne"
"FCEA",2,"12SP",17,"Cordia alliodora",1,144,199,3.1416,2.00000233843363,0,NA,0.469,"BIOMASS+BIEN+Zanne+TWDD+CIRAD"
"FCEA",2,"12SP",18,"Quercus insignis",NA,NA,73,NA,NA,1,1,0.701,"BIOMASS (genus)"
"FCEA",2,"12SP",19,"Croton draco",1,410,650,68.636106,9.3482728006747,0,NA,0.51,"BIOMASS (genus)"
"FCEA",2,"12SP",20,"Cedrela tonduzii",NA,49,69,NA,NA,1,NA,0.36,"BIOMASS+BIEN+Zanne"
"FCEA",2,"12SP",21,"Viburnum costaricanum",NA,NA,NA,NA,NA,1,NA,0.631,"BIOMASS (genus)"
"FCEA",2,"12SP",22,"Cedrela tonduzii",1,29,36,NA,NA,0,NA,0.36,"BIOMASS+BIEN+Zanne"
"FCEA",2,"12SP",23,"Cupania rufescens",NA,28,NA,NA,NA,1,NA,0.608,"BIOMASS (genus)"
"FCEA",2,"12SP",24,"Zygia longifolia",1,162,245,16.831122,4.62926021224363,0,NA,0.71,"BIOMASS+BIEN+Zanne"
"FCEA",2,"12SP",25,"Heliocarpus appendiculatus",1,355,488,81.744432,10.2019725241894,0,NA,0.185,"BIOMASS+BIEN+Zanne"
"FCEA",2,"12SP",26,"Cupania rufescens",NA,17,NA,NA,NA,1,NA,0.608,"BIOMASS (genus)"
"FCEA",2,"12SP",27,"Ocotea puberula",1,NA,38,NA,NA,0,1,0.433,"BIOMASS+BIEN+Zanne"
"FCEA",2,"12SP",28,"Saurauia montana",NA,96,26,NA,NA,0,NA,0.411,"BIOMASS (genus)"
"FCEA",2,"12SP",29,"Heliocarpus appendiculatus",1,367,412,144.35652,13.5573017154725,0,NA,0.185,"BIOMASS+BIEN+Zanne"
"FCEA",2,"12SP",30,"Croton draco",NA,102,219,0.7854,1.00000116921681,1,NA,0.51,"BIOMASS (genus)"
"FCEA",2,"12SP",31,"Ocotea puberula",1,37,NA,NA,NA,0,NA,0.433,"BIOMASS+BIEN+Zanne"
"FCEA",2,"12SP",32,"Saurauia montana",NA,1,27,NA,NA,0,1,0.411,"BIOMASS (genus)"
"FCEA",2,"12SP",33,"Cedrela tonduzii",NA,30,37,NA,NA,1,NA,0.36,"BIOMASS+BIEN+Zanne"
"FCEA",2,"12SP",34,"Quercus insignis",NA,NA,54,NA,NA,1,1,0.701,"BIOMASS (genus)"
"FCEA",2,"12SP",35,"Erythrina poeppigiana",1,134,170,10.037412,3.5749167661918,0,NA,0.302,"BIOMASS+BIEN+Zanne"
"FCEA",2,"12SP",36,"Erythrina poeppigiana",1,477,547,175.175616,14.9345412237719,0,NA,0.302,"BIOMASS+BIEN+Zanne"
"FCEA",2,"12SP",37,"Inga edulis",1,242,250,23.067198,5.41941589840048,0,NA,0.58,"BIOMASS+BIEN+Zanne"
"FCEA",2,"12SP",38,"Cupania rufescens",1,21,NA,NA,NA,0,NA,0.608,"BIOMASS (genus)"
"FCEA",2,"12SP",39,"Zygia longifolia",1,200,218,2.67036,1.84391104738786,0,NA,0.71,"BIOMASS+BIEN+Zanne"
"FCEA",2,"12SP",40,"Viburnum costaricanum",1,75,83,NA,NA,0,NA,0.631,"BIOMASS (genus)"
"FCEA",2,"12SP",41,"Inga edulis",1,125,165,6.526674,2.88271043158948,0,NA,0.58,"BIOMASS+BIEN+Zanne"
"FCEA",2,"12SP",42,"Cordia alliodora",1,NA,NA,NA,NA,0,NA,0.469,"BIOMASS+BIEN+Zanne+TWDD+CIRAD"
"FCEA",2,"12SP",43,"Viburnum costaricanum",NA,NA,NA,NA,NA,1,1,0.631,"BIOMASS (genus)"
"FCEA",2,"12SP",44,"Quercus insignis",NA,57,58,NA,NA,1,NA,0.701,"BIOMASS (genus)"
"FCEA",2,"12SP",45,"Cordia alliodora",1,27,53,NA,NA,0,NA,0.469,"BIOMASS+BIEN+Zanne+TWDD+CIRAD"
"FCEA",2,"12SP",46,"Cedrela tonduzii",NA,34,34,NA,NA,1,NA,0.36,"BIOMASS+BIEN+Zanne"
"FCEA",2,"12SP",47,"Croton draco",1,280,267,16.147824,4.53431892109758,0,NA,0.51,"BIOMASS (genus)"
"FCEA",2,"12SP",48,"Zygia longifolia",1,84,90,NA,NA,0,NA,0.71,"BIOMASS+BIEN+Zanne"
"FCEA",2,"12SP",49,"Heliocarpus appendiculatus",NA,365,456,141.748992,13.4343002065887,1,NA,0.185,"BIOMASS+BIEN+Zanne"
"FCEA",4,"12SP",2,"Saurauia montana",NA,7,93,NA,NA,0,1,0.411,"BIOMASS (genus)"
"FCEA",4,"12SP",3,"Quercus insignis",1,73,42,NA,NA,0,NA,0.701,"BIOMASS (genus)"
"FCEA",4,"12SP",4,"Ocotea puberula",1,26,62,NA,NA,0,NA,0.433,"BIOMASS+BIEN+Zanne"
"FCEA",4,"12SP",5,"Cordia alliodora",1,95,76,NA,NA,0,NA,0.469,"BIOMASS+BIEN+Zanne+TWDD+CIRAD"
"FCEA",4,"12SP",6,"Heliocarpus appendiculatus",NA,NA,67,NA,NA,1,NA,0.185,"BIOMASS+BIEN+Zanne"
"FCEA",4,"12SP",7,"Cupania rufescens",NA,NA,15,NA,NA,1,1,0.608,"BIOMASS (genus)"
"FCEA",4,"12SP",8,"Croton draco",NA,97,154,NA,NA,1,NA,0.51,"BIOMASS (genus)"
"FCEA",4,"12SP",9,"Viburnum costaricanum",NA,30,59,NA,NA,1,NA,0.631,"BIOMASS (genus)"
"FCEA",4,"12SP",10,"Inga edulis",1,220,247,6.99006,2.98329026614432,0,NA,0.58,"BIOMASS+BIEN+Zanne"
"FCEA",4,"12SP",11,"Erythrina poeppigiana",1,245,0,NA,NA,0,NA,0.302,"BIOMASS+BIEN+Zanne"
"FCEA",4,"12SP",12,"Inga edulis",1,260,NA,NA,NA,0,NA,0.58,"BIOMASS+BIEN+Zanne"
"FCEA",4,"12SP",13,"Saurauia montana",NA,75,134,NA,NA,0,NA,0.411,"BIOMASS (genus)"
"FCEA",4,"12SP",14,"Zygia longifolia",1,161,228,1.916376,1.56205176155638,0,NA,0.71,"BIOMASS+BIEN+Zanne"
"FCEA",4,"12SP",15,"Ocotea puberula",1,44,58,NA,NA,0,1,0.433,"BIOMASS+BIEN+Zanne"
"FCEA",4,"12SP",16,"Erythrina poeppigiana",1,200,260,7.0686,3.00000350765044,0,NA,0.302,"BIOMASS+BIEN+Zanne"
"FCEA",4,"12SP",17,"Cordia alliodora",1,102,53,NA,NA,0,NA,0.469,"BIOMASS+BIEN+Zanne+TWDD+CIRAD"
"FCEA",4,"12SP",18,"Quercus insignis",1,101,159,NA,NA,0,NA,0.701,"BIOMASS (genus)"
"FCEA",4,"12SP",19,"Croton draco",NA,165,225,9.361968,3.45253933708874,1,NA,0.51,"BIOMASS (genus)"
"FCEA",4,"12SP",20,"Cedrela tonduzii",NA,NA,NA,NA,NA,1,1,0.36,"BIOMASS+BIEN+Zanne"
"FCEA",4,"12SP",21,"Viburnum costaricanum",NA,NA,12,NA,NA,1,1,0.631,"BIOMASS (genus)"
"FCEA",4,"12SP",22,"Cedrela tonduzii",NA,54,58,NA,NA,1,NA,0.36,"BIOMASS+BIEN+Zanne"
"FCEA",4,"12SP",23,"Cupania rufescens",NA,NA,8,NA,NA,1,1,0.608,"BIOMASS (genus)"
"FCEA",4,"12SP",24,"Zygia longifolia",1,135,194,2.08131,1.62788396295705,0,NA,0.71,"BIOMASS+BIEN+Zanne"
"FCEA",4,"12SP",25,"Heliocarpus appendiculatus",NA,135,240,9.825354,3.53695197222436,1,NA,0.185,"BIOMASS+BIEN+Zanne"
"FCEA",4,"12SP",26,"Cupania rufescens",1,7,14,NA,NA,0,NA,0.608,"BIOMASS (genus)"
"FCEA",4,"12SP",27,"Ocotea puberula",1,43,40,NA,NA,0,NA,0.433,"BIOMASS+BIEN+Zanne"
"FCEA",4,"12SP",28,"Saurauia montana",NA,80,78,NA,NA,0,NA,0.411,"BIOMASS (genus)"
"FCEA",4,"12SP",29,"Heliocarpus appendiculatus",NA,180,280,10.068828,3.58050694437766,1,NA,0.185,"BIOMASS+BIEN+Zanne"
"FCEA",4,"12SP",30,"Croton draco",NA,130,275,8.042496,3.20000374149381,1,NA,0.51,"BIOMASS (genus)"
"FCEA",4,"12SP",31,"Ocotea puberula",1,1,53,NA,NA,0,1,0.433,"BIOMASS+BIEN+Zanne"
"FCEA",4,"12SP",32,"Saurauia montana",NA,88,106,NA,NA,0,1,0.411,"BIOMASS (genus)"
"FCEA",4,"12SP",33,"Cedrela tonduzii",1,30,28,NA,NA,0,1,0.36,"BIOMASS+BIEN+Zanne"
"FCEA",4,"12SP",34,"Quercus insignis",NA,40,76,NA,NA,1,1,0.701,"BIOMASS (genus)"
"FCEA",4,"12SP",35,"Erythrina poeppigiana",NA,1,75,NA,NA,1,1,0.302,"BIOMASS+BIEN+Zanne"
"FCEA",4,"12SP",36,"Erythrina poeppigiana",1,354,448,60.821376,8.80001028910797,0,NA,0.302,"BIOMASS+BIEN+Zanne"
"FCEA",4,"12SP",37,"Inga edulis",1,300,370,23.075052,5.42033843069049,0,NA,0.58,"BIOMASS+BIEN+Zanne"
"FCEA",4,"12SP",38,"Cupania rufescens",NA,27,45,NA,NA,1,NA,0.608,"BIOMASS (genus)"
"FCEA",4,"12SP",39,"Zygia longifolia",1,215,300,24.237444,5.55518426013971,0,NA,0.71,"BIOMASS+BIEN+Zanne"
"FCEA",4,"12SP",40,"Viburnum costaricanum",NA,1,64,NA,NA,1,1,0.631,"BIOMASS (genus)"
"FCEA",4,"12SP",41,"Inga edulis",1,358,418,44.186604,7.50067540694523,0,NA,0.58,"BIOMASS+BIEN+Zanne"
"FCEA",4,"12SP",42,"Cordia alliodora",1,180,253,2.835294,1.90000222151195,0,NA,0.469,"BIOMASS+BIEN+Zanne+TWDD+CIRAD"
"FCEA",4,"12SP",43,"Viburnum costaricanum",1,186,225,1.539384,1.40000163690354,0,NA,0.631,"BIOMASS (genus)"
"FCEA",4,"12SP",44,"Quercus insignis",1,130,155,NA,NA,0,NA,0.701,"BIOMASS (genus)"
"FCEA",4,"12SP",45,"Cordia alliodora",1,266,300,21.590646,5.24309682187713,0,NA,0.469,"BIOMASS+BIEN+Zanne+TWDD+CIRAD"
"FCEA",4,"12SP",46,"Cedrela tonduzii",1,114,135,2.010624,1.6000018707469,0,NA,0.36,"BIOMASS+BIEN+Zanne"
"FCEA",4,"12SP",47,"Croton draco",NA,170,354,20.121948,5.06162621206906,1,NA,0.51,"BIOMASS (genus)"
"FCEA",4,"12SP",48,"Zygia longifolia",1,226,285,22.163988,5.31225620528939,0,NA,0.71,"BIOMASS+BIEN+Zanne"
"FCEA",4,"12SP",49,"Heliocarpus appendiculatus",NA,200,365,57.381324,8.54752425244064,1,NA,0.185,"BIOMASS+BIEN+Zanne"
"FCEA",6,"12SP",2,"Saurauia montana",NA,27,34,NA,NA,0,NA,0.411,"BIOMASS (genus)"
"FCEA",6,"12SP",3,"Quercus insignis",NA,NA,33,NA,NA,1,1,0.701,"BIOMASS (genus)"
"FCEA",6,"12SP",4,"Ocotea puberula",NA,25,67,NA,NA,1,1,0.433,"BIOMASS+BIEN+Zanne"
"FCEA",6,"12SP",5,"Cordia alliodora",NA,33,NA,NA,NA,1,NA,0.469,"BIOMASS+BIEN+Zanne+TWDD+CIRAD"
"FCEA",6,"12SP",6,"Heliocarpus appendiculatus",1,128,126,NA,NA,0,NA,0.185,"BIOMASS+BIEN+Zanne"
"FCEA",6,"12SP",7,"Cupania rufescens",1,5,18,NA,NA,0,1,0.608,"BIOMASS (genus)"
"FCEA",6,"12SP",8,"Croton draco",1,106,64,NA,NA,0,NA,0.51,"BIOMASS (genus)"
"FCEA",6,"12SP",9,"Viburnum costaricanum",1,NA,40,NA,NA,0,1,0.631,"BIOMASS (genus)"
"FCEA",6,"12SP",10,"Inga edulis",1,98,100,NA,NA,0,NA,0.58,"BIOMASS+BIEN+Zanne"
"FCEA",6,"12SP",11,"Erythrina poeppigiana",1,64,NA,NA,NA,0,NA,0.302,"BIOMASS+BIEN+Zanne"
"FCEA",6,"12SP",12,"Inga edulis",1,77,90,NA,NA,0,NA,0.58,"BIOMASS+BIEN+Zanne"
"FCEA",6,"12SP",13,"Saurauia montana",NA,106,94,NA,NA,0,NA,0.411,"BIOMASS (genus)"
"FCEA",6,"12SP",14,"Zygia longifolia",1,90,90,NA,NA,0,NA,0.71,"BIOMASS+BIEN+Zanne"
"FCEA",6,"12SP",15,"Ocotea puberula",1,27,65,NA,NA,0,1,0.433,"BIOMASS+BIEN+Zanne"
"FCEA",6,"12SP",16,"Erythrina poeppigiana",1,106,40,NA,NA,0,NA,0.302,"BIOMASS+BIEN+Zanne"
"FCEA",6,"12SP",17,"Cordia alliodora",1,60,NA,NA,NA,0,NA,0.469,"BIOMASS+BIEN+Zanne+TWDD+CIRAD"
"FCEA",6,"12SP",18,"Quercus insignis",1,53,26,NA,NA,0,NA,0.701,"BIOMASS (genus)"
"FCEA",6,"12SP",19,"Croton draco",1,150,155,NA,NA,0,NA,0.51,"BIOMASS (genus)"
"FCEA",6,"12SP",20,"Cedrela tonduzii",NA,14,NA,NA,NA,1,1,0.36,"BIOMASS+BIEN+Zanne"
"FCEA",6,"12SP",21,"Viburnum costaricanum",NA,NA,NA,NA,NA,1,1,0.631,"BIOMASS (genus)"
"FCEA",6,"12SP",22,"Cedrela tonduzii",1,3,26,NA,NA,0,1,0.36,"BIOMASS+BIEN+Zanne"
"FCEA",6,"12SP",23,"Cupania rufescens",1,27,25,NA,NA,0,NA,0.608,"BIOMASS (genus)"
"FCEA",6,"12SP",24,"Zygia longifolia",1,110,110,NA,NA,0,NA,0.71,"BIOMASS+BIEN+Zanne"
"FCEA",6,"12SP",25,"Heliocarpus appendiculatus",1,100,70,NA,NA,0,NA,0.185,"BIOMASS+BIEN+Zanne"
"FCEA",6,"12SP",26,"Cupania rufescens",NA,18,18,NA,NA,1,NA,0.608,"BIOMASS (genus)"
"FCEA",6,"12SP",27,"Ocotea puberula",1,40,43,NA,NA,0,NA,0.433,"BIOMASS+BIEN+Zanne"
"FCEA",6,"12SP",28,"Saurauia montana",NA,35,5,NA,NA,0,NA,0.411,"BIOMASS (genus)"
"FCEA",6,"12SP",29,"Heliocarpus appendiculatus",1,135,137,NA,NA,0,NA,0.185,"BIOMASS+BIEN+Zanne"
"FCEA",6,"12SP",30,"Croton draco",1,148,170,1.735734,1.48660861289761,0,NA,0.51,"BIOMASS (genus)"
"FCEA",6,"12SP",31,"Ocotea puberula",1,27,25,NA,NA,0,NA,0.433,"BIOMASS+BIEN+Zanne"
"FCEA",6,"12SP",32,"Saurauia montana",NA,62,NA,NA,NA,0,NA,0.411,"BIOMASS (genus)"
"FCEA",6,"12SP",33,"Cedrela tonduzii",NA,43,42,NA,NA,1,NA,0.36,"BIOMASS+BIEN+Zanne"
"FCEA",6,"12SP",34,"Quercus insignis",NA,22,39,NA,NA,1,NA,0.701,"BIOMASS (genus)"
"FCEA",6,"12SP",35,"Erythrina poeppigiana",1,117,115,NA,NA,0,NA,0.302,"BIOMASS+BIEN+Zanne"
"FCEA",6,"12SP",36,"Erythrina poeppigiana",1,125,37,NA,NA,0,NA,0.302,"BIOMASS+BIEN+Zanne"
"FCEA",6,"12SP",37,"Inga edulis",1,56,58,NA,NA,0,NA,0.58,"BIOMASS+BIEN+Zanne"
"FCEA",6,"12SP",38,"Cupania rufescens",1,24,22,NA,NA,0,NA,0.608,"BIOMASS (genus)"
"FCEA",6,"12SP",39,"Zygia longifolia",1,124,152,NA,NA,0,NA,0.71,"BIOMASS+BIEN+Zanne"
"FCEA",6,"12SP",40,"Viburnum costaricanum",1,25,NA,NA,NA,0,1,0.631,"BIOMASS (genus)"
"FCEA",6,"12SP",41,"Inga edulis",1,120,175,3.400782,2.08086763765107,0,NA,0.58,"BIOMASS+BIEN+Zanne"
"FCEA",6,"12SP",42,"Cordia alliodora",1,48,45,NA,NA,0,NA,0.469,"BIOMASS+BIEN+Zanne+TWDD+CIRAD"
"FCEA",6,"12SP",43,"Viburnum costaricanum",1,55,NA,NA,NA,0,NA,0.631,"BIOMASS (genus)"
"FCEA",6,"12SP",44,"Quercus insignis",1,38,68,NA,NA,0,NA,0.701,"BIOMASS (genus)"
"FCEA",6,"12SP",45,"Cordia alliodora",1,1,67,NA,NA,0,1,0.469,"BIOMASS+BIEN+Zanne+TWDD+CIRAD"
"FCEA",6,"12SP",46,"Cedrela tonduzii",NA,27,NA,NA,NA,1,1,0.36,"BIOMASS+BIEN+Zanne"
"FCEA",6,"12SP",47,"Croton draco",1,127,150,2.686068,1.84932636315164,0,NA,0.51,"BIOMASS (genus)"
"FCEA",6,"12SP",48,"Zygia longifolia",1,145,180,NA,NA,0,NA,0.71,"BIOMASS+BIEN+Zanne"
"FCEA",6,"12SP",49,"Heliocarpus appendiculatus",NA,42,156,NA,NA,1,NA,0.185,"BIOMASS+BIEN+Zanne"
"FAB",1,"M1",2,"Inga edulis",1,123,139,3.227994,2.02731586364035,NA,NA,0.58,"BIOMASS+BIEN+Zanne"
"FAB",1,"M1",3,"Inga edulis",1,136,235,3.550008,2.12603164833598,NA,NA,0.58,"BIOMASS+BIEN+Zanne"
"FAB",1,"M1",4,"Inga edulis",1,125,186,3.408636,2.08326910139038,NA,NA,0.58,"BIOMASS+BIEN+Zanne"
"FAB",1,"M1",5,"Inga edulis",1,168,222,2.544696,1.80000210459027,NA,NA,0.58,"BIOMASS+BIEN+Zanne"
"FAB",1,"M1",6,"Inga edulis",1,132,155,NA,NA,NA,NA,0.58,"BIOMASS+BIEN+Zanne"
"FAB",1,"M1",7,"Inga edulis",1,164,252,12.652794,4.01373114099435,NA,NA,0.58,"BIOMASS+BIEN+Zanne"
"FAB",1,"M1",8,"Inga edulis",1,165,250,5.1051,2.54951273772607,NA,NA,0.58,"BIOMASS+BIEN+Zanne"
"FAB",1,"M1",9,"Inga edulis",1,163,243,4.021248,2.2627443454326,NA,NA,0.58,"BIOMASS+BIEN+Zanne"
"FAB",1,"M1",10,"Inga edulis",1,86,187,0.950334,1.1000012861385,1,NA,0.58,"BIOMASS+BIEN+Zanne"
"FAB",1,"M1",11,"Inga edulis",1,99,170,0.7854,1.00000116921681,NA,NA,0.58,"BIOMASS+BIEN+Zanne"
"FAB",1,"M1",12,"Inga edulis",1,78,130,NA,NA,NA,NA,0.58,"BIOMASS+BIEN+Zanne"
"FAB",1,"M1",13,"Inga edulis",1,134,260,3.801336,2.20000257227699,NA,NA,0.58,"BIOMASS+BIEN+Zanne"
"FAB",1,"M1",14,"Inga edulis",1,165,272,9.22845,3.42783130807384,NA,NA,0.58,"BIOMASS+BIEN+Zanne"
"FAB",1,"M1",15,"Inga edulis",NA,97,190,1.5708,1.41421521589537,1,NA,0.58,"BIOMASS+BIEN+Zanne"
"FAB",1,"M1",16,"Inga edulis",1,177,255,12.64494,4.01248522100748,NA,NA,0.58,"BIOMASS+BIEN+Zanne"
"FAB",1,"M1",17,"Inga edulis",1,118,213,2.960958,1.94165105410317,NA,NA,0.58,"BIOMASS+BIEN+Zanne"
"FAB",1,"M1",18,"Inga edulis",1,165,196,6.825126,2.9478840413083,NA,NA,0.58,"BIOMASS+BIEN+Zanne"
"FAB",1,"M1",19,"Inga edulis",NA,112,232,9.723252,3.51852653106741,NA,NA,0.58,"BIOMASS+BIEN+Zanne"
"FAB",1,"M1",20,"Inga edulis",1,180,317,12.008766,3.91024753112525,NA,NA,0.58,"BIOMASS+BIEN+Zanne"
"FAB",1,"M1",21,"Inga edulis",1,190,254,13.673814,4.17253408759632,NA,NA,0.58,"BIOMASS+BIEN+Zanne"
"FAB",1,"M1",22,"Inga edulis",1,135,200,5.30145,2.59807924906771,NA,NA,0.58,"BIOMASS+BIEN+Zanne"
"FAB",1,"M1",23,"Inga edulis",1,118,173,2.08131,1.62788396295705,NA,NA,0.58,"BIOMASS+BIEN+Zanne"
"FAB",1,"M1",24,"Inga edulis",1,89,164,0.950334,1.1000012861385,NA,NA,0.58,"BIOMASS+BIEN+Zanne"
"FAB",1,"M1",25,"Inga edulis",1,107,123,NA,NA,NA,NA,0.58,"BIOMASS+BIEN+Zanne"
"FAB",1,"M1",26,"Inga edulis",NA,112,223,2.835294,1.90000222151195,1,NA,0.58,"BIOMASS+BIEN+Zanne"
"FAB",1,"M1",27,"Inga edulis",1,180,273,13.556004,4.15452047309771,NA,NA,0.58,"BIOMASS+BIEN+Zanne"
"FAB",1,"M1",28,"Inga edulis",1,204,273,11.851686,3.88458946183301,NA,NA,0.58,"BIOMASS+BIEN+Zanne"
"FAB",1,"M1",29,"Inga edulis",1,115,164,3.094476,1.98494564495703,NA,NA,0.58,"BIOMASS+BIEN+Zanne"
"FAB",1,"M1",30,"Inga edulis",1,145,200,6.353886,2.84429585626023,NA,NA,0.58,"BIOMASS+BIEN+Zanne"
"FAB",1,"M1",31,"Inga edulis",1,186,220,7.861854,3.16386210314772,NA,NA,0.58,"BIOMASS+BIEN+Zanne"
"FAB",1,"M1",32,"Inga edulis",1,197,267,15.04041,4.37607641398436,NA,NA,0.58,"BIOMASS+BIEN+Zanne"
"FAB",1,"M1",33,"Inga edulis",1,181,300,14.459214,4.29069260732907,NA,NA,0.58,"BIOMASS+BIEN+Zanne"
"FAB",1,"M1",34,"Inga edulis",1,217,345,12.197262,3.94081670671138,NA,NA,0.58,"BIOMASS+BIEN+Zanne"
"FAB",1,"M1",35,"Inga edulis",1,161,335,17.6715,4.74342203633489,NA,NA,0.58,"BIOMASS+BIEN+Zanne"
"FAB",1,"M1",36,"Inga edulis",1,145,205,8.576568,3.30454619209812,NA,NA,0.58,"BIOMASS+BIEN+Zanne"
"FAB",1,"M1",37,"Inga edulis",1,80,143,NA,NA,NA,NA,0.58,"BIOMASS+BIEN+Zanne"
"FAB",1,"M1",38,"Inga edulis",1,146,215,11.553234,3.83536626652251,NA,NA,0.58,"BIOMASS+BIEN+Zanne"
"FAB",1,"M1",39,"Inga edulis",1,133,190,6.039726,2.77308816710993,NA,NA,0.58,"BIOMASS+BIEN+Zanne"
"FAB",1,"M1",40,"Inga edulis",1,139,152,0.7854,1.00000116921681,NA,NA,0.58,"BIOMASS+BIEN+Zanne"
"FAB",1,"M1",41,"Inga edulis",1,250,340,39.552744,7.09648629700547,NA,NA,0.58,"BIOMASS+BIEN+Zanne"
"FAB",1,"M1",42,"Inga edulis",1,225,348,21.567084,5.24023512959342,NA,NA,0.58,"BIOMASS+BIEN+Zanne"
"FAB",1,"M1",43,"Inga edulis",1,116,140,NA,NA,NA,NA,0.58,"BIOMASS+BIEN+Zanne"
"FAB",1,"M1",44,"Inga edulis",1,78,187,2.010624,1.6000018707469,NA,NA,0.58,"BIOMASS+BIEN+Zanne"
"FAB",1,"M1",45,"Inga edulis",1,191,226,11.168388,3.7709459360412,NA,NA,0.58,"BIOMASS+BIEN+Zanne"
"FAB",1,"M1",46,"Inga edulis",1,174,245,13.147596,4.09145929289317,NA,NA,0.58,"BIOMASS+BIEN+Zanne"
"FAB",1,"M1",47,"Inga edulis",NA,100,274,10.869936,3.72021939728564,1,NA,0.58,"BIOMASS+BIEN+Zanne"
"FAB",1,"M1",48,"Inga edulis",1,167,323,27.206256,5.88558246933881,NA,NA,0.58,"BIOMASS+BIEN+Zanne"
"FAB",1,"M1",49,"Inga edulis",1,205,342,25.117092,5.65509281826136,NA,NA,0.58,"BIOMASS+BIEN+Zanne"
"FAB",2,"M1",2,"Inga edulis",1,220,338,16.030014,4.51774808145145,NA,NA,0.58,"BIOMASS+BIEN+Zanne"
"FAB",2,"M1",3,"Inga edulis",1,215,322,15.998598,4.5133189156009,NA,NA,0.58,"BIOMASS+BIEN+Zanne"
"FAB",2,"M1",4,"Inga edulis",1,230,353,39.835488,7.12180585283136,NA,NA,0.58,"BIOMASS+BIEN+Zanne"
"FAB",2,"M1",5,"Inga edulis",1,200,234,8.937852,3.37342950295249,NA,NA,0.58,"BIOMASS+BIEN+Zanne"
"FAB",2,"M1",6,"Inga edulis",1,300,392,31.423854,6.3253532360481,NA,NA,0.58,"BIOMASS+BIEN+Zanne"
"FAB",2,"M1",7,"Inga edulis",1,150,200,2.010624,1.6000018707469,NA,NA,0.58,"BIOMASS+BIEN+Zanne"
"FAB",2,"M1",8,"Inga edulis",1,NA,322,21.786996,5.26688379102737,NA,NA,0.58,"BIOMASS+BIEN+Zanne"
"FAB",2,"M1",9,"Inga edulis",1,NA,396,33.285252,6.5099999310964,NA,NA,0.58,"BIOMASS+BIEN+Zanne"
"FAB",2,"M1",10,"Inga edulis",1,NA,347,29.837346,6.16361004908207,NA,NA,0.58,"BIOMASS+BIEN+Zanne"
"FAB",2,"M1",11,"Inga edulis",1,NA,410,29.892324,6.1692859392993,NA,NA,0.58,"BIOMASS+BIEN+Zanne"
"FAB",2,"M1",12,"Inga edulis",1,NA,406,41.335602,7.2546621611095,NA,NA,0.58,"BIOMASS+BIEN+Zanne"
"FAB",2,"M1",13,"Inga edulis",1,NA,403,63.177576,8.96884541642408,NA,NA,0.58,"BIOMASS+BIEN+Zanne"
"FAB",2,"M1",14,"Inga edulis",1,NA,183,2.960958,1.94165105410317,NA,NA,0.58,"BIOMASS+BIEN+Zanne"
"FAB",2,"M1",15,"Inga edulis",1,185,260,13.768062,4.18688917846717,NA,NA,0.58,"BIOMASS+BIEN+Zanne"
"FAB",2,"M1",16,"Inga edulis",1,210,250,9.841062,3.53977814284886,NA,NA,0.58,"BIOMASS+BIEN+Zanne"
"FAB",2,"M1",17,"Inga edulis",1,215,347,17.12172,4.66905247109978,NA,NA,0.58,"BIOMASS+BIEN+Zanne"
"FAB",2,"M1",18,"Inga edulis",1,250,430,45.144792,7.58156543289337,NA,NA,0.58,"BIOMASS+BIEN+Zanne"
"FAB",2,"M1",19,"Inga edulis",1,285,300,12.731334,4.02616913529863,NA,NA,0.58,"BIOMASS+BIEN+Zanne"
"FAB",2,"M1",20,"Inga edulis",1,240,329,29.122632,6.08934205880813,NA,NA,0.58,"BIOMASS+BIEN+Zanne"
"FAB",2,"M1",21,"Inga edulis",1,155,227,7.50057,3.0903110413119,NA,NA,0.58,"BIOMASS+BIEN+Zanne"
"FAB",2,"M1",22,"Inga edulis",1,NA,410,43.817466,7.46927911255755,NA,NA,0.58,"BIOMASS+BIEN+Zanne"
"FAB",2,"M1",23,"Inga edulis",1,NA,389,42.309498,7.33962710030239,NA,NA,0.58,"BIOMASS+BIEN+Zanne"
"FAB",2,"M1",24,"Inga edulis",1,NA,440,59.25843,8.68620610133794,NA,NA,0.58,"BIOMASS+BIEN+Zanne"
"FAB",2,"M1",25,"Inga edulis",1,NA,515,78.390774,9.99050716426333,NA,NA,0.58,"BIOMASS+BIEN+Zanne"
"FAB",2,"M1",26,"Inga edulis",NA,NA,318,9.11064,3.40588125539426,1,NA,0.58,"BIOMASS+BIEN+Zanne"
"FAB",2,"M1",27,"Inga edulis",1,NA,393,18.009222,4.78853355635256,NA,NA,0.58,"BIOMASS+BIEN+Zanne"
"FAB",2,"M1",28,"Inga edulis",1,NA,263,18.213426,4.81560528161389,NA,NA,0.58,"BIOMASS+BIEN+Zanne"
"FAB",2,"M1",29,"Inga edulis",1,230,305,15.189636,4.39773182735519,NA,NA,0.58,"BIOMASS+BIEN+Zanne"
"FAB",2,"M1",30,"Inga edulis",1,270,413,28.887012,6.06465877091524,NA,NA,0.58,"BIOMASS+BIEN+Zanne"
"FAB",2,"M1",31,"Inga edulis",1,290,470,48.671238,7.87211184580204,NA,NA,0.58,"BIOMASS+BIEN+Zanne"
"FAB",2,"M1",32,"Inga edulis",1,330,550,63.130452,8.96549987247811,NA,NA,0.58,"BIOMASS+BIEN+Zanne"
"FAB",2,"M1",33,"Inga edulis",1,300,591,58.143162,8.60407886495369,NA,NA,0.58,"BIOMASS+BIEN+Zanne"
"FAB",2,"M1",34,"Inga edulis",1,280,457,47.728758,7.79552064372193,NA,NA,0.58,"BIOMASS+BIEN+Zanne"
"FAB",2,"M1",35,"Inga edulis",1,220,347,37.589244,6.91810031132094,NA,NA,0.58,"BIOMASS+BIEN+Zanne"
"FAB",2,"M1",36,"Inga edulis",1,295,397,46.856964,7.72399763794836,NA,NA,0.58,"BIOMASS+BIEN+Zanne"
"FAB",2,"M1",37,"Inga edulis",1,305,494,67.332342,9.25906045309308,NA,NA,0.58,"BIOMASS+BIEN+Zanne"
"FAB",2,"M1",38,"Inga edulis",1,310,505,39.6627,7.10634351062256,NA,NA,0.58,"BIOMASS+BIEN+Zanne"
"FAB",2,"M1",39,"Inga edulis",1,310,600,75.508356,9.80511217769285,NA,NA,0.58,"BIOMASS+BIEN+Zanne"
"FAB",2,"M1",40,"Inga edulis",1,296,510,43.31481,7.42631328215354,NA,NA,0.58,"BIOMASS+BIEN+Zanne"
"FAB",2,"M1",41,"Inga edulis",1,225,415,30.771972,6.25940026039901,NA,NA,0.58,"BIOMASS+BIEN+Zanne"
"FAB",2,"M1",42,"Inga edulis",1,230,300,31.29819,6.31269302173285,NA,NA,0.58,"BIOMASS+BIEN+Zanne"
"FAB",2,"M1",43,"Inga edulis",1,NA,233,10.218054,3.60694197666657,NA,NA,0.58,"BIOMASS+BIEN+Zanne"
"FAB",2,"M1",44,"Inga edulis",1,NA,454,89.056506,10.6484865194611,NA,NA,0.58,"BIOMASS+BIEN+Zanne"
"FAB",2,"M1",45,"Inga edulis",1,NA,542,57.813294,8.57963706296485,NA,NA,0.58,"BIOMASS+BIEN+Zanne"
"FAB",2,"M1",46,"Inga edulis",1,NA,462,70.591752,9.48051740036046,NA,NA,0.58,"BIOMASS+BIEN+Zanne"
"FAB",2,"M1",47,"Inga edulis",1,NA,533,46.629198,7.70520206307958,NA,NA,0.58,"BIOMASS+BIEN+Zanne"
"FAB",2,"M1",48,"Inga edulis",1,NA,300,28.94199,6.07042718194771,NA,NA,0.58,"BIOMASS+BIEN+Zanne"
"FAB",2,"M1",49,"Inga edulis",1,NA,314,11.50611,3.82753631701552,NA,NA,0.58,"BIOMASS+BIEN+Zanne"
"FAB",3,"M1",2,"Inga edulis",1,225,375,17.569398,4.72969896619128,NA,NA,0.58,"BIOMASS+BIEN+Zanne"
"FAB",3,"M1",3,"Inga edulis",1,322,563,74.157468,9.7170067816706,NA,NA,0.58,"BIOMASS+BIEN+Zanne"
"FAB",3,"M1",4,"Inga edulis",1,300,528,32.374188,6.42028787440957,NA,NA,0.58,"BIOMASS+BIEN+Zanne"
"FAB",3,"M1",5,"Inga edulis",1,248,360,28.188006,5.99083332487493,NA,NA,0.58,"BIOMASS+BIEN+Zanne"
"FAB",3,"M1",6,"Inga edulis",1,257,366,42.199542,7.33008360416935,NA,NA,0.58,"BIOMASS+BIEN+Zanne"
"FAB",3,"M1",7,"Inga edulis",1,320,387,44.657844,7.54056582514959,NA,NA,0.58,"BIOMASS+BIEN+Zanne"
"FAB",3,"M1",8,"Inga edulis",1,NA,525,65.156784,9.10824867889362,NA,NA,0.58,"BIOMASS+BIEN+Zanne"
"FAB",3,"M1",9,"Inga edulis",1,NA,170,25.5255,5.70088379105708,NA,NA,0.58,"BIOMASS+BIEN+Zanne"
"FAB",3,"M1",10,"Inga edulis",1,NA,498,27.968094,5.96741847633214,NA,NA,0.58,"BIOMASS+BIEN+Zanne"
"FAB",3,"M1",11,"Inga edulis",1,NA,512,34.9503,6.67083983171215,NA,NA,0.58,"BIOMASS+BIEN+Zanne"
"FAB",3,"M1",12,"Inga edulis",1,NA,388,24.457356,5.58032909592847,NA,NA,0.58,"BIOMASS+BIEN+Zanne"
"FAB",3,"M1",13,"Inga edulis",1,NA,408,20.4204,5.09902547545214,NA,NA,0.58,"BIOMASS+BIEN+Zanne"
"FAB",3,"M1",14,"Inga edulis",1,NA,223,5.37999,2.61725352579373,NA,NA,0.58,"BIOMASS+BIEN+Zanne"
"FAB",3,"M1",15,"Inga edulis",1,376,532,52.433304,8.17068883962181,NA,NA,0.58,"BIOMASS+BIEN+Zanne"
"FAB",3,"M1",16,"Inga edulis",1,300,488,46.02444,7.65507263403103,NA,NA,0.58,"BIOMASS+BIEN+Zanne"
"FAB",3,"M1",17,"Inga edulis",1,232,484,48.074334,7.82369114520801,NA,NA,0.58,"BIOMASS+BIEN+Zanne"
"FAB",3,"M1",18,"Inga edulis",1,336,493,39.411372,7.08379258184965,NA,NA,0.58,"BIOMASS+BIEN+Zanne"
"FAB",3,"M1",19,"Inga edulis",1,164,232,2.835294,1.90000222151195,NA,NA,0.58,"BIOMASS+BIEN+Zanne"
"FAB",3,"M1",20,"Inga edulis",1,223,285,10.414404,3.64143254882581,NA,NA,0.58,"BIOMASS+BIEN+Zanne"
"FAB",3,"M1",21,"Inga edulis",1,163,220,3.5343,2.12132282384306,NA,NA,0.58,"BIOMASS+BIEN+Zanne"
"FAB",3,"M1",22,"Inga edulis",1,NA,470,97.413162,11.1368887053832,NA,NA,0.58,"BIOMASS+BIEN+Zanne"
"FAB",3,"M1",23,"Inga edulis",1,NA,200,1.539384,1.40000163690354,NA,NA,0.58,"BIOMASS+BIEN+Zanne"
"FAB",3,"M1",24,"Inga edulis",1,NA,418,30.756264,6.25780245558411,NA,NA,0.58,"BIOMASS+BIEN+Zanne"
"FAB",3,"M1",25,"Inga edulis",1,NA,440,22.281798,5.32635582189182,NA,NA,0.58,"BIOMASS+BIEN+Zanne"
"FAB",3,"M1",26,"Inga edulis",1,NA,400,28.345086,6.00750234241478,NA,NA,0.58,"BIOMASS+BIEN+Zanne"
"FAB",3,"M1",27,"Inga edulis",1,NA,130,NA,NA,NA,NA,0.58,"BIOMASS+BIEN+Zanne"
"FAB",3,"M1",28,"Inga edulis",1,NA,215,7.139286,3.01496621148134,NA,NA,0.58,"BIOMASS+BIEN+Zanne"
"FAB",3,"M1",29,"Inga edulis",1,287,447,40.715136,7.20000841836107,NA,NA,0.58,"BIOMASS+BIEN+Zanne"
"FAB",3,"M1",30,"Inga edulis",1,234,580,36.48183,6.81543165326347,NA,NA,0.58,"BIOMASS+BIEN+Zanne"
"FAB",3,"M1",31,"Inga edulis",1,232,387,17.23953,4.68508818792647,NA,NA,0.58,"BIOMASS+BIEN+Zanne"
"FAB",3,"M1",32,"Inga edulis",1,225,375,20.93091,5.16236983557868,NA,NA,0.58,"BIOMASS+BIEN+Zanne"
"FAB",3,"M1",33,"Inga edulis",1,175,335,12.951246,4.06079284879112,NA,NA,0.58,"BIOMASS+BIEN+Zanne"
"FAB",3,"M1",34,"Inga edulis",1,175,260,12.220824,3.94462119677524,NA,NA,0.58,"BIOMASS+BIEN+Zanne"
"FAB",3,"M1",35,"Inga edulis",1,175,220,6.141828,2.79642956045055,NA,NA,0.58,"BIOMASS+BIEN+Zanne"
"FAB",3,"M1",36,"Inga edulis",1,300,448,87.187254,10.5361406401808,NA,NA,0.58,"BIOMASS+BIEN+Zanne"
"FAB",3,"M1",37,"Inga edulis",1,310,423,81.351732,10.1774379003312,NA,NA,0.58,"BIOMASS+BIEN+Zanne"
"FAB",3,"M1",38,"Inga edulis",1,270,345,37.793448,6.93686618910096,NA,NA,0.58,"BIOMASS+BIEN+Zanne"
"FAB",3,"M1",39,"Inga edulis",1,225,300,5.309304,2.60000303996372,NA,NA,0.58,"BIOMASS+BIEN+Zanne"
"FAB",3,"M1",40,"Inga edulis",1,213,327,12.5664,4.00000467686726,NA,NA,0.58,"BIOMASS+BIEN+Zanne"
"FAB",3,"M1",41,"Inga edulis",1,104,156,1.130976,1.20000140306018,NA,NA,0.58,"BIOMASS+BIEN+Zanne"
"FAB",3,"M1",42,"Inga edulis",1,225,250,12.362196,3.96737152368755,NA,NA,0.58,"BIOMASS+BIEN+Zanne"
"FAB",3,"M1",43,"Inga edulis",1,NA,370,41.013588,7.22634915521493,NA,NA,0.58,"BIOMASS+BIEN+Zanne"
"FAB",3,"M1",44,"Inga edulis",1,NA,422,33.591558,6.53988532123193,NA,NA,0.58,"BIOMASS+BIEN+Zanne"
"FAB",3,"M1",45,"Inga edulis",1,NA,380,30.960468,6.27854220190544,NA,NA,0.58,"BIOMASS+BIEN+Zanne"
"FAB",3,"M1",46,"Inga edulis",1,NA,317,16.854684,4.63249934514998,NA,NA,0.58,"BIOMASS+BIEN+Zanne"
"FAB",3,"M1",47,"Inga edulis",1,NA,357,35.358708,6.70970232397411,NA,NA,0.58,"BIOMASS+BIEN+Zanne"
"FAB",3,"M1",48,"Inga edulis",1,NA,200,4.523904,2.40000280612036,NA,NA,0.58,"BIOMASS+BIEN+Zanne"
"FAB",3,"M1",49,"Inga edulis",1,NA,175,1.327326,1.30000151998186,NA,NA,0.58,"BIOMASS+BIEN+Zanne"
"FAB",4,"M1",2,"Inga edulis",1,104,150,NA,NA,NA,NA,0.58,"BIOMASS+BIEN+Zanne"
"FAB",4,"M1",3,"Inga edulis",1,120,182,NA,NA,NA,NA,0.58,"BIOMASS+BIEN+Zanne"
"FAB",4,"M1",4,"Inga edulis",1,170,220,9.18918,3.42053027463425,NA,NA,0.58,"BIOMASS+BIEN+Zanne"
"FAB",4,"M1",5,"Inga edulis",1,158,233,4.814502,2.47588657547282,NA,NA,0.58,"BIOMASS+BIEN+Zanne"
"FAB",4,"M1",6,"Inga edulis",1,137,240,5.599902,2.67020910661347,NA,NA,0.58,"BIOMASS+BIEN+Zanne"
"FAB",4,"M1",7,"Inga edulis",1,159,233,7.178556,3.02324682639309,NA,NA,0.58,"BIOMASS+BIEN+Zanne"
"FAB",4,"M1",8,"Inga edulis",1,178,270,24.826494,5.62228369240918,NA,NA,0.58,"BIOMASS+BIEN+Zanne"
"FAB",4,"M1",9,"Inga edulis",1,220,234,12.322926,3.96106509540617,NA,NA,0.58,"BIOMASS+BIEN+Zanne"
"FAB",4,"M1",10,"Inga edulis",1,220,195,2.717484,1.86010969864282,NA,NA,0.58,"BIOMASS+BIEN+Zanne"
"FAB",4,"M1",11,"Inga edulis",1,179,212,3.872022,2.22036292720009,NA,NA,0.58,"BIOMASS+BIEN+Zanne"
"FAB",4,"M1",12,"Inga edulis",1,132,277,18.072054,4.7968795906703,NA,NA,0.58,"BIOMASS+BIEN+Zanne"
"FAB",4,"M1",13,"Inga edulis",1,147,237,18.174156,4.81041101272914,NA,NA,0.58,"BIOMASS+BIEN+Zanne"
"FAB",4,"M1",14,"Inga edulis",1,175,250,20.561772,5.11664550464738,NA,NA,0.58,"BIOMASS+BIEN+Zanne"
"FAB",4,"M1",15,"Inga edulis",1,158,180,4.798794,2.47184430898021,NA,NA,0.58,"BIOMASS+BIEN+Zanne"
"FAB",4,"M1",16,"Inga edulis",1,165,264,23.48346,5.46809563917882,NA,NA,0.58,"BIOMASS+BIEN+Zanne"
"FAB",4,"M1",17,"Inga edulis",1,170,173,1.130976,1.20000140306018,NA,NA,0.58,"BIOMASS+BIEN+Zanne"
"FAB",4,"M1",18,"Inga edulis",1,208,270,26.491542,5.80776022881562,NA,NA,0.58,"BIOMASS+BIEN+Zanne"
"FAB",4,"M1",19,"Inga edulis",1,122,230,8.56086,3.30151866403046,NA,NA,0.58,"BIOMASS+BIEN+Zanne"
"FAB",4,"M1",20,"Inga edulis",1,230,200,5.702004,2.69444186744455,NA,NA,0.58,"BIOMASS+BIEN+Zanne"
"FAB",4,"M1",21,"Inga edulis",1,158,240,16.053576,4.52106710828443,NA,NA,0.58,"BIOMASS+BIEN+Zanne"
"FAB",4,"M1",22,"Inga edulis",1,122,190,5.207202,2.57488164850815,NA,NA,0.58,"BIOMASS+BIEN+Zanne"
"FAB",4,"M1",23,"Inga edulis",1,230,257,17.223822,4.68295326496854,NA,NA,0.58,"BIOMASS+BIEN+Zanne"
"FAB",4,"M1",24,"Inga edulis",1,141,182,3.330096,2.05912843576218,NA,NA,0.58,"BIOMASS+BIEN+Zanne"
"FAB",4,"M1",25,"Inga edulis",1,230,267,20.443962,5.10196637282754,NA,NA,0.58,"BIOMASS+BIEN+Zanne"
"FAB",4,"M1",26,"Inga edulis",1,196,275,16.116408,4.52990595759847,NA,NA,0.58,"BIOMASS+BIEN+Zanne"
"FAB",4,"M1",27,"Inga edulis",1,146,270,8.984976,3.38231085970766,NA,NA,0.58,"BIOMASS+BIEN+Zanne"
"FAB",4,"M1",28,"Inga edulis",1,163,255,13.964412,4.21663865862066,NA,NA,0.58,"BIOMASS+BIEN+Zanne"
"FAB",4,"M1",29,"Inga edulis",1,196,250,8.694378,3.32716484209536,NA,NA,0.58,"BIOMASS+BIEN+Zanne"
"FAB",4,"M1",30,"Inga edulis",1,179,260,21.841974,5.27352491526088,NA,NA,0.58,"BIOMASS+BIEN+Zanne"
"FAB",4,"M1",31,"Inga edulis",1,128,170,1.539384,1.40000163690354,NA,NA,0.58,"BIOMASS+BIEN+Zanne"
"FAB",4,"M1",32,"Inga edulis",1,154,205,10.351572,3.63043121689053,NA,NA,0.58,"BIOMASS+BIEN+Zanne"
"FAB",4,"M1",33,"Inga edulis",1,165,200,8.152452,3.221804505701,NA,NA,0.58,"BIOMASS+BIEN+Zanne"
"FAB",4,"M1",34,"Inga edulis",1,200,253,17.263092,4.68828874951205,NA,NA,0.58,"BIOMASS+BIEN+Zanne"
"FAB",4,"M1",35,"Inga edulis",1,170,243,15.896496,4.49889401185717,NA,NA,0.58,"BIOMASS+BIEN+Zanne"
"FAB",4,"M1",36,"Inga edulis",1,154,236,4.75167,2.45967765114287,NA,NA,0.58,"BIOMASS+BIEN+Zanne"
"FAB",4,"M1",37,"Inga edulis",1,189,290,22.438878,5.34509745552762,NA,NA,0.58,"BIOMASS+BIEN+Zanne"
"FAB",4,"M1",38,"Inga edulis",1,193,270,14.184324,4.24971084100272,NA,NA,0.58,"BIOMASS+BIEN+Zanne"
"FAB",4,"M1",39,"Inga edulis",1,178,203,5.686296,2.69072795545543,NA,NA,0.58,"BIOMASS+BIEN+Zanne"
"FAB",4,"M1",40,"Inga edulis",1,193,225,8.278116,3.24654041205479,NA,NA,0.58,"BIOMASS+BIEN+Zanne"
"FAB",4,"M1",41,"Inga edulis",1,183,300,18.708228,4.88057944321385,NA,NA,0.58,"BIOMASS+BIEN+Zanne"
"FAB",4,"M1",42,"Inga edulis",1,184,270,13.053348,4.07676818874824,NA,NA,0.58,"BIOMASS+BIEN+Zanne"
"FAB",4,"M1",43,"Inga edulis",1,164,245,7.390614,3.06757591669274,NA,NA,0.58,"BIOMASS+BIEN+Zanne"
"FAB",4,"M1",44,"Inga edulis",1,196,300,16.29705,4.55522211560822,NA,NA,0.58,"BIOMASS+BIEN+Zanne"
"FAB",4,"M1",45,"Inga edulis",1,203,264,29.248296,6.10246565605406,NA,NA,0.58,"BIOMASS+BIEN+Zanne"
"FAB",4,"M1",46,"Inga edulis",1,190,240,9.46407,3.47131505025714,NA,NA,0.58,"BIOMASS+BIEN+Zanne"
"FAB",4,"M1",47,"Inga edulis",1,200,232,7.437738,3.07734010875942,NA,NA,0.58,"BIOMASS+BIEN+Zanne"
"FAB",4,"M1",48,"Inga edulis",1,260,350,33.481602,6.52917297117207,NA,NA,0.58,"BIOMASS+BIEN+Zanne"
"FAB",4,"M1",49,"Inga edulis",1,205,334,23.114322,5.42494873894141,NA,NA,0.58,"BIOMASS+BIEN+Zanne"
"FAB",5,"M1",2,"Inga edulis",1,219,300,31.408146,6.32377209535697,NA,NA,0.58,"BIOMASS+BIEN+Zanne"
"FAB",5,"M1",3,"Inga edulis",1,200,285,18.684666,4.87750506215714,NA,NA,0.58,"BIOMASS+BIEN+Zanne"
"FAB",5,"M1",4,"Inga edulis",1,195,230,13.870164,4.20238519138382,NA,NA,0.58,"BIOMASS+BIEN+Zanne"
"FAB",5,"M1",5,"Inga edulis",1,156,184,4.98729,2.51992358000441,NA,NA,0.58,"BIOMASS+BIEN+Zanne"
"FAB",5,"M1",6,"Inga edulis",1,141,166,1.735734,1.48660861289761,NA,NA,0.58,"BIOMASS+BIEN+Zanne"
"FAB",5,"M1",7,"Inga edulis",1,142,210,4.091934,2.28254511088967,NA,NA,0.58,"BIOMASS+BIEN+Zanne"
"FAB",5,"M1",8,"Inga edulis",1,NA,317,28.714224,6.04649365278617,NA,NA,0.58,"BIOMASS+BIEN+Zanne"
"FAB",5,"M1",9,"Inga edulis",1,NA,350,29.436792,6.1220983040575,NA,NA,0.58,"BIOMASS+BIEN+Zanne"
"FAB",5,"M1",10,"Inga edulis",1,NA,280,9.746814,3.52278710965882,NA,NA,0.58,"BIOMASS+BIEN+Zanne"
"FAB",5,"M1",11,"Inga edulis",1,NA,153,1.539384,1.40000163690354,NA,NA,0.58,"BIOMASS+BIEN+Zanne"
"FAB",5,"M1",12,"Inga edulis",1,NA,207,4.75167,2.45967765114287,NA,NA,0.58,"BIOMASS+BIEN+Zanne"
"FAB",5,"M1",13,"Inga edulis",1,NA,295,25.5255,5.70088379105708,NA,NA,0.58,"BIOMASS+BIEN+Zanne"
"FAB",5,"M1",14,"Inga edulis",1,NA,270,11.443278,3.81707139977731,NA,NA,0.58,"BIOMASS+BIEN+Zanne"
"FAB",5,"M1",15,"Inga edulis",1,182,255,15.056118,4.37836097504522,NA,NA,0.58,"BIOMASS+BIEN+Zanne"
"FAB",5,"M1",16,"Inga edulis",1,197,316,32.546976,6.43739830247797,NA,NA,0.58,"BIOMASS+BIEN+Zanne"
"FAB",5,"M1",17,"Inga edulis",1,192,332,16.948932,4.64543329124714,NA,NA,0.58,"BIOMASS+BIEN+Zanne"
"FAB",5,"M1",18,"Inga edulis",1,300,258,9.157764,3.41467820828729,NA,NA,0.58,"BIOMASS+BIEN+Zanne"
"FAB",5,"M1",19,"Inga edulis",1,152,205,4.79094,2.4698206947982,NA,NA,0.58,"BIOMASS+BIEN+Zanne"
"FAB",5,"M1",20,"Inga edulis",1,134,150,NA,NA,NA,NA,0.58,"BIOMASS+BIEN+Zanne"
"FAB",5,"M1",21,"Inga edulis",1,120,170,0.7854,1.00000116921681,NA,NA,0.58,"BIOMASS+BIEN+Zanne"
"FAB",5,"M1",22,"Inga edulis",1,NA,250,14.200032,4.25206329667195,NA,NA,0.58,"BIOMASS+BIEN+Zanne"
"FAB",5,"M1",23,"Inga edulis",1,NA,345,23.263548,5.44243229305102,NA,NA,0.58,"BIOMASS+BIEN+Zanne"
"FAB",5,"M1",24,"Inga edulis",1,NA,260,16.045722,4.51996103680408,NA,NA,0.58,"BIOMASS+BIEN+Zanne"
"FAB",5,"M1",25,"Inga edulis",1,NA,307,22.556688,5.35911066874469,NA,NA,0.58,"BIOMASS+BIEN+Zanne"
"FAB",5,"M1",26,"Inga edulis",1,NA,277,7.751898,3.14165928775757,NA,NA,0.58,"BIOMASS+BIEN+Zanne"
"FAB",5,"M1",27,"Inga edulis",1,NA,194,12.637086,4.01123891402882,NA,NA,0.58,"BIOMASS+BIEN+Zanne"
"FAB",5,"M1",28,"Inga edulis",1,NA,177,0.7854,1.00000116921681,NA,NA,0.58,"BIOMASS+BIEN+Zanne"
"FAB",5,"M1",29,"Inga edulis",1,204,255,14.223594,4.25558954189167,NA,NA,0.58,"BIOMASS+BIEN+Zanne"
"FAB",5,"M1",30,"Inga edulis",1,181,300,20.334006,5.08822764251778,NA,NA,0.58,"BIOMASS+BIEN+Zanne"
"FAB",5,"M1",31,"Inga edulis",1,215,335,37.557828,6.91520873321706,NA,NA,0.58,"BIOMASS+BIEN+Zanne"
"FAB",5,"M1",32,"Inga edulis",1,229,260,13.90158,4.20714171264761,NA,NA,0.58,"BIOMASS+BIEN+Zanne"
"FAB",5,"M1",33,"Inga edulis",1,182,260,5.482092,2.64197205175912,NA,NA,0.58,"BIOMASS+BIEN+Zanne"
"FAB",5,"M1",34,"Inga edulis",1,200,250,24.473064,5.58212082148304,NA,NA,0.58,"BIOMASS+BIEN+Zanne"
"FAB",5,"M1",35,"Inga edulis",1,139,160,0.7854,1.00000116921681,NA,NA,0.58,"BIOMASS+BIEN+Zanne"
"FAB",5,"M1",36,"Inga edulis",1,197,300,19.20303,4.94469990744996,NA,NA,0.58,"BIOMASS+BIEN+Zanne"
"FAB",5,"M1",37,"Inga edulis",1,152,260,5.128662,2.55538945563695,NA,NA,0.58,"BIOMASS+BIEN+Zanne"
"FAB",5,"M1",38,"Inga edulis",1,200,333,17.6715,4.74342203633489,NA,NA,0.58,"BIOMASS+BIEN+Zanne"
"FAB",5,"M1",39,"Inga edulis",1,218,319,17.106012,4.66691021245473,NA,NA,0.58,"BIOMASS+BIEN+Zanne"
"FAB",5,"M1",40,"Inga edulis",1,204,330,19.36011,4.96488243993981,NA,NA,0.58,"BIOMASS+BIEN+Zanne"
"FAB",5,"M1",41,"Inga edulis",1,186,240,13.681668,4.17373223093404,NA,NA,0.58,"BIOMASS+BIEN+Zanne"
"FAB",5,"M1",42,"Inga edulis",1,168,180,1.916376,1.56205176155638,NA,NA,0.58,"BIOMASS+BIEN+Zanne"
"FAB",5,"M1",43,"Inga edulis",1,NA,270,16.069284,4.52327843984648,NA,NA,0.58,"BIOMASS+BIEN+Zanne"
"FAB",5,"M1",44,"Inga edulis",1,NA,290,18.896724,4.90510512249697,NA,NA,0.58,"BIOMASS+BIEN+Zanne"
"FAB",5,"M1",45,"Inga edulis",1,NA,260,10.414404,3.64143254882581,NA,NA,0.58,"BIOMASS+BIEN+Zanne"
"FAB",5,"M1",46,"Inga edulis",1,NA,260,6.094704,2.78568091249798,NA,NA,0.58,"BIOMASS+BIEN+Zanne"
"FAB",5,"M1",47,"Inga edulis",1,NA,250,11.867394,3.88716289004626,NA,NA,0.58,"BIOMASS+BIEN+Zanne"
"FAB",5,"M1",48,"Inga edulis",1,NA,240,11.726022,3.86394033505106,NA,NA,0.58,"BIOMASS+BIEN+Zanne"
"FAB",5,"M1",49,"Inga edulis",1,NA,190,3.777774,2.1931737842388,NA,NA,0.58,"BIOMASS+BIEN+Zanne"
"FAB",6,"M1",2,"Inga edulis",1,143,224,7.477008,3.085453331668,NA,NA,0.58,"BIOMASS+BIEN+Zanne"
"FAB",6,"M1",3,"Inga edulis",1,235,378,24.802932,5.61961509783163,NA,NA,0.58,"BIOMASS+BIEN+Zanne"
"FAB",6,"M1",4,"Inga edulis",1,191,327,15.307446,4.41475317272643,NA,NA,0.58,"BIOMASS+BIEN+Zanne"
"FAB",6,"M1",5,"Inga edulis",1,182,313,15.90435,4.50000526147567,NA,NA,0.58,"BIOMASS+BIEN+Zanne"
"FAB",6,"M1",6,"Inga edulis",1,275,323,41.74401,7.29041317675618,NA,NA,0.58,"BIOMASS+BIEN+Zanne"
"FAB",6,"M1",7,"Inga edulis",1,250,554,34.620432,6.63928483183352,NA,NA,0.58,"BIOMASS+BIEN+Zanne"
"FAB",6,"M1",8,"Inga edulis",1,NA,273,12.5664,4.00000467686726,NA,NA,0.58,"BIOMASS+BIEN+Zanne"
"FAB",6,"M1",9,"Inga edulis",1,NA,318,10.178784,3.60000420918053,NA,NA,0.58,"BIOMASS+BIEN+Zanne"
"FAB",6,"M1",10,"Inga edulis",1,NA,352,38.280396,6.98141203305762,NA,NA,0.58,"BIOMASS+BIEN+Zanne"
"FAB",6,"M1",11,"Inga edulis",1,NA,300,15.111096,4.3863475684776,NA,NA,0.58,"BIOMASS+BIEN+Zanne"
"FAB",6,"M1",12,"Inga edulis",1,NA,245,7.359198,3.06104915202875,NA,NA,0.58,"BIOMASS+BIEN+Zanne"
"FAB",6,"M1",13,"Inga edulis",1,NA,351,9.079224,3.40000397533717,NA,NA,0.58,"BIOMASS+BIEN+Zanne"
"FAB",6,"M1",14,"Inga edulis",1,NA,338,45.647448,7.62365633471512,NA,NA,0.58,"BIOMASS+BIEN+Zanne"
"FAB",6,"M1",15,"Inga edulis",1,184,250,12.299364,3.95727641439059,NA,NA,0.58,"BIOMASS+BIEN+Zanne"
"FAB",6,"M1",16,"Inga edulis",1,207,260,10.398696,3.63868533413915,NA,NA,0.58,"BIOMASS+BIEN+Zanne"
"FAB",6,"M1",17,"Inga edulis",1,256,353,25.21134,5.66569281410168,NA,NA,0.58,"BIOMASS+BIEN+Zanne"
"FAB",6,"M1",18,"Inga edulis",1,179,260,7.547694,3.10000362457213,NA,NA,0.58,"BIOMASS+BIEN+Zanne"
"FAB",6,"M1",19,"Inga edulis",1,195,250,15.495942,4.44185165638414,NA,NA,0.58,"BIOMASS+BIEN+Zanne"
"FAB",6,"M1",20,"Inga edulis",1,240,379,21.237216,5.20000607992744,NA,NA,0.58,"BIOMASS+BIEN+Zanne"
"FAB",6,"M1",21,"Inga edulis",1,225,353,23.294964,5.44610588934718,NA,NA,0.58,"BIOMASS+BIEN+Zanne"
"FAB",6,"M1",22,"Inga edulis",1,NA,200,3.96627,2.24722313291243,NA,NA,0.58,"BIOMASS+BIEN+Zanne"
"FAB",6,"M1",23,"Inga edulis",1,NA,274,6.63663,2.90689176953249,NA,NA,0.58,"BIOMASS+BIEN+Zanne"
"FAB",6,"M1",24,"Inga edulis",1,NA,325,14.41209,4.28369500668315,NA,NA,0.58,"BIOMASS+BIEN+Zanne"
"FAB",6,"M1",25,"Inga edulis",1,NA,270,12.613524,4.00749766753096,NA,NA,0.58,"BIOMASS+BIEN+Zanne"
"FAB",6,"M1",26,"Inga edulis",1,NA,230,8.2467,3.24037413789943,NA,NA,0.58,"BIOMASS+BIEN+Zanne"
"FAB",6,"M1",27,"Inga edulis",1,NA,336,19.16376,4.93964138959641,NA,NA,0.58,"BIOMASS+BIEN+Zanne"
"FAB",6,"M1",28,"Inga edulis",1,NA,361,15.621606,4.45982583869282,NA,NA,0.58,"BIOMASS+BIEN+Zanne"
"FAB",6,"M1",29,"Inga edulis",1,150,217,8.466612,3.28329487075548,NA,NA,0.58,"BIOMASS+BIEN+Zanne"
"FAB",6,"M1",30,"Inga edulis",1,83,180,1.327326,1.30000151998186,NA,NA,0.58,"BIOMASS+BIEN+Zanne"
"FAB",6,"M1",31,"Inga edulis",1,135,234,4.916604,2.5020021260189,NA,NA,0.58,"BIOMASS+BIEN+Zanne"
"FAB",6,"M1",32,"Inga edulis",1,118,200,2.458302,1.76918266985112,NA,NA,0.58,"BIOMASS+BIEN+Zanne"
"FAB",6,"M1",33,"Inga edulis",1,212,287,10.869936,3.72021939728564,NA,NA,0.58,"BIOMASS+BIEN+Zanne"
"FAB",6,"M1",34,"Inga edulis",1,156,300,9.62115,3.50000409225885,NA,NA,0.58,"BIOMASS+BIEN+Zanne"
"FAB",6,"M1",35,"Inga edulis",1,275,360,17.00391,4.65296148996719,NA,NA,0.58,"BIOMASS+BIEN+Zanne"
"FAB",6,"M1",36,"Inga edulis",1,112,200,2.544696,1.80000210459027,NA,NA,0.58,"BIOMASS+BIEN+Zanne"
"FAB",6,"M1",37,"Inga edulis",1,111,160,NA,NA,NA,NA,0.58,"BIOMASS+BIEN+Zanne"
"FAB",6,"M1",38,"Inga edulis",1,165,205,6.00831,2.76586657108179,NA,NA,0.58,"BIOMASS+BIEN+Zanne"
"FAB",6,"M1",39,"Inga edulis",1,75,106,NA,NA,NA,NA,0.58,"BIOMASS+BIEN+Zanne"
"FAB",6,"M1",40,"Inga edulis",1,110,NA,NA,NA,NA,NA,0.58,"BIOMASS+BIEN+Zanne"
"FAB",6,"M1",41,"Inga edulis",1,182,280,12.079452,3.92173889558321,NA,NA,0.58,"BIOMASS+BIEN+Zanne"
"FAB",6,"M1",42,"Inga edulis",1,210,280,15.990744,4.51221094481813,NA,NA,0.58,"BIOMASS+BIEN+Zanne"
"FAB",6,"M1",43,"Inga edulis",1,NA,300,15.23676,4.40454825897491,NA,NA,0.58,"BIOMASS+BIEN+Zanne"
"FAB",6,"M1",44,"Inga edulis",1,NA,NA,NA,NA,NA,NA,0.58,"BIOMASS+BIEN+Zanne"
"FAB",6,"M1",45,"Inga edulis",1,NA,NA,NA,NA,NA,NA,0.58,"BIOMASS+BIEN+Zanne"
"FAB",6,"M1",46,"Inga edulis",1,NA,144,NA,NA,NA,NA,0.58,"BIOMASS+BIEN+Zanne"
"FAB",6,"M1",47,"Inga edulis",1,NA,193,3.33795,2.06155522321104,NA,NA,0.58,"BIOMASS+BIEN+Zanne"
"FAB",6,"M1",48,"Inga edulis",1,NA,170,NA,NA,NA,NA,0.58,"BIOMASS+BIEN+Zanne"
"FAB",6,"M1",49,"Inga edulis",1,NA,82,NA,NA,NA,NA,0.58,"BIOMASS+BIEN+Zanne"
"FAB",1,"M2",2,"Ficus insipida",1,127,161,1.539384,1.40000163690354,NA,NA,0.37,"BIOMASS+BIEN+Zanne+CIRAD"
"FAB",1,"M2",3,"Ficus insipida",1,200,233,4.154766,2.30000268919867,NA,NA,0.37,"BIOMASS+BIEN+Zanne+CIRAD"
"FAB",1,"M2",4,"Ficus insipida",1,130,119,NA,NA,NA,NA,0.37,"BIOMASS+BIEN+Zanne+CIRAD"
"FAB",1,"M2",5,"Ficus insipida",1,81,110,NA,NA,NA,NA,0.37,"BIOMASS+BIEN+Zanne+CIRAD"
"FAB",1,"M2",6,"Ficus insipida",1,148,184,1.327326,1.30000151998186,NA,NA,0.37,"BIOMASS+BIEN+Zanne+CIRAD"
"FAB",1,"M2",7,"Ficus insipida",1,120,149,1.130976,1.20000140306018,NA,NA,0.37,"BIOMASS+BIEN+Zanne+CIRAD"
"FAB",1,"M2",8,"Ficus insipida",1,109,182,2.544696,1.80000210459027,NA,NA,0.37,"BIOMASS+BIEN+Zanne+CIRAD"
"FAB",1,"M2",9,"Ficus insipida",1,132,213,2.835294,1.90000222151195,NA,NA,0.37,"BIOMASS+BIEN+Zanne+CIRAD"
"FAB",1,"M2",10,"Ficus insipida",NA,100,99,NA,NA,1,NA,0.37,"BIOMASS+BIEN+Zanne+CIRAD"
"FAB",1,"M2",11,"Ficus insipida",1,79,110,NA,NA,NA,NA,0.37,"BIOMASS+BIEN+Zanne+CIRAD"
"FAB",1,"M2",12,"Ficus insipida",1,104,135,NA,NA,NA,NA,0.37,"BIOMASS+BIEN+Zanne+CIRAD"
"FAB",1,"M2",13,"Ficus insipida",1,153,200,6.039726,2.77308816710993,NA,NA,0.37,"BIOMASS+BIEN+Zanne+CIRAD"
"FAB",1,"M2",14,"Ficus insipida",1,100,126,NA,NA,NA,NA,0.37,"BIOMASS+BIEN+Zanne+CIRAD"
"FAB",1,"M2",15,"Ficus insipida",1,172,275,7.924686,3.17647974884291,NA,NA,0.37,"BIOMASS+BIEN+Zanne+CIRAD"
"FAB",1,"M2",16,"Ficus insipida",1,64,97,NA,NA,1,NA,0.37,"BIOMASS+BIEN+Zanne+CIRAD"
"FAB",1,"M2",17,"Ficus insipida",1,145,201,4.602444,2.42074651775626,NA,NA,0.37,"BIOMASS+BIEN+Zanne+CIRAD"
"FAB",1,"M2",18,"Ficus insipida",1,138,190,4.626006,2.42693505751228,NA,NA,0.37,"BIOMASS+BIEN+Zanne+CIRAD"
"FAB",1,"M2",19,"Ficus insipida",1,126,168,2.08131,1.62788396295705,NA,NA,0.37,"BIOMASS+BIEN+Zanne+CIRAD"
"FAB",1,"M2",20,"Ficus insipida",1,106,116,NA,NA,NA,NA,0.37,"BIOMASS+BIEN+Zanne+CIRAD"
"FAB",1,"M2",21,"Ficus insipida",1,189,226,6.6759,2.91547935624615,NA,NA,0.37,"BIOMASS+BIEN+Zanne+CIRAD"
"FAB",1,"M2",22,"Ficus insipida",1,166,294,16.108554,4.52880204483501,NA,NA,0.37,"BIOMASS+BIEN+Zanne+CIRAD"
"FAB",1,"M2",23,"Ficus insipida",1,111,178,3.1416,2.00000233843363,NA,NA,0.37,"BIOMASS+BIEN+Zanne+CIRAD"
"FAB",1,"M2",24,"Ficus insipida",1,104,123,NA,NA,NA,NA,0.37,"BIOMASS+BIEN+Zanne+CIRAD"
"FAB",1,"M2",25,"Ficus insipida",1,159,290,14.003682,4.22256340322984,NA,NA,0.37,"BIOMASS+BIEN+Zanne+CIRAD"
"FAB",1,"M2",26,"Ficus insipida",1,112,212,4.523904,2.40000280612036,NA,NA,0.37,"BIOMASS+BIEN+Zanne+CIRAD"
"FAB",1,"M2",27,"Ficus insipida",1,134,208,3.463614,2.10000245535531,NA,NA,0.37,"BIOMASS+BIEN+Zanne+CIRAD"
"FAB",1,"M2",28,"Ficus insipida",1,166,224,4.523904,2.40000280612036,NA,NA,0.37,"BIOMASS+BIEN+Zanne+CIRAD"
"FAB",1,"M2",29,"Ficus insipida",1,62,85,NA,NA,NA,NA,0.37,"BIOMASS+BIEN+Zanne+CIRAD"
"FAB",1,"M2",30,"Ficus insipida",1,93,99,NA,NA,NA,NA,0.37,"BIOMASS+BIEN+Zanne+CIRAD"
"FAB",1,"M2",31,"Ficus insipida",NA,101,130,NA,NA,1,NA,0.37,"BIOMASS+BIEN+Zanne+CIRAD"
"FAB",1,"M2",32,"Ficus insipida",1,107,203,6.644484,2.90861131524308,NA,NA,0.37,"BIOMASS+BIEN+Zanne+CIRAD"
"FAB",1,"M2",33,"Ficus insipida",1,103,165,4.547466,2.40624469652166,NA,NA,0.37,"BIOMASS+BIEN+Zanne+CIRAD"
"FAB",1,"M2",34,"Ficus insipida",1,117,194,3.1416,2.00000233843363,NA,NA,0.37,"BIOMASS+BIEN+Zanne+CIRAD"
"FAB",1,"M2",35,"Ficus insipida",1,100,12,NA,NA,NA,NA,0.37,"BIOMASS+BIEN+Zanne+CIRAD"
"FAB",1,"M2",36,"Ficus insipida",1,89,85,NA,NA,NA,NA,0.37,"BIOMASS+BIEN+Zanne+CIRAD"
"FAB",1,"M2",37,"Ficus insipida",1,89,138,NA,NA,NA,NA,0.37,"BIOMASS+BIEN+Zanne+CIRAD"
"FAB",1,"M2",38,"Ficus insipida",1,72,118,NA,NA,NA,NA,0.37,"BIOMASS+BIEN+Zanne+CIRAD"
"FAB",1,"M2",39,"Ficus insipida",1,111,185,4.932312,2.50599574727727,NA,NA,0.37,"BIOMASS+BIEN+Zanne+CIRAD"
"FAB",1,"M2",40,"Ficus insipida",1,203,306,25.580478,5.70701990208794,NA,NA,0.37,"BIOMASS+BIEN+Zanne+CIRAD"
"FAB",1,"M2",41,"Ficus insipida",1,166,243,7.689066,3.12890122779205,NA,NA,0.37,"BIOMASS+BIEN+Zanne+CIRAD"
"FAB",1,"M2",42,"Ficus insipida",1,178,225,5.285742,2.59422738742531,NA,NA,0.37,"BIOMASS+BIEN+Zanne+CIRAD"
"FAB",1,"M2",43,"Ficus insipida",1,52,55,NA,NA,NA,NA,0.37,"BIOMASS+BIEN+Zanne+CIRAD"
"FAB",1,"M2",44,"Ficus insipida",1,103,86,NA,NA,NA,NA,0.37,"BIOMASS+BIEN+Zanne+CIRAD"
"FAB",1,"M2",45,"Ficus insipida",1,156,216,8.278116,3.24654041205479,NA,NA,0.37,"BIOMASS+BIEN+Zanne+CIRAD"
"FAB",1,"M2",46,"Ficus insipida",1,100,152,1.327326,1.30000151998186,NA,NA,0.37,"BIOMASS+BIEN+Zanne+CIRAD"
"FAB",1,"M2",47,"Ficus insipida",1,134,220,8.20743,3.23264975471295,NA,NA,0.37,"BIOMASS+BIEN+Zanne+CIRAD"
"FAB",1,"M2",48,"Ficus insipida",1,115,177,2.835294,1.90000222151195,NA,NA,0.37,"BIOMASS+BIEN+Zanne+CIRAD"
"FAB",1,"M2",49,"Ficus insipida",1,112,137,NA,NA,NA,NA,0.37,"BIOMASS+BIEN+Zanne+CIRAD"
"FAB",2,"M2",2,"Ficus insipida",1,85,88,NA,NA,NA,NA,0.37,"BIOMASS+BIEN+Zanne+CIRAD"
"FAB",2,"M2",3,"Ficus insipida",1,99,57,NA,NA,NA,NA,0.37,"BIOMASS+BIEN+Zanne+CIRAD"
"FAB",2,"M2",4,"Ficus insipida",1,85,100,NA,NA,NA,NA,0.37,"BIOMASS+BIEN+Zanne+CIRAD"
"FAB",2,"M2",5,"Ficus insipida",1,72,84,NA,NA,NA,NA,0.37,"BIOMASS+BIEN+Zanne+CIRAD"
"FAB",2,"M2",6,"Ficus insipida",1,27,45,NA,NA,NA,NA,0.37,"BIOMASS+BIEN+Zanne+CIRAD"
"FAB",2,"M2",7,"Ficus insipida",1,42,68,NA,NA,NA,NA,0.37,"BIOMASS+BIEN+Zanne+CIRAD"
"FAB",2,"M2",8,"Ficus insipida",1,130,80,NA,NA,NA,NA,0.37,"BIOMASS+BIEN+Zanne+CIRAD"
"FAB",2,"M2",9,"Ficus insipida",1,38,45,NA,NA,NA,NA,0.37,"BIOMASS+BIEN+Zanne+CIRAD"
"FAB",2,"M2",10,"Ficus insipida",1,17,NA,NA,NA,NA,NA,0.37,"BIOMASS+BIEN+Zanne+CIRAD"
"FAB",2,"M2",11,"Ficus insipida",1,84,83,NA,NA,NA,NA,0.37,"BIOMASS+BIEN+Zanne+CIRAD"
"FAB",2,"M2",12,"Ficus insipida",1,96,103,NA,NA,NA,NA,0.37,"BIOMASS+BIEN+Zanne+CIRAD"
"FAB",2,"M2",13,"Ficus insipida",1,45,70,NA,NA,NA,NA,0.37,"BIOMASS+BIEN+Zanne+CIRAD"
"FAB",2,"M2",14,"Ficus insipida",1,15,25,NA,NA,NA,NA,0.37,"BIOMASS+BIEN+Zanne+CIRAD"
"FAB",2,"M2",15,"Ficus insipida",1,59,70,NA,NA,NA,NA,0.37,"BIOMASS+BIEN+Zanne+CIRAD"
"FAB",2,"M2",16,"Ficus insipida",1,NA,NA,NA,NA,NA,1,0.37,"BIOMASS+BIEN+Zanne+CIRAD"
"FAB",2,"M2",17,"Ficus insipida",1,53,62,NA,NA,NA,NA,0.37,"BIOMASS+BIEN+Zanne+CIRAD"
"FAB",2,"M2",18,"Ficus insipida",1,91,100,NA,NA,NA,NA,0.37,"BIOMASS+BIEN+Zanne+CIRAD"
"FAB",2,"M2",19,"Ficus insipida",1,51,33,NA,NA,NA,NA,0.37,"BIOMASS+BIEN+Zanne+CIRAD"
"FAB",2,"M2",20,"Ficus insipida",1,47,70,NA,NA,NA,NA,0.37,"BIOMASS+BIEN+Zanne+CIRAD"
"FAB",2,"M2",21,"Ficus insipida",1,35,50,NA,NA,NA,NA,0.37,"BIOMASS+BIEN+Zanne+CIRAD"
"FAB",2,"M2",22,"Ficus insipida",NA,92,107,NA,NA,1,NA,0.37,"BIOMASS+BIEN+Zanne+CIRAD"
"FAB",2,"M2",23,"Ficus insipida",1,48,72,NA,NA,NA,NA,0.37,"BIOMASS+BIEN+Zanne+CIRAD"
"FAB",2,"M2",24,"Ficus insipida",1,52,54,NA,NA,NA,NA,0.37,"BIOMASS+BIEN+Zanne+CIRAD"
"FAB",2,"M2",25,"Ficus insipida",1,39,50,NA,NA,NA,NA,0.37,"BIOMASS+BIEN+Zanne+CIRAD"
"FAB",2,"M2",26,"Ficus insipida",1,139,124,NA,NA,NA,NA,0.37,"BIOMASS+BIEN+Zanne+CIRAD"
"FAB",2,"M2",27,"Ficus insipida",1,NA,54,NA,NA,NA,1,0.37,"BIOMASS+BIEN+Zanne+CIRAD"
"FAB",2,"M2",28,"Ficus insipida",1,38,54,NA,NA,NA,NA,0.37,"BIOMASS+BIEN+Zanne+CIRAD"
"FAB",2,"M2",29,"Ficus insipida",1,33,40,NA,NA,NA,NA,0.37,"BIOMASS+BIEN+Zanne+CIRAD"
"FAB",2,"M2",30,"Ficus insipida",1,82,100,NA,NA,NA,NA,0.37,"BIOMASS+BIEN+Zanne+CIRAD"
"FAB",2,"M2",31,"Ficus insipida",1,154,100,NA,NA,NA,NA,0.37,"BIOMASS+BIEN+Zanne+CIRAD"
"FAB",2,"M2",32,"Ficus insipida",1,24,NA,NA,NA,NA,NA,0.37,"BIOMASS+BIEN+Zanne+CIRAD"
"FAB",2,"M2",33,"Ficus insipida",1,86,110,NA,NA,NA,NA,0.37,"BIOMASS+BIEN+Zanne+CIRAD"
"FAB",2,"M2",34,"Ficus insipida",1,35,47,NA,NA,NA,NA,0.37,"BIOMASS+BIEN+Zanne+CIRAD"
"FAB",2,"M2",35,"Ficus insipida",1,39,60,NA,NA,NA,NA,0.37,"BIOMASS+BIEN+Zanne+CIRAD"
"FAB",2,"M2",36,"Ficus insipida",1,40,55,NA,NA,NA,NA,0.37,"BIOMASS+BIEN+Zanne+CIRAD"
"FAB",2,"M2",37,"Ficus insipida",1,141,167,NA,NA,NA,NA,0.37,"BIOMASS+BIEN+Zanne+CIRAD"
"FAB",2,"M2",38,"Ficus insipida",1,93,110,NA,NA,NA,NA,0.37,"BIOMASS+BIEN+Zanne+CIRAD"
"FAB",2,"M2",39,"Ficus insipida",NA,85,104,NA,NA,1,NA,0.37,"BIOMASS+BIEN+Zanne+CIRAD"
"FAB",2,"M2",40,"Ficus insipida",1,119,95,NA,NA,NA,NA,0.37,"BIOMASS+BIEN+Zanne+CIRAD"
"FAB",2,"M2",41,"Ficus insipida",1,23,39,NA,NA,NA,NA,0.37,"BIOMASS+BIEN+Zanne+CIRAD"
"FAB",2,"M2",42,"Ficus insipida",1,33,50,NA,NA,NA,NA,0.37,"BIOMASS+BIEN+Zanne+CIRAD"
"FAB",2,"M2",43,"Ficus insipida",1,41,80,NA,NA,NA,NA,0.37,"BIOMASS+BIEN+Zanne+CIRAD"
"FAB",2,"M2",44,"Ficus insipida",1,109,135,NA,NA,NA,NA,0.37,"BIOMASS+BIEN+Zanne+CIRAD"
"FAB",2,"M2",45,"Ficus insipida",1,119,160,NA,NA,NA,NA,0.37,"BIOMASS+BIEN+Zanne+CIRAD"
"FAB",2,"M2",46,"Ficus insipida",1,81,104,NA,NA,NA,NA,0.37,"BIOMASS+BIEN+Zanne+CIRAD"
"FAB",2,"M2",47,"Ficus insipida",1,37,56,NA,NA,NA,NA,0.37,"BIOMASS+BIEN+Zanne+CIRAD"
"FAB",2,"M2",48,"Ficus insipida",1,99,44,NA,NA,NA,NA,0.37,"BIOMASS+BIEN+Zanne+CIRAD"
"FAB",2,"M2",49,"Ficus insipida",1,41,50,NA,NA,NA,NA,0.37,"BIOMASS+BIEN+Zanne+CIRAD"
"FAB",3,"M2",2,"Ficus insipida",1,NA,NA,NA,NA,NA,1,0.37,"BIOMASS+BIEN+Zanne+CIRAD"
"FAB",3,"M2",3,"Ficus insipida",NA,NA,NA,NA,NA,1,1,0.37,"BIOMASS+BIEN+Zanne+CIRAD"
"FAB",3,"M2",4,"Ficus insipida",1,NA,NA,NA,NA,1,1,0.37,"BIOMASS+BIEN+Zanne+CIRAD"
"FAB",3,"M2",5,"Ficus insipida",1,NA,NA,NA,NA,NA,1,0.37,"BIOMASS+BIEN+Zanne+CIRAD"
"FAB",3,"M2",6,"Ficus insipida",1,67,NA,NA,NA,NA,NA,0.37,"BIOMASS+BIEN+Zanne+CIRAD"
"FAB",3,"M2",7,"Ficus insipida",1,NA,NA,NA,NA,NA,1,0.37,"BIOMASS+BIEN+Zanne+CIRAD"
"FAB",3,"M2",8,"Ficus insipida",1,20,NA,NA,NA,NA,NA,0.37,"BIOMASS+BIEN+Zanne+CIRAD"
"FAB",3,"M2",9,"Ficus insipida",NA,NA,NA,NA,NA,1,1,0.37,"BIOMASS+BIEN+Zanne+CIRAD"
"FAB",3,"M2",10,"Ficus insipida",1,NA,NA,NA,NA,NA,1,0.37,"BIOMASS+BIEN+Zanne+CIRAD"
"FAB",3,"M2",11,"Ficus insipida",1,NA,NA,NA,NA,NA,1,0.37,"BIOMASS+BIEN+Zanne+CIRAD"
"FAB",3,"M2",12,"Ficus insipida",1,NA,NA,NA,NA,NA,1,0.37,"BIOMASS+BIEN+Zanne+CIRAD"
"FAB",3,"M2",13,"Ficus insipida",1,62,38,NA,NA,NA,NA,0.37,"BIOMASS+BIEN+Zanne+CIRAD"
"FAB",3,"M2",14,"Ficus insipida",1,NA,NA,NA,NA,NA,1,0.37,"BIOMASS+BIEN+Zanne+CIRAD"
"FAB",3,"M2",15,"Ficus insipida",1,NA,NA,NA,NA,NA,1,0.37,"BIOMASS+BIEN+Zanne+CIRAD"
"FAB",3,"M2",16,"Ficus insipida",1,NA,NA,NA,NA,1,1,0.37,"BIOMASS+BIEN+Zanne+CIRAD"
"FAB",3,"M2",17,"Ficus insipida",1,NA,NA,NA,NA,NA,1,0.37,"BIOMASS+BIEN+Zanne+CIRAD"
"FAB",3,"M2",18,"Ficus insipida",1,20,NA,NA,NA,NA,NA,0.37,"BIOMASS+BIEN+Zanne+CIRAD"
"FAB",3,"M2",19,"Ficus insipida",1,NA,NA,NA,NA,1,1,0.37,"BIOMASS+BIEN+Zanne+CIRAD"
"FAB",3,"M2",20,"Ficus insipida",1,NA,NA,NA,NA,NA,1,0.37,"BIOMASS+BIEN+Zanne+CIRAD"
"FAB",3,"M2",21,"Ficus insipida",1,NA,NA,NA,NA,NA,1,0.37,"BIOMASS+BIEN+Zanne+CIRAD"
"FAB",3,"M2",22,"Ficus insipida",1,NA,NA,NA,NA,NA,1,0.37,"BIOMASS+BIEN+Zanne+CIRAD"
"FAB",3,"M2",23,"Ficus insipida",1,NA,NA,NA,NA,NA,1,0.37,"BIOMASS+BIEN+Zanne+CIRAD"
"FAB",3,"M2",24,"Ficus insipida",1,NA,NA,NA,NA,NA,1,0.37,"BIOMASS+BIEN+Zanne+CIRAD"
"FAB",3,"M2",25,"Ficus insipida",1,NA,NA,NA,NA,NA,1,0.37,"BIOMASS+BIEN+Zanne+CIRAD"
"FAB",3,"M2",26,"Ficus insipida",1,60,NA,NA,NA,NA,NA,0.37,"BIOMASS+BIEN+Zanne+CIRAD"
"FAB",3,"M2",27,"Ficus insipida",NA,NA,NA,NA,NA,1,1,0.37,"BIOMASS+BIEN+Zanne+CIRAD"
"FAB",3,"M2",28,"Ficus insipida",1,NA,NA,NA,NA,NA,1,0.37,"BIOMASS+BIEN+Zanne+CIRAD"
"FAB",3,"M2",29,"Ficus insipida",1,NA,NA,NA,NA,NA,1,0.37,"BIOMASS+BIEN+Zanne+CIRAD"
"FAB",3,"M2",30,"Ficus insipida",1,NA,NA,NA,NA,NA,1,0.37,"BIOMASS+BIEN+Zanne+CIRAD"
"FAB",3,"M2",31,"Ficus insipida",1,NA,NA,NA,NA,NA,1,0.37,"BIOMASS+BIEN+Zanne+CIRAD"
"FAB",3,"M2",32,"Ficus insipida",1,NA,NA,NA,NA,NA,1,0.37,"BIOMASS+BIEN+Zanne+CIRAD"
"FAB",3,"M2",33,"Ficus insipida",1,NA,NA,NA,NA,NA,1,0.37,"BIOMASS+BIEN+Zanne+CIRAD"
"FAB",3,"M2",34,"Ficus insipida",1,NA,NA,NA,NA,NA,1,0.37,"BIOMASS+BIEN+Zanne+CIRAD"
"FAB",3,"M2",35,"Ficus insipida",1,40,NA,NA,NA,NA,NA,0.37,"BIOMASS+BIEN+Zanne+CIRAD"
"FAB",3,"M2",36,"Ficus insipida",1,NA,NA,NA,NA,NA,1,0.37,"BIOMASS+BIEN+Zanne+CIRAD"
"FAB",3,"M2",37,"Ficus insipida",1,NA,NA,NA,NA,NA,1,0.37,"BIOMASS+BIEN+Zanne+CIRAD"
"FAB",3,"M2",38,"Ficus insipida",1,NA,NA,NA,NA,NA,1,0.37,"BIOMASS+BIEN+Zanne+CIRAD"
"FAB",3,"M2",39,"Ficus insipida",1,NA,NA,NA,NA,NA,1,0.37,"BIOMASS+BIEN+Zanne+CIRAD"
"FAB",3,"M2",40,"Ficus insipida",1,NA,NA,NA,NA,NA,1,0.37,"BIOMASS+BIEN+Zanne+CIRAD"
"FAB",3,"M2",41,"Ficus insipida",1,NA,NA,NA,NA,NA,1,0.37,"BIOMASS+BIEN+Zanne+CIRAD"
"FAB",3,"M2",42,"Ficus insipida",1,NA,NA,NA,NA,NA,1,0.37,"BIOMASS+BIEN+Zanne+CIRAD"
"FAB",3,"M2",43,"Ficus insipida",1,NA,NA,NA,NA,NA,1,0.37,"BIOMASS+BIEN+Zanne+CIRAD"
"FAB",3,"M2",44,"Ficus insipida",NA,NA,NA,NA,NA,1,1,0.37,"BIOMASS+BIEN+Zanne+CIRAD"
"FAB",3,"M2",45,"Ficus insipida",1,NA,NA,NA,NA,NA,1,0.37,"BIOMASS+BIEN+Zanne+CIRAD"
"FAB",3,"M2",46,"Ficus insipida",1,NA,NA,NA,NA,NA,1,0.37,"BIOMASS+BIEN+Zanne+CIRAD"
"FAB",3,"M2",47,"Ficus insipida",1,NA,NA,NA,NA,NA,1,0.37,"BIOMASS+BIEN+Zanne+CIRAD"
"FAB",3,"M2",48,"Ficus insipida",1,5,NA,NA,NA,1,NA,0.37,"BIOMASS+BIEN+Zanne+CIRAD"
"FAB",3,"M2",49,"Ficus insipida",1,128,84,NA,NA,NA,NA,0.37,"BIOMASS+BIEN+Zanne+CIRAD"
"FAB",4,"M2",2,"Ficus insipida",1,NA,89,NA,NA,NA,1,0.37,"BIOMASS+BIEN+Zanne+CIRAD"
"FAB",4,"M2",3,"Ficus insipida",1,NA,55,NA,NA,NA,1,0.37,"BIOMASS+BIEN+Zanne+CIRAD"
"FAB",4,"M2",4,"Ficus insipida",1,NA,105,NA,NA,NA,1,0.37,"BIOMASS+BIEN+Zanne+CIRAD"
"FAB",4,"M2",5,"Ficus insipida",1,NA,NA,NA,NA,NA,1,0.37,"BIOMASS+BIEN+Zanne+CIRAD"
"FAB",4,"M2",6,"Ficus insipida",1,NA,30,NA,NA,NA,1,0.37,"BIOMASS+BIEN+Zanne+CIRAD"
"FAB",4,"M2",7,"Ficus insipida",1,NA,NA,NA,NA,NA,1,0.37,"BIOMASS+BIEN+Zanne+CIRAD"
"FAB",4,"M2",8,"Ficus insipida",1,NA,NA,NA,NA,NA,1,0.37,"BIOMASS+BIEN+Zanne+CIRAD"
"FAB",4,"M2",9,"Ficus insipida",1,NA,NA,NA,NA,NA,1,0.37,"BIOMASS+BIEN+Zanne+CIRAD"
"FAB",4,"M2",10,"Ficus insipida",1,NA,NA,NA,NA,NA,1,0.37,"BIOMASS+BIEN+Zanne+CIRAD"
"FAB",4,"M2",11,"Ficus insipida",1,NA,95,NA,NA,NA,1,0.37,"BIOMASS+BIEN+Zanne+CIRAD"
"FAB",4,"M2",12,"Ficus insipida",1,NA,54,NA,NA,NA,1,0.37,"BIOMASS+BIEN+Zanne+CIRAD"
"FAB",4,"M2",13,"Ficus insipida",NA,NA,NA,NA,NA,1,1,0.37,"BIOMASS+BIEN+Zanne+CIRAD"
"FAB",4,"M2",14,"Ficus insipida",1,NA,NA,NA,NA,NA,1,0.37,"BIOMASS+BIEN+Zanne+CIRAD"
"FAB",4,"M2",15,"Ficus insipida",1,NA,110,NA,NA,NA,1,0.37,"BIOMASS+BIEN+Zanne+CIRAD"
"FAB",4,"M2",16,"Ficus insipida",1,NA,70,NA,NA,NA,1,0.37,"BIOMASS+BIEN+Zanne+CIRAD"
"FAB",4,"M2",17,"Ficus insipida",1,NA,NA,NA,NA,NA,1,0.37,"BIOMASS+BIEN+Zanne+CIRAD"
"FAB",4,"M2",18,"Ficus insipida",1,NA,NA,NA,NA,NA,1,0.37,"BIOMASS+BIEN+Zanne+CIRAD"
"FAB",4,"M2",19,"Ficus insipida",1,NA,NA,NA,NA,NA,1,0.37,"BIOMASS+BIEN+Zanne+CIRAD"
"FAB",4,"M2",20,"Ficus insipida",1,110,60,NA,NA,NA,NA,0.37,"BIOMASS+BIEN+Zanne+CIRAD"
"FAB",4,"M2",21,"Ficus insipida",1,60,NA,NA,NA,NA,NA,0.37,"BIOMASS+BIEN+Zanne+CIRAD"
"FAB",4,"M2",22,"Ficus insipida",1,NA,73,NA,NA,NA,1,0.37,"BIOMASS+BIEN+Zanne+CIRAD"
"FAB",4,"M2",23,"Ficus insipida",1,NA,NA,NA,NA,NA,1,0.37,"BIOMASS+BIEN+Zanne+CIRAD"
"FAB",4,"M2",24,"Ficus insipida",1,NA,NA,NA,NA,NA,1,0.37,"BIOMASS+BIEN+Zanne+CIRAD"
"FAB",4,"M2",25,"Ficus insipida",1,NA,NA,NA,NA,NA,1,0.37,"BIOMASS+BIEN+Zanne+CIRAD"
"FAB",4,"M2",26,"Ficus insipida",1,NA,NA,NA,NA,0,1,0.37,"BIOMASS+BIEN+Zanne+CIRAD"
"FAB",4,"M2",27,"Ficus insipida",1,NA,36,NA,NA,NA,1,0.37,"BIOMASS+BIEN+Zanne+CIRAD"
"FAB",4,"M2",28,"Ficus insipida",1,NA,NA,NA,NA,NA,1,0.37,"BIOMASS+BIEN+Zanne+CIRAD"
"FAB",4,"M2",29,"Ficus insipida",1,NA,133,NA,NA,NA,1,0.37,"BIOMASS+BIEN+Zanne+CIRAD"
"FAB",4,"M2",30,"Ficus insipida",1,NA,35,NA,NA,NA,1,0.37,"BIOMASS+BIEN+Zanne+CIRAD"
"FAB",4,"M2",31,"Ficus insipida",1,95,57,NA,NA,NA,1,0.37,"BIOMASS+BIEN+Zanne+CIRAD"
"FAB",4,"M2",32,"Ficus insipida",1,10,35,NA,NA,NA,NA,0.37,"BIOMASS+BIEN+Zanne+CIRAD"
"FAB",4,"M2",33,"Ficus insipida",1,NA,NA,NA,NA,NA,1,0.37,"BIOMASS+BIEN+Zanne+CIRAD"
"FAB",4,"M2",34,"Ficus insipida",1,NA,NA,NA,NA,NA,1,0.37,"BIOMASS+BIEN+Zanne+CIRAD"
"FAB",4,"M2",35,"Ficus insipida",1,NA,NA,NA,NA,NA,1,0.37,"BIOMASS+BIEN+Zanne+CIRAD"
"FAB",4,"M2",36,"Ficus insipida",1,30,44,NA,NA,NA,NA,0.37,"BIOMASS+BIEN+Zanne+CIRAD"
"FAB",4,"M2",37,"Ficus insipida",1,NA,106,NA,NA,NA,1,0.37,"BIOMASS+BIEN+Zanne+CIRAD"
"FAB",4,"M2",38,"Ficus insipida",1,NA,NA,NA,NA,NA,1,0.37,"BIOMASS+BIEN+Zanne+CIRAD"
"FAB",4,"M2",39,"Ficus insipida",1,NA,60,NA,NA,NA,1,0.37,"BIOMASS+BIEN+Zanne+CIRAD"
"FAB",4,"M2",40,"Ficus insipida",1,17,55,NA,NA,NA,NA,0.37,"BIOMASS+BIEN+Zanne+CIRAD"
"FAB",4,"M2",41,"Ficus insipida",1,NA,NA,NA,NA,NA,1,0.37,"BIOMASS+BIEN+Zanne+CIRAD"
"FAB",4,"M2",42,"Ficus insipida",1,NA,NA,NA,NA,NA,1,0.37,"BIOMASS+BIEN+Zanne+CIRAD"
"FAB",4,"M2",43,"Ficus insipida",1,20,100,NA,NA,NA,NA,0.37,"BIOMASS+BIEN+Zanne+CIRAD"
"FAB",4,"M2",44,"Ficus insipida",1,NA,65,NA,NA,NA,1,0.37,"BIOMASS+BIEN+Zanne+CIRAD"
"FAB",4,"M2",45,"Ficus insipida",NA,NA,NA,NA,NA,NA,1,0.37,"BIOMASS+BIEN+Zanne+CIRAD"
"FAB",4,"M2",46,"Ficus insipida",1,NA,94,NA,NA,NA,1,0.37,"BIOMASS+BIEN+Zanne+CIRAD"
"FAB",4,"M2",47,"Ficus insipida",1,NA,75,NA,NA,NA,1,0.37,"BIOMASS+BIEN+Zanne+CIRAD"
"FAB",4,"M2",48,"Ficus insipida",1,NA,35,NA,NA,NA,1,0.37,"BIOMASS+BIEN+Zanne+CIRAD"
"FAB",4,"M2",49,"Ficus insipida",1,80,72,NA,NA,NA,NA,0.37,"BIOMASS+BIEN+Zanne+CIRAD"
"FAB",5,"M2",2,"Ficus insipida",1,203,327,10.869936,3.72021939728564,NA,NA,0.37,"BIOMASS+BIEN+Zanne+CIRAD"
"FAB",5,"M2",3,"Ficus insipida",1,335,500,30.190776,6.20000724914425,NA,NA,0.37,"BIOMASS+BIEN+Zanne+CIRAD"
"FAB",5,"M2",4,"Ficus insipida",1,262,473,21.237216,5.20000607992744,NA,NA,0.37,"BIOMASS+BIEN+Zanne+CIRAD"
"FAB",5,"M2",5,"Ficus insipida",1,113,177,2.010624,1.6000018707469,NA,NA,0.37,"BIOMASS+BIEN+Zanne+CIRAD"
"FAB",5,"M2",6,"Ficus insipida",1,78,80,NA,NA,NA,NA,0.37,"BIOMASS+BIEN+Zanne+CIRAD"
"FAB",5,"M2",7,"Ficus insipida",1,45,NA,NA,NA,NA,NA,0.37,"BIOMASS+BIEN+Zanne+CIRAD"
"FAB",5,"M2",8,"Ficus insipida",1,54,70,NA,NA,NA,NA,0.37,"BIOMASS+BIEN+Zanne+CIRAD"
"FAB",5,"M2",9,"Ficus insipida",1,108,165,1.76715,1.50000175382522,NA,NA,0.37,"BIOMASS+BIEN+Zanne+CIRAD"
"FAB",5,"M2",10,"Ficus insipida",1,267,410,15.90435,4.50000526147567,NA,NA,0.37,"BIOMASS+BIEN+Zanne+CIRAD"
"FAB",5,"M2",11,"Ficus insipida",1,126,188,2.269806,1.70000198766859,NA,NA,0.37,"BIOMASS+BIEN+Zanne+CIRAD"
"FAB",5,"M2",12,"Ficus insipida",1,74,100,NA,NA,NA,NA,0.37,"BIOMASS+BIEN+Zanne+CIRAD"
"FAB",5,"M2",13,"Ficus insipida",1,82,95,NA,NA,NA,NA,0.37,"BIOMASS+BIEN+Zanne+CIRAD"
"FAB",5,"M2",14,"Ficus insipida",1,89,93,NA,NA,1,NA,0.37,"BIOMASS+BIEN+Zanne+CIRAD"
"FAB",5,"M2",15,"Ficus insipida",1,270,409,13.854456,4.20000491071062,NA,NA,0.37,"BIOMASS+BIEN+Zanne+CIRAD"
"FAB",5,"M2",16,"Ficus insipida",1,108,160,1.76715,1.50000175382522,NA,NA,0.37,"BIOMASS+BIEN+Zanne+CIRAD"
"FAB",5,"M2",17,"Ficus insipida",1,70,95,NA,NA,NA,NA,0.37,"BIOMASS+BIEN+Zanne+CIRAD"
"FAB",5,"M2",18,"Ficus insipida",1,120,140,NA,NA,NA,NA,0.37,"BIOMASS+BIEN+Zanne+CIRAD"
"FAB",5,"M2",19,"Ficus insipida",1,13,NA,NA,NA,NA,NA,0.37,"BIOMASS+BIEN+Zanne+CIRAD"
"FAB",5,"M2",20,"Ficus insipida",1,56,70,NA,NA,NA,NA,0.37,"BIOMASS+BIEN+Zanne+CIRAD"
"FAB",5,"M2",21,"Ficus insipida",1,66,60,NA,NA,NA,NA,0.37,"BIOMASS+BIEN+Zanne+CIRAD"
"FAB",5,"M2",22,"Ficus insipida",1,229,293,9.369822,3.45398724628935,NA,NA,0.37,"BIOMASS+BIEN+Zanne+CIRAD"
"FAB",5,"M2",23,"Ficus insipida",1,179,269,7.547694,3.10000362457213,NA,NA,0.37,"BIOMASS+BIEN+Zanne+CIRAD"
"FAB",5,"M2",24,"Ficus insipida",NA,69,134,NA,NA,1,NA,0.37,"BIOMASS+BIEN+Zanne+CIRAD"
"FAB",5,"M2",25,"Ficus insipida",1,83,93,NA,NA,NA,NA,0.37,"BIOMASS+BIEN+Zanne+CIRAD"
"FAB",5,"M2",26,"Ficus insipida",1,14,NA,NA,NA,NA,NA,0.37,"BIOMASS+BIEN+Zanne+CIRAD"
"FAB",5,"M2",27,"Ficus insipida",1,82,109,NA,NA,1,NA,0.37,"BIOMASS+BIEN+Zanne+CIRAD"
"FAB",5,"M2",28,"Ficus insipida",1,84,95,NA,NA,NA,NA,0.37,"BIOMASS+BIEN+Zanne+CIRAD"
"FAB",5,"M2",29,"Ficus insipida",1,88,105,NA,NA,NA,NA,0.37,"BIOMASS+BIEN+Zanne+CIRAD"
"FAB",5,"M2",30,"Ficus insipida",1,111,160,2.269806,1.70000198766859,NA,NA,0.37,"BIOMASS+BIEN+Zanne+CIRAD"
"FAB",5,"M2",31,"Ficus insipida",NA,88,30,NA,NA,1,NA,0.37,"BIOMASS+BIEN+Zanne+CIRAD"
"FAB",5,"M2",32,"Ficus insipida",1,105,130,NA,NA,NA,NA,0.37,"BIOMASS+BIEN+Zanne+CIRAD"
"FAB",5,"M2",33,"Ficus insipida",1,129,200,3.801336,2.20000257227699,NA,NA,0.37,"BIOMASS+BIEN+Zanne+CIRAD"
"FAB",5,"M2",34,"Ficus insipida",1,124,166,1.76715,1.50000175382522,NA,NA,0.37,"BIOMASS+BIEN+Zanne+CIRAD"
"FAB",5,"M2",35,"Ficus insipida",1,155,145,NA,NA,NA,NA,0.37,"BIOMASS+BIEN+Zanne+CIRAD"
"FAB",5,"M2",36,"Ficus insipida",1,116,150,2.010624,1.6000018707469,NA,NA,0.37,"BIOMASS+BIEN+Zanne+CIRAD"
"FAB",5,"M2",37,"Ficus insipida",1,60,66,NA,NA,NA,NA,0.37,"BIOMASS+BIEN+Zanne+CIRAD"
"FAB",5,"M2",38,"Ficus insipida",1,54,60,NA,NA,NA,NA,0.37,"BIOMASS+BIEN+Zanne+CIRAD"
"FAB",5,"M2",39,"Ficus insipida",1,77,NA,NA,NA,NA,NA,0.37,"BIOMASS+BIEN+Zanne+CIRAD"
"FAB",5,"M2",40,"Ficus insipida",1,72,95,NA,NA,NA,NA,0.37,"BIOMASS+BIEN+Zanne+CIRAD"
"FAB",5,"M2",41,"Ficus insipida",1,64,70,NA,NA,NA,NA,0.37,"BIOMASS+BIEN+Zanne+CIRAD"
"FAB",5,"M2",42,"Ficus insipida",1,132,165,2.489718,1.78045146320784,NA,NA,0.37,"BIOMASS+BIEN+Zanne+CIRAD"
"FAB",5,"M2",43,"Ficus insipida",1,74,90,NA,NA,NA,NA,0.37,"BIOMASS+BIEN+Zanne+CIRAD"
"FAB",5,"M2",44,"Ficus insipida",1,84,108,NA,NA,NA,NA,0.37,"BIOMASS+BIEN+Zanne+CIRAD"
"FAB",5,"M2",45,"Ficus insipida",1,16,NA,NA,NA,NA,NA,0.37,"BIOMASS+BIEN+Zanne+CIRAD"
"FAB",5,"M2",46,"Ficus insipida",1,84,105,NA,NA,NA,NA,0.37,"BIOMASS+BIEN+Zanne+CIRAD"
"FAB",5,"M2",47,"Ficus insipida",1,82,100,NA,NA,NA,NA,0.37,"BIOMASS+BIEN+Zanne+CIRAD"
"FAB",5,"M2",48,"Ficus insipida",1,74,47,NA,NA,NA,NA,0.37,"BIOMASS+BIEN+Zanne+CIRAD"
"FAB",5,"M2",49,"Ficus insipida",1,87,115,NA,NA,NA,NA,0.37,"BIOMASS+BIEN+Zanne+CIRAD"
"FAB",6,"M2",2,"Ficus insipida",NA,90,6,NA,NA,1,NA,0.37,"BIOMASS+BIEN+Zanne+CIRAD"
"FAB",6,"M2",3,"Ficus insipida",NA,55,63,NA,NA,1,NA,0.37,"BIOMASS+BIEN+Zanne+CIRAD"
"FAB",6,"M2",4,"Ficus insipida",1,NA,NA,NA,NA,NA,1,0.37,"BIOMASS+BIEN+Zanne+CIRAD"
"FAB",6,"M2",5,"Ficus insipida",1,67,90,NA,NA,NA,NA,0.37,"BIOMASS+BIEN+Zanne+CIRAD"
"FAB",6,"M2",6,"Ficus insipida",1,92,140,NA,NA,1,NA,0.37,"BIOMASS+BIEN+Zanne+CIRAD"
"FAB",6,"M2",7,"Ficus insipida",1,237,323,13.854456,4.20000491071062,NA,NA,0.37,"BIOMASS+BIEN+Zanne+CIRAD"
"FAB",6,"M2",8,"Ficus insipida",1,107,110,NA,NA,NA,NA,0.37,"BIOMASS+BIEN+Zanne+CIRAD"
"FAB",6,"M2",9,"Ficus insipida",1,NA,NA,NA,NA,1,1,0.37,"BIOMASS+BIEN+Zanne+CIRAD"
"FAB",6,"M2",10,"Ficus insipida",1,NA,NA,NA,NA,1,1,0.37,"BIOMASS+BIEN+Zanne+CIRAD"
"FAB",6,"M2",11,"Ficus insipida",1,66,76,NA,NA,1,NA,0.37,"BIOMASS+BIEN+Zanne+CIRAD"
"FAB",6,"M2",12,"Ficus insipida",1,76,98,NA,NA,1,NA,0.37,"BIOMASS+BIEN+Zanne+CIRAD"
"FAB",6,"M2",13,"Ficus insipida",1,124,176,NA,NA,NA,NA,0.37,"BIOMASS+BIEN+Zanne+CIRAD"
"FAB",6,"M2",14,"Ficus insipida",1,108,134,NA,NA,NA,NA,0.37,"BIOMASS+BIEN+Zanne+CIRAD"
"FAB",6,"M2",15,"Ficus insipida",NA,NA,NA,NA,NA,1,1,0.37,"BIOMASS+BIEN+Zanne+CIRAD"
"FAB",6,"M2",16,"Ficus insipida",1,61,70,NA,NA,NA,NA,0.37,"BIOMASS+BIEN+Zanne+CIRAD"
"FAB",6,"M2",17,"Ficus insipida",1,64,82,NA,NA,NA,NA,0.37,"BIOMASS+BIEN+Zanne+CIRAD"
"FAB",6,"M2",18,"Ficus insipida",1,83,115,NA,NA,NA,NA,0.37,"BIOMASS+BIEN+Zanne+CIRAD"
"FAB",6,"M2",19,"Ficus insipida",NA,72,70,NA,NA,1,NA,0.37,"BIOMASS+BIEN+Zanne+CIRAD"
"FAB",6,"M2",20,"Ficus insipida",1,128,100,NA,NA,NA,NA,0.37,"BIOMASS+BIEN+Zanne+CIRAD"
"FAB",6,"M2",21,"Ficus insipida",NA,76,NA,NA,NA,1,NA,0.37,"BIOMASS+BIEN+Zanne+CIRAD"
"FAB",6,"M2",22,"Ficus insipida",1,80,NA,NA,NA,NA,NA,0.37,"BIOMASS+BIEN+Zanne+CIRAD"
"FAB",6,"M2",23,"Ficus insipida",1,67,80,NA,NA,NA,NA,0.37,"BIOMASS+BIEN+Zanne+CIRAD"
"FAB",6,"M2",24,"Ficus insipida",1,47,60,NA,NA,NA,NA,0.37,"BIOMASS+BIEN+Zanne+CIRAD"
"FAB",6,"M2",25,"Ficus insipida",NA,69,NA,NA,NA,1,NA,0.37,"BIOMASS+BIEN+Zanne+CIRAD"
"FAB",6,"M2",26,"Ficus insipida",1,104,55,NA,NA,NA,NA,0.37,"BIOMASS+BIEN+Zanne+CIRAD"
"FAB",6,"M2",27,"Ficus insipida",1,78,90,NA,NA,NA,NA,0.37,"BIOMASS+BIEN+Zanne+CIRAD"
"FAB",6,"M2",28,"Ficus insipida",1,61,75,NA,NA,NA,NA,0.37,"BIOMASS+BIEN+Zanne+CIRAD"
"FAB",6,"M2",29,"Ficus insipida",1,NA,67,NA,NA,NA,1,0.37,"BIOMASS+BIEN+Zanne+CIRAD"
"FAB",6,"M2",30,"Ficus insipida",1,91,90,NA,NA,NA,NA,0.37,"BIOMASS+BIEN+Zanne+CIRAD"
"FAB",6,"M2",31,"Ficus insipida",1,72,87,NA,NA,NA,NA,0.37,"BIOMASS+BIEN+Zanne+CIRAD"
"FAB",6,"M2",32,"Ficus insipida",1,43,NA,NA,NA,NA,NA,0.37,"BIOMASS+BIEN+Zanne+CIRAD"
"FAB",6,"M2",33,"Ficus insipida",1,116,85,NA,NA,NA,NA,0.37,"BIOMASS+BIEN+Zanne+CIRAD"
"FAB",6,"M2",34,"Ficus insipida",1,70,83,NA,NA,NA,NA,0.37,"BIOMASS+BIEN+Zanne+CIRAD"
"FAB",6,"M2",35,"Ficus insipida",1,71,67,NA,NA,1,NA,0.37,"BIOMASS+BIEN+Zanne+CIRAD"
"FAB",6,"M2",36,"Ficus insipida",1,NA,NA,NA,NA,NA,1,0.37,"BIOMASS+BIEN+Zanne+CIRAD"
"FAB",6,"M2",37,"Ficus insipida",1,23,NA,NA,NA,NA,NA,0.37,"BIOMASS+BIEN+Zanne+CIRAD"
"FAB",6,"M2",38,"Ficus insipida",1,NA,NA,NA,NA,1,1,0.37,"BIOMASS+BIEN+Zanne+CIRAD"
"FAB",6,"M2",39,"Ficus insipida",NA,36,NA,NA,NA,1,NA,0.37,"BIOMASS+BIEN+Zanne+CIRAD"
"FAB",6,"M2",40,"Ficus insipida",1,NA,NA,NA,NA,NA,1,0.37,"BIOMASS+BIEN+Zanne+CIRAD"
"FAB",6,"M2",41,"Ficus insipida",1,100,NA,NA,NA,NA,NA,0.37,"BIOMASS+BIEN+Zanne+CIRAD"
"FAB",6,"M2",42,"Ficus insipida",1,82,NA,NA,NA,NA,NA,0.37,"BIOMASS+BIEN+Zanne+CIRAD"
"FAB",6,"M2",43,"Ficus insipida",NA,76,NA,NA,NA,1,NA,0.37,"BIOMASS+BIEN+Zanne+CIRAD"
"FAB",6,"M2",44,"Ficus insipida",1,86,NA,NA,NA,NA,NA,0.37,"BIOMASS+BIEN+Zanne+CIRAD"
"FAB",6,"M2",45,"Ficus insipida",1,77,53,NA,NA,NA,NA,0.37,"BIOMASS+BIEN+Zanne+CIRAD"
"FAB",6,"M2",46,"Ficus insipida",NA,103,86,NA,NA,1,NA,0.37,"BIOMASS+BIEN+Zanne+CIRAD"
"FAB",6,"M2",47,"Ficus insipida",NA,83,86,NA,NA,1,NA,0.37,"BIOMASS+BIEN+Zanne+CIRAD"
"FAB",6,"M2",48,"Ficus insipida",1,86,85,NA,NA,NA,NA,0.37,"BIOMASS+BIEN+Zanne+CIRAD"
"FAB",6,"M2",49,"Ficus insipida",1,NA,74,NA,NA,NA,1,0.37,"BIOMASS+BIEN+Zanne+CIRAD"
"FAB",1,"2SP",2,"Inga edulis",1,330,428,31.172526,6.30000736606593,NA,NA,0.58,"BIOMASS+BIEN+Zanne"
"FAB",1,"2SP",3,"Ficus insipida",1,125,188,2.324784,1.7204670650052,NA,NA,0.37,"BIOMASS+BIEN+Zanne+CIRAD"
"FAB",1,"2SP",4,"Inga edulis",1,261,370,42.513702,7.3573178930563,NA,NA,0.58,"BIOMASS+BIEN+Zanne"
"FAB",1,"2SP",5,"Ficus insipida",1,91,100,NA,NA,NA,NA,0.37,"BIOMASS+BIEN+Zanne+CIRAD"
"FAB",1,"2SP",6,"Inga edulis",1,184,280,9.62115,3.50000409225885,1,NA,0.58,"BIOMASS+BIEN+Zanne"
"FAB",1,"2SP",7,"Ficus insipida",1,96,106,NA,NA,1,NA,0.37,"BIOMASS+BIEN+Zanne+CIRAD"
"FAB",1,"2SP",8,"Inga edulis",1,395,514,79.828056,10.0816783165569,NA,NA,0.58,"BIOMASS+BIEN+Zanne"
"FAB",1,"2SP",9,"Ficus insipida",1,266,547,19.635,5.00000584608407,NA,NA,0.37,"BIOMASS+BIEN+Zanne+CIRAD"
"FAB",1,"2SP",10,"Inga edulis",1,374,600,61.363302,8.83912793786391,NA,NA,0.58,"BIOMASS+BIEN+Zanne"
"FAB",1,"2SP",11,"Ficus insipida",1,117,150,1.130976,1.20000140306018,NA,NA,0.37,"BIOMASS+BIEN+Zanne+CIRAD"
"FAB",1,"2SP",12,"Inga edulis",1,272,380,93.878862,10.9329904195117,NA,NA,0.58,"BIOMASS+BIEN+Zanne"
"FAB",1,"2SP",13,"Ficus insipida",1,71,99,NA,NA,NA,NA,0.37,"BIOMASS+BIEN+Zanne+CIRAD"
"FAB",1,"2SP",14,"Inga edulis",1,230,376,38.044776,6.95989319413676,1,NA,0.58,"BIOMASS+BIEN+Zanne"
"FAB",1,"2SP",15,"Ficus insipida",1,265,420,20.428254,5.10000596300576,NA,NA,0.37,"BIOMASS+BIEN+Zanne+CIRAD"
"FAB",1,"2SP",16,"Inga edulis",1,387,657,125.58546,12.6451719607033,NA,NA,0.58,"BIOMASS+BIEN+Zanne"
"FAB",1,"2SP",17,"Ficus insipida",1,325,580,25.517646,5.70000666453584,NA,NA,0.37,"BIOMASS+BIEN+Zanne+CIRAD"
"FAB",1,"2SP",18,"Inga edulis",1,414,630,144.992694,13.5871421461058,NA,NA,0.58,"BIOMASS+BIEN+Zanne"
"FAB",1,"2SP",19,"Ficus insipida",1,184,417,10.273032,3.6166324926276,NA,NA,0.37,"BIOMASS+BIEN+Zanne+CIRAD"
"FAB",1,"2SP",20,"Inga edulis",1,281,393,65.957892,9.16407095028029,NA,NA,0.58,"BIOMASS+BIEN+Zanne"
"FAB",1,"2SP",21,"Ficus insipida",1,78,74,NA,NA,1,NA,0.37,"BIOMASS+BIEN+Zanne+CIRAD"
"FAB",1,"2SP",22,"Inga edulis",1,379,453,39.592014,7.10000830143939,NA,NA,0.58,"BIOMASS+BIEN+Zanne"
"FAB",1,"2SP",23,"Ficus insipida",NA,90,149,NA,NA,1,NA,0.37,"BIOMASS+BIEN+Zanne+CIRAD"
"FAB",1,"2SP",24,"Inga edulis",1,400,631,147.53739,13.705854197204,NA,NA,0.58,"BIOMASS+BIEN+Zanne"
"FAB",1,"2SP",25,"Ficus insipida",1,88,117,NA,NA,1,NA,0.37,"BIOMASS+BIEN+Zanne+CIRAD"
"FAB",1,"2SP",26,"Inga edulis",1,310,518,82.066446,10.2220469742157,NA,NA,0.58,"BIOMASS+BIEN+Zanne"
"FAB",1,"2SP",27,"Ficus insipida",1,159,373,12.88056,4.04969608123053,NA,NA,0.37,"BIOMASS+BIEN+Zanne+CIRAD"
"FAB",1,"2SP",28,"Inga edulis",1,250,405,57.420594,8.55044858255885,NA,NA,0.58,"BIOMASS+BIEN+Zanne"
"FAB",1,"2SP",29,"Ficus insipida",1,103,180,1.76715,1.50000175382522,1,NA,0.37,"BIOMASS+BIEN+Zanne+CIRAD"
"FAB",1,"2SP",30,"Inga edulis",1,374,552,80.338566,10.1138637126726,NA,NA,0.58,"BIOMASS+BIEN+Zanne"
"FAB",1,"2SP",31,"Ficus insipida",1,203,433,7.547694,3.10000362457213,NA,NA,0.37,"BIOMASS+BIEN+Zanne+CIRAD"
"FAB",1,"2SP",32,"Inga edulis",1,330,548,164.831898,14.4869075639818,NA,NA,0.58,"BIOMASS+BIEN+Zanne"
"FAB",1,"2SP",33,"Ficus insipida",1,85,143,NA,NA,NA,NA,0.37,"BIOMASS+BIEN+Zanne+CIRAD"
"FAB",1,"2SP",34,"Inga edulis",1,338,510,53.76063,8.27346119020785,NA,NA,0.58,"BIOMASS+BIEN+Zanne"
"FAB",1,"2SP",35,"Ficus insipida",1,107,185,3.597132,2.14009595813652,NA,NA,0.37,"BIOMASS+BIEN+Zanne+CIRAD"
"FAB",1,"2SP",36,"Inga edulis",1,456,520,160.26087,14.2846238017548,NA,NA,0.58,"BIOMASS+BIEN+Zanne"
"FAB",1,"2SP",37,"Ficus insipida",1,92,120,NA,NA,NA,NA,0.37,"BIOMASS+BIEN+Zanne+CIRAD"
"FAB",1,"2SP",38,"Inga edulis",1,441,589,130.321422,12.8813969745722,NA,NA,0.58,"BIOMASS+BIEN+Zanne"
"FAB",1,"2SP",39,"Ficus insipida",1,81,133,NA,NA,NA,NA,0.37,"BIOMASS+BIEN+Zanne+CIRAD"
"FAB",1,"2SP",40,"Inga edulis",1,300,553,90.980736,10.7629118218217,NA,NA,0.58,"BIOMASS+BIEN+Zanne"
"FAB",1,"2SP",41,"Ficus insipida",1,92,84,NA,NA,NA,NA,0.37,"BIOMASS+BIEN+Zanne+CIRAD"
"FAB",1,"2SP",42,"Inga edulis",1,172,189,3.1416,2.00000233843363,NA,NA,0.58,"BIOMASS+BIEN+Zanne"
"FAB",1,"2SP",43,"Ficus insipida",1,156,200,5.411406,2.62488401873628,NA,NA,0.37,"BIOMASS+BIEN+Zanne+CIRAD"
"FAB",1,"2SP",44,"Inga edulis",1,346,464,94.13019,10.9476152773759,NA,NA,0.58,"BIOMASS+BIEN+Zanne"
"FAB",1,"2SP",45,"Ficus insipida",1,137,286,12.29151,3.95601271440167,NA,NA,0.37,"BIOMASS+BIEN+Zanne+CIRAD"
"FAB",1,"2SP",46,"Inga edulis",1,249,415,36.332604,6.80147838164637,NA,NA,0.58,"BIOMASS+BIEN+Zanne"
"FAB",1,"2SP",47,"Ficus insipida",1,97,193,5.411406,2.62488401873628,1,NA,0.37,"BIOMASS+BIEN+Zanne+CIRAD"
"FAB",1,"2SP",48,"Inga edulis",1,246,363,61.355448,8.83856225177726,NA,NA,0.58,"BIOMASS+BIEN+Zanne"
"FAB",1,"2SP",49,"Ficus insipida",1,64,NA,NA,NA,1,NA,0.37,"BIOMASS+BIEN+Zanne+CIRAD"
"FAB",2,"2SP",2,"Inga edulis",1,78,134,NA,NA,1,NA,0.58,"BIOMASS+BIEN+Zanne"
"FAB",2,"2SP",3,"Ficus insipida",1,89,96,NA,NA,NA,NA,0.37,"BIOMASS+BIEN+Zanne+CIRAD"
"FAB",2,"2SP",4,"Inga edulis",1,42,30,NA,NA,1,NA,0.58,"BIOMASS+BIEN+Zanne"
"FAB",2,"2SP",5,"Ficus insipida",1,70,70,NA,NA,1,NA,0.37,"BIOMASS+BIEN+Zanne+CIRAD"
"FAB",2,"2SP",6,"Inga edulis",1,85,160,NA,NA,1,NA,0.58,"BIOMASS+BIEN+Zanne"
"FAB",2,"2SP",7,"Ficus insipida",NA,83,100,NA,NA,1,NA,0.37,"BIOMASS+BIEN+Zanne+CIRAD"
"FAB",2,"2SP",8,"Inga edulis",1,140,197,3.683526,2.16564331487439,NA,NA,0.58,"BIOMASS+BIEN+Zanne"
"FAB",2,"2SP",9,"Ficus insipida",1,70,72,NA,NA,1,NA,0.37,"BIOMASS+BIEN+Zanne+CIRAD"
"FAB",2,"2SP",10,"Inga edulis",1,110,132,NA,NA,NA,NA,0.58,"BIOMASS+BIEN+Zanne"
"FAB",2,"2SP",11,"Ficus insipida",1,80,50,NA,NA,1,NA,0.37,"BIOMASS+BIEN+Zanne+CIRAD"
"FAB",2,"2SP",12,"Inga edulis",NA,NA,93,NA,NA,1,NA,0.58,"BIOMASS+BIEN+Zanne"
"FAB",2,"2SP",13,"Ficus insipida",1,63,76,NA,NA,NA,NA,0.37,"BIOMASS+BIEN+Zanne+CIRAD"
"FAB",2,"2SP",14,"Inga edulis",1,95,290,7.0686,3.00000350765044,NA,NA,0.58,"BIOMASS+BIEN+Zanne"
"FAB",2,"2SP",15,"Ficus insipida",NA,84,88,NA,NA,1,NA,0.37,"BIOMASS+BIEN+Zanne+CIRAD"
"FAB",2,"2SP",16,"Inga edulis",1,70,195,1.327326,1.30000151998186,NA,NA,0.58,"BIOMASS+BIEN+Zanne"
"FAB",2,"2SP",17,"Ficus insipida",1,85,28,NA,NA,1,NA,0.37,"BIOMASS+BIEN+Zanne+CIRAD"
"FAB",2,"2SP",18,"Inga edulis",1,89,195,2.835294,1.90000222151195,NA,NA,0.58,"BIOMASS+BIEN+Zanne"
"FAB",2,"2SP",19,"Ficus insipida",NA,95,45,NA,NA,1,NA,0.37,"BIOMASS+BIEN+Zanne+CIRAD"
"FAB",2,"2SP",20,"Inga edulis",NA,NA,50,NA,NA,1,1,0.58,"BIOMASS+BIEN+Zanne"
"FAB",2,"2SP",21,"Ficus insipida",NA,77,83,NA,NA,1,NA,0.37,"BIOMASS+BIEN+Zanne+CIRAD"
"FAB",2,"2SP",22,"Inga edulis",1,100,130,NA,NA,NA,NA,0.58,"BIOMASS+BIEN+Zanne"
"FAB",2,"2SP",23,"Ficus insipida",1,85,47,NA,NA,NA,NA,0.37,"BIOMASS+BIEN+Zanne+CIRAD"
"FAB",2,"2SP",24,"Inga edulis",1,85,148,1.539384,1.40000163690354,1,NA,0.58,"BIOMASS+BIEN+Zanne"
"FAB",2,"2SP",25,"Ficus insipida",1,45,68,NA,NA,NA,NA,0.37,"BIOMASS+BIEN+Zanne+CIRAD"
"FAB",2,"2SP",26,"Inga edulis",NA,190,214,3.96627,2.24722313291243,1,NA,0.58,"BIOMASS+BIEN+Zanne"
"FAB",2,"2SP",27,"Ficus insipida",1,110,135,1.327326,1.30000151998186,NA,NA,0.37,"BIOMASS+BIEN+Zanne+CIRAD"
"FAB",2,"2SP",28,"Inga edulis",NA,NA,22,NA,NA,1,1,0.58,"BIOMASS+BIEN+Zanne"
"FAB",2,"2SP",29,"Ficus insipida",1,100,96,NA,NA,NA,NA,0.37,"BIOMASS+BIEN+Zanne+CIRAD"
"FAB",2,"2SP",30,"Inga edulis",1,74,110,NA,NA,NA,NA,0.58,"BIOMASS+BIEN+Zanne"
"FAB",2,"2SP",31,"Ficus insipida",1,60,92,NA,NA,1,NA,0.37,"BIOMASS+BIEN+Zanne+CIRAD"
"FAB",2,"2SP",32,"Inga edulis",1,205,350,17.00391,4.65296148996719,NA,NA,0.58,"BIOMASS+BIEN+Zanne"
"FAB",2,"2SP",33,"Ficus insipida",1,83,80,NA,NA,1,NA,0.37,"BIOMASS+BIEN+Zanne+CIRAD"
"FAB",2,"2SP",34,"Inga edulis",NA,95,197,3.243702,2.0322425194195,1,NA,0.58,"BIOMASS+BIEN+Zanne"
"FAB",2,"2SP",35,"Ficus insipida",1,10,104,NA,NA,NA,NA,0.37,"BIOMASS+BIEN+Zanne+CIRAD"
"FAB",2,"2SP",36,"Inga edulis",1,68,82,NA,NA,NA,NA,0.58,"BIOMASS+BIEN+Zanne"
"FAB",2,"2SP",37,"Ficus insipida",NA,56,59,NA,NA,1,NA,0.37,"BIOMASS+BIEN+Zanne+CIRAD"
"FAB",2,"2SP",38,"Inga edulis",1,72,173,1.76715,1.50000175382522,1,NA,0.58,"BIOMASS+BIEN+Zanne"
"FAB",2,"2SP",39,"Ficus insipida",1,37,NA,NA,NA,1,NA,0.37,"BIOMASS+BIEN+Zanne+CIRAD"
"FAB",2,"2SP",40,"Inga edulis",1,85,158,1.916376,1.56205176155638,NA,NA,0.58,"BIOMASS+BIEN+Zanne"
"FAB",2,"2SP",41,"Ficus insipida",1,100,103,NA,NA,NA,NA,0.37,"BIOMASS+BIEN+Zanne+CIRAD"
"FAB",2,"2SP",42,"Inga edulis",1,90,212,2.010624,1.6000018707469,1,NA,0.58,"BIOMASS+BIEN+Zanne"
"FAB",2,"2SP",43,"Ficus insipida",1,110,NA,NA,NA,NA,NA,0.37,"BIOMASS+BIEN+Zanne+CIRAD"
"FAB",2,"2SP",44,"Inga edulis",1,145,200,3.801336,2.20000257227699,NA,NA,0.58,"BIOMASS+BIEN+Zanne"
"FAB",2,"2SP",45,"Ficus insipida",1,107,110,NA,NA,NA,NA,0.37,"BIOMASS+BIEN+Zanne+CIRAD"
"FAB",2,"2SP",46,"Inga edulis",1,200,270,21.378588,5.21728508442855,NA,NA,0.58,"BIOMASS+BIEN+Zanne"
"FAB",2,"2SP",47,"Ficus insipida",1,100,114,NA,NA,NA,NA,0.37,"BIOMASS+BIEN+Zanne+CIRAD"
"FAB",2,"2SP",48,"Inga edulis",1,110,200,3.1416,2.00000233843363,NA,NA,0.58,"BIOMASS+BIEN+Zanne"
"FAB",2,"2SP",49,"Ficus insipida",1,103,NA,NA,NA,NA,NA,0.37,"BIOMASS+BIEN+Zanne+CIRAD"
"FAB",3,"2SP",2,"Inga edulis",1,130,177,3.306534,2.05183085190065,NA,NA,0.58,"BIOMASS+BIEN+Zanne"
"FAB",3,"2SP",3,"Ficus insipida",1,52,62,NA,NA,NA,NA,0.37,"BIOMASS+BIEN+Zanne+CIRAD"
"FAB",3,"2SP",4,"Inga edulis",1,108,136,NA,NA,NA,NA,0.58,"BIOMASS+BIEN+Zanne"
"FAB",3,"2SP",5,"Ficus insipida",1,12,NA,NA,NA,NA,NA,0.37,"BIOMASS+BIEN+Zanne+CIRAD"
"FAB",3,"2SP",6,"Inga edulis",1,153,255,9.30699,3.44238692050367,NA,NA,0.58,"BIOMASS+BIEN+Zanne"
"FAB",3,"2SP",7,"Ficus insipida",1,NA,46,NA,NA,NA,1,0.37,"BIOMASS+BIEN+Zanne+CIRAD"
"FAB",3,"2SP",8,"Inga edulis",1,133,194,3.1416,2.00000233843363,NA,NA,0.58,"BIOMASS+BIEN+Zanne"
"FAB",3,"2SP",9,"Ficus insipida",1,NA,53,NA,NA,1,1,0.37,"BIOMASS+BIEN+Zanne+CIRAD"
"FAB",3,"2SP",10,"Inga edulis",NA,92,175,NA,NA,1,NA,0.58,"BIOMASS+BIEN+Zanne"
"FAB",3,"2SP",11,"Ficus insipida",1,10,79,NA,NA,NA,NA,0.37,"BIOMASS+BIEN+Zanne+CIRAD"
"FAB",3,"2SP",12,"Inga edulis",1,120,145,NA,NA,NA,NA,0.58,"BIOMASS+BIEN+Zanne"
"FAB",3,"2SP",13,"Ficus insipida",1,NA,45,NA,NA,NA,1,0.37,"BIOMASS+BIEN+Zanne+CIRAD"
"FAB",3,"2SP",14,"Inga edulis",1,160,255,8.686524,3.32566171807823,NA,NA,0.58,"BIOMASS+BIEN+Zanne"
"FAB",3,"2SP",15,"Ficus insipida",1,NA,20,NA,NA,NA,1,0.37,"BIOMASS+BIEN+Zanne+CIRAD"
"FAB",3,"2SP",16,"Inga edulis",NA,89,125,NA,NA,1,NA,0.58,"BIOMASS+BIEN+Zanne"
"FAB",3,"2SP",17,"Ficus insipida",1,NA,NA,NA,NA,NA,1,0.37,"BIOMASS+BIEN+Zanne+CIRAD"
"FAB",3,"2SP",18,"Inga edulis",1,104,93,NA,NA,NA,NA,0.58,"BIOMASS+BIEN+Zanne"
"FAB",3,"2SP",19,"Ficus insipida",1,16,73,NA,NA,NA,NA,0.37,"BIOMASS+BIEN+Zanne+CIRAD"
"FAB",3,"2SP",20,"Inga edulis",1,149,190,2.67036,1.84391104738786,NA,NA,0.58,"BIOMASS+BIEN+Zanne"
"FAB",3,"2SP",21,"Ficus insipida",1,13,30,NA,NA,NA,NA,0.37,"BIOMASS+BIEN+Zanne+CIRAD"
"FAB",3,"2SP",22,"Inga edulis",1,143,180,5.387844,2.61916323310787,NA,NA,0.58,"BIOMASS+BIEN+Zanne"
"FAB",3,"2SP",23,"Ficus insipida",1,NA,NA,NA,NA,NA,1,0.37,"BIOMASS+BIEN+Zanne+CIRAD"
"FAB",3,"2SP",24,"Inga edulis",1,85,107,NA,NA,1,NA,0.58,"BIOMASS+BIEN+Zanne"
"FAB",3,"2SP",25,"Ficus insipida",1,NA,66,NA,NA,1,1,0.37,"BIOMASS+BIEN+Zanne+CIRAD"
"FAB",3,"2SP",26,"Inga edulis",1,180,230,8.144598,3.22025220278955,NA,NA,0.58,"BIOMASS+BIEN+Zanne"
"FAB",3,"2SP",27,"Ficus insipida",1,NA,55,NA,NA,NA,1,0.37,"BIOMASS+BIEN+Zanne+CIRAD"
"FAB",3,"2SP",28,"Inga edulis",1,112,183,2.898126,1.92093951722201,NA,NA,0.58,"BIOMASS+BIEN+Zanne"
"FAB",3,"2SP",29,"Ficus insipida",1,NA,50,NA,NA,NA,1,0.37,"BIOMASS+BIEN+Zanne+CIRAD"
"FAB",3,"2SP",30,"Inga edulis",1,178,257,7.806876,3.15278024036625,NA,NA,0.58,"BIOMASS+BIEN+Zanne"
"FAB",3,"2SP",31,"Ficus insipida",1,NA,NA,NA,NA,NA,1,0.37,"BIOMASS+BIEN+Zanne+CIRAD"
"FAB",3,"2SP",32,"Inga edulis",1,109,100,NA,NA,NA,NA,0.58,"BIOMASS+BIEN+Zanne"
"FAB",3,"2SP",33,"Ficus insipida",1,NA,NA,NA,NA,NA,1,0.37,"BIOMASS+BIEN+Zanne+CIRAD"
"FAB",3,"2SP",34,"Inga edulis",1,180,245,10.312302,3.62353842309579,NA,NA,0.58,"BIOMASS+BIEN+Zanne"
"FAB",3,"2SP",35,"Ficus insipida",1,NA,20,NA,NA,NA,1,0.37,"BIOMASS+BIEN+Zanne+CIRAD"
"FAB",3,"2SP",36,"Inga edulis",1,217,260,12.68421,4.01871095822096,NA,NA,0.58,"BIOMASS+BIEN+Zanne"
"FAB",3,"2SP",37,"Ficus insipida",1,NA,40,NA,NA,NA,1,0.37,"BIOMASS+BIEN+Zanne+CIRAD"
"FAB",3,"2SP",38,"Inga edulis",1,88,74,NA,NA,NA,NA,0.58,"BIOMASS+BIEN+Zanne"
"FAB",3,"2SP",39,"Ficus insipida",1,15,28,NA,NA,NA,NA,0.37,"BIOMASS+BIEN+Zanne+CIRAD"
"FAB",3,"2SP",40,"Inga edulis",1,160,184,1.539384,1.40000163690354,NA,NA,0.58,"BIOMASS+BIEN+Zanne"
"FAB",3,"2SP",41,"Ficus insipida",1,NA,52,NA,NA,NA,1,0.37,"BIOMASS+BIEN+Zanne+CIRAD"
"FAB",3,"2SP",42,"Inga edulis",1,205,267,14.679126,4.32319831899372,NA,NA,0.58,"BIOMASS+BIEN+Zanne"
"FAB",3,"2SP",43,"Ficus insipida",1,124,66,NA,NA,NA,NA,0.37,"BIOMASS+BIEN+Zanne+CIRAD"
"FAB",3,"2SP",44,"Inga edulis",1,182,264,6.699462,2.92061978813582,NA,NA,0.58,"BIOMASS+BIEN+Zanne"
"FAB",3,"2SP",45,"Ficus insipida",1,NA,42,NA,NA,1,1,0.37,"BIOMASS+BIEN+Zanne+CIRAD"
"FAB",3,"2SP",46,"Inga edulis",1,150,178,3.801336,2.20000257227699,NA,NA,0.58,"BIOMASS+BIEN+Zanne"
"FAB",3,"2SP",47,"Ficus insipida",1,NA,40,NA,NA,NA,1,0.37,"BIOMASS+BIEN+Zanne+CIRAD"
"FAB",3,"2SP",48,"Inga edulis",1,300,348,15.47238,4.43847339376609,NA,NA,0.58,"BIOMASS+BIEN+Zanne"
"FAB",3,"2SP",49,"Ficus insipida",1,NA,32,NA,NA,NA,1,0.37,"BIOMASS+BIEN+Zanne+CIRAD"
"FAB",4,"2SP",2,"Inga edulis",1,153,224,4.523904,2.40000280612036,NA,NA,0.58,"BIOMASS+BIEN+Zanne"
"FAB",4,"2SP",3,"Ficus insipida",1,NA,56,NA,NA,NA,1,0.37,"BIOMASS+BIEN+Zanne+CIRAD"
"FAB",4,"2SP",4,"Inga edulis",1,137,186,2.458302,1.76918266985112,NA,NA,0.58,"BIOMASS+BIEN+Zanne"
"FAB",4,"2SP",5,"Ficus insipida",1,NA,43,NA,NA,NA,1,0.37,"BIOMASS+BIEN+Zanne+CIRAD"
"FAB",4,"2SP",6,"Inga edulis",1,300,357,26.145966,5.76975544078785,NA,NA,0.58,"BIOMASS+BIEN+Zanne"
"FAB",4,"2SP",7,"Ficus insipida",1,38,33,NA,NA,NA,NA,0.37,"BIOMASS+BIEN+Zanne+CIRAD"
"FAB",4,"2SP",8,"Inga edulis",1,131,200,6.95079,2.97489843442591,NA,NA,0.58,"BIOMASS+BIEN+Zanne"
"FAB",4,"2SP",9,"Ficus insipida",1,NA,50,NA,NA,NA,1,0.37,"BIOMASS+BIEN+Zanne+CIRAD"
"FAB",4,"2SP",10,"Inga edulis",1,121,196,3.997686,2.25610547240907,NA,NA,0.58,"BIOMASS+BIEN+Zanne"
"FAB",4,"2SP",11,"Ficus insipida",1,NA,56,NA,NA,NA,1,0.37,"BIOMASS+BIEN+Zanne+CIRAD"
"FAB",4,"2SP",12,"Inga edulis",1,197,240,39.599868,7.10071249269343,NA,NA,0.58,"BIOMASS+BIEN+Zanne"
"FAB",4,"2SP",13,"Ficus insipida",1,50,NA,NA,NA,NA,NA,0.37,"BIOMASS+BIEN+Zanne+CIRAD"
"FAB",4,"2SP",14,"Inga edulis",1,230,280,15.558774,4.4508478208536,NA,NA,0.58,"BIOMASS+BIEN+Zanne"
"FAB",4,"2SP",15,"Ficus insipida",1,NA,40,NA,NA,NA,1,0.37,"BIOMASS+BIEN+Zanne+CIRAD"
"FAB",4,"2SP",16,"Inga edulis",1,139,275,18.943848,4.91121740539473,NA,NA,0.58,"BIOMASS+BIEN+Zanne"
"FAB",4,"2SP",17,"Ficus insipida",1,NA,NA,NA,NA,NA,1,0.37,"BIOMASS+BIEN+Zanne+CIRAD"
"FAB",4,"2SP",18,"Inga edulis",1,134,220,8.498028,3.28938068667442,NA,NA,0.58,"BIOMASS+BIEN+Zanne"
"FAB",4,"2SP",19,"Ficus insipida",1,NA,NA,NA,NA,NA,1,0.37,"BIOMASS+BIEN+Zanne+CIRAD"
"FAB",4,"2SP",20,"Inga edulis",1,217,351,12.29151,3.95601271440167,NA,NA,0.58,"BIOMASS+BIEN+Zanne"
"FAB",4,"2SP",21,"Ficus insipida",1,NA,NA,NA,NA,NA,1,0.37,"BIOMASS+BIEN+Zanne+CIRAD"
"FAB",4,"2SP",22,"Inga edulis",1,142,188,3.65211,2.1563883865674,NA,NA,0.58,"BIOMASS+BIEN+Zanne"
"FAB",4,"2SP",23,"Ficus insipida",1,NA,33,NA,NA,NA,1,0.37,"BIOMASS+BIEN+Zanne+CIRAD"
"FAB",4,"2SP",24,"Inga edulis",1,208,310,21.71631,5.25833287817799,NA,NA,0.58,"BIOMASS+BIEN+Zanne"
"FAB",4,"2SP",25,"Ficus insipida",1,NA,34,NA,NA,NA,1,0.37,"BIOMASS+BIEN+Zanne+CIRAD"
"FAB",4,"2SP",26,"Inga edulis",1,182,245,11.105556,3.760323532021,NA,NA,0.58,"BIOMASS+BIEN+Zanne"
"FAB",4,"2SP",27,"Ficus insipida",1,97,35,NA,NA,NA,NA,0.37,"BIOMASS+BIEN+Zanne+CIRAD"
"FAB",4,"2SP",28,"Inga edulis",1,247,328,43.966692,7.48198709605885,NA,NA,0.58,"BIOMASS+BIEN+Zanne"
"FAB",4,"2SP",29,"Ficus insipida",1,114,131,NA,NA,NA,NA,0.37,"BIOMASS+BIEN+Zanne+CIRAD"
"FAB",4,"2SP",30,"Inga edulis",1,194,275,38.618118,7.01214054200633,NA,NA,0.58,"BIOMASS+BIEN+Zanne"
"FAB",4,"2SP",31,"Ficus insipida",1,NA,77,NA,NA,NA,1,0.37,"BIOMASS+BIEN+Zanne+CIRAD"
"FAB",4,"2SP",32,"Inga edulis",1,189,250,15.008994,4.37150371010855,NA,NA,0.58,"BIOMASS+BIEN+Zanne"
"FAB",4,"2SP",33,"Ficus insipida",1,NA,NA,NA,NA,NA,1,0.37,"BIOMASS+BIEN+Zanne+CIRAD"
"FAB",4,"2SP",34,"Inga edulis",1,16,317,7.744044,3.14006736503679,NA,NA,0.58,"BIOMASS+BIEN+Zanne"
"FAB",4,"2SP",35,"Ficus insipida",1,92,125,NA,NA,NA,NA,0.37,"BIOMASS+BIEN+Zanne+CIRAD"
"FAB",4,"2SP",36,"Inga edulis",1,166,217,13.414632,4.13280049608855,NA,NA,0.58,"BIOMASS+BIEN+Zanne"
"FAB",4,"2SP",37,"Ficus insipida",1,41,20,NA,NA,NA,NA,0.37,"BIOMASS+BIEN+Zanne+CIRAD"
"FAB",4,"2SP",38,"Inga edulis",1,181,230,8.144598,3.22025220278955,NA,NA,0.58,"BIOMASS+BIEN+Zanne"
"FAB",4,"2SP",39,"Ficus insipida",1,NA,NA,NA,NA,NA,1,0.37,"BIOMASS+BIEN+Zanne+CIRAD"
"FAB",4,"2SP",40,"Inga edulis",1,234,350,20.923056,5.16140119501559,NA,NA,0.58,"BIOMASS+BIEN+Zanne"
"FAB",4,"2SP",41,"Ficus insipida",1,NA,NA,NA,NA,NA,1,0.37,"BIOMASS+BIEN+Zanne+CIRAD"
"FAB",4,"2SP",42,"Inga edulis",NA,110,210,5.686296,2.69072795545543,1,NA,0.58,"BIOMASS+BIEN+Zanne"
"FAB",4,"2SP",43,"Ficus insipida",1,NA,NA,NA,NA,NA,1,0.37,"BIOMASS+BIEN+Zanne+CIRAD"
"FAB",4,"2SP",44,"Inga edulis",1,177,220,10.343718,3.62905370547046,NA,NA,0.58,"BIOMASS+BIEN+Zanne"
"FAB",4,"2SP",45,"Ficus insipida",1,NA,NA,NA,NA,1,NA,0.37,"BIOMASS+BIEN+Zanne+CIRAD"
"FAB",4,"2SP",46,"Inga edulis",1,263,363,51.781422,8.11973855324291,NA,NA,0.58,"BIOMASS+BIEN+Zanne"
"FAB",4,"2SP",47,"Ficus insipida",1,97,108,NA,NA,NA,NA,0.37,"BIOMASS+BIEN+Zanne+CIRAD"
"FAB",4,"2SP",48,"Inga edulis",1,227,372,40.542348,7.18471437915346,NA,NA,0.58,"BIOMASS+BIEN+Zanne"
"FAB",4,"2SP",49,"Ficus insipida",1,113,181,5.309304,2.60000303996372,NA,NA,0.37,"BIOMASS+BIEN+Zanne+CIRAD"
"FAB",5,"2SP",2,"Ficus insipida",1,65,73,NA,NA,NA,NA,0.37,"BIOMASS+BIEN+Zanne+CIRAD"
"FAB",5,"2SP",3,"Inga edulis",1,172,260,20.06697,5.05470669248119,NA,NA,0.58,"BIOMASS+BIEN+Zanne"
"FAB",5,"2SP",4,"Ficus insipida",1,NA,NA,NA,NA,NA,1,0.37,"BIOMASS+BIEN+Zanne+CIRAD"
"FAB",5,"2SP",5,"Inga edulis",1,125,180,1.735734,1.48660861289761,NA,NA,0.58,"BIOMASS+BIEN+Zanne"
"FAB",5,"2SP",6,"Ficus insipida",1,45,NA,NA,NA,NA,NA,0.37,"BIOMASS+BIEN+Zanne+CIRAD"
"FAB",5,"2SP",7,"Inga edulis",1,205,200,2.55255,1.80277774556758,NA,NA,0.58,"BIOMASS+BIEN+Zanne"
"FAB",5,"2SP",8,"Ficus insipida",1,67,22,NA,NA,1,NA,0.37,"BIOMASS+BIEN+Zanne+CIRAD"
"FAB",5,"2SP",9,"Inga edulis",1,115,175,4.406094,2.36854662580671,NA,NA,0.58,"BIOMASS+BIEN+Zanne"
"FAB",5,"2SP",10,"Ficus insipida",1,45,NA,NA,NA,NA,NA,0.37,"BIOMASS+BIEN+Zanne+CIRAD"
"FAB",5,"2SP",11,"Inga edulis",1,182,300,24.394524,5.5731564334577,NA,NA,0.58,"BIOMASS+BIEN+Zanne"
"FAB",5,"2SP",12,"Ficus insipida",1,90,120,NA,NA,NA,NA,0.37,"BIOMASS+BIEN+Zanne+CIRAD"
"FAB",5,"2SP",13,"Inga edulis",1,125,215,4.16262,2.30217557838352,NA,NA,0.58,"BIOMASS+BIEN+Zanne"
"FAB",5,"2SP",14,"Ficus insipida",1,NA,NA,NA,NA,1,1,0.37,"BIOMASS+BIEN+Zanne+CIRAD"
"FAB",5,"2SP",15,"Inga edulis",1,47,110,NA,NA,1,NA,0.58,"BIOMASS+BIEN+Zanne"
"FAB",5,"2SP",16,"Ficus insipida",1,119,67,NA,NA,NA,NA,0.37,"BIOMASS+BIEN+Zanne+CIRAD"
"FAB",5,"2SP",17,"Inga edulis",1,230,275,34.840344,6.66033810950889,NA,NA,0.58,"BIOMASS+BIEN+Zanne"
"FAB",5,"2SP",18,"Ficus insipida",NA,67,77,NA,NA,1,NA,0.37,"BIOMASS+BIEN+Zanne+CIRAD"
"FAB",5,"2SP",19,"Inga edulis",1,211,295,26.994198,5.86260013748259,NA,NA,0.58,"BIOMASS+BIEN+Zanne"
"FAB",5,"2SP",20,"Ficus insipida",NA,73,77,NA,NA,NA,NA,0.37,"BIOMASS+BIEN+Zanne+CIRAD"
"FAB",5,"2SP",21,"Inga edulis",1,155,235,11.851686,3.88458946183301,NA,NA,0.58,"BIOMASS+BIEN+Zanne"
"FAB",5,"2SP",22,"Ficus insipida",NA,80,48,NA,NA,1,NA,0.37,"BIOMASS+BIEN+Zanne+CIRAD"
"FAB",5,"2SP",23,"Inga edulis",1,142,246,13.014078,4.07063124685446,NA,NA,0.58,"BIOMASS+BIEN+Zanne"
"FAB",5,"2SP",24,"Ficus insipida",NA,82,90,NA,NA,1,NA,0.37,"BIOMASS+BIEN+Zanne+CIRAD"
"FAB",5,"2SP",25,"Inga edulis",1,190,265,21.370734,5.21632664130768,NA,NA,0.58,"BIOMASS+BIEN+Zanne"
"FAB",5,"2SP",26,"Ficus insipida",1,42,NA,NA,NA,NA,NA,0.37,"BIOMASS+BIEN+Zanne+CIRAD"
"FAB",5,"2SP",27,"Inga edulis",1,236,300,20.679582,5.13128264384193,NA,NA,0.58,"BIOMASS+BIEN+Zanne"
"FAB",5,"2SP",28,"Ficus insipida",1,33,NA,NA,NA,NA,NA,0.37,"BIOMASS+BIEN+Zanne+CIRAD"
"FAB",5,"2SP",29,"Inga edulis",1,68,131,NA,NA,NA,NA,0.58,"BIOMASS+BIEN+Zanne"
"FAB",5,"2SP",30,"Ficus insipida",1,76,NA,NA,NA,NA,NA,0.37,"BIOMASS+BIEN+Zanne+CIRAD"
"FAB",5,"2SP",31,"Inga edulis",1,53,166,0.7854,1.00000116921681,NA,NA,0.58,"BIOMASS+BIEN+Zanne"
"FAB",5,"2SP",32,"Ficus insipida",NA,74,80,NA,NA,1,NA,0.37,"BIOMASS+BIEN+Zanne+CIRAD"
"FAB",5,"2SP",33,"Inga edulis",1,206,260,13.281114,4.11218184701696,NA,NA,0.58,"BIOMASS+BIEN+Zanne"
"FAB",5,"2SP",34,"Ficus insipida",1,67,80,NA,NA,NA,NA,0.37,"BIOMASS+BIEN+Zanne+CIRAD"
"FAB",5,"2SP",35,"Inga edulis",1,132,170,4.28043,2.33452623554989,NA,NA,0.58,"BIOMASS+BIEN+Zanne"
"FAB",5,"2SP",36,"Ficus insipida",1,26,NA,NA,NA,NA,NA,0.37,"BIOMASS+BIEN+Zanne+CIRAD"
"FAB",5,"2SP",37,"Inga edulis",1,136,249,7.963956,3.1843403887981,NA,NA,0.58,"BIOMASS+BIEN+Zanne"
"FAB",5,"2SP",38,"Ficus insipida",NA,37,NA,NA,NA,1,NA,0.37,"BIOMASS+BIEN+Zanne+CIRAD"
"FAB",5,"2SP",39,"Inga edulis",1,129,224,3.597132,2.14009595813652,NA,NA,0.58,"BIOMASS+BIEN+Zanne"
"FAB",5,"2SP",40,"Ficus insipida",1,37,NA,NA,NA,NA,NA,0.37,"BIOMASS+BIEN+Zanne+CIRAD"
"FAB",5,"2SP",41,"Inga edulis",1,146,220,6.699462,2.92061978813582,NA,NA,0.58,"BIOMASS+BIEN+Zanne"
"FAB",5,"2SP",42,"Ficus insipida",1,77,30,NA,NA,NA,NA,0.37,"BIOMASS+BIEN+Zanne+CIRAD"
"FAB",5,"2SP",43,"Inga edulis",1,179,255,7.854,3.16228135755659,NA,NA,0.58,"BIOMASS+BIEN+Zanne"
"FAB",5,"2SP",44,"Ficus insipida",1,55,6,NA,NA,NA,NA,0.37,"BIOMASS+BIEN+Zanne+CIRAD"
"FAB",5,"2SP",45,"Inga edulis",1,144,200,3.80919,2.20227412948746,NA,NA,0.58,"BIOMASS+BIEN+Zanne"
"FAB",5,"2SP",46,"Ficus insipida",1,47,45,NA,NA,NA,NA,0.37,"BIOMASS+BIEN+Zanne+CIRAD"
"FAB",5,"2SP",47,"Inga edulis",1,179,248,16.077138,4.52438370032476,NA,NA,0.58,"BIOMASS+BIEN+Zanne"
"FAB",5,"2SP",48,"Ficus insipida",1,28,22,NA,NA,NA,NA,0.37,"BIOMASS+BIEN+Zanne+CIRAD"
"FAB",5,"2SP",49,"Inga edulis",1,162,200,5.199348,2.57293907437383,NA,NA,0.58,"BIOMASS+BIEN+Zanne"
"FAB",6,"2SP",2,"Inga edulis",1,215,290,41.893236,7.30343239389006,NA,NA,0.58,"BIOMASS+BIEN+Zanne"
"FAB",6,"2SP",3,"Ficus insipida",1,99,108,NA,NA,NA,NA,0.37,"BIOMASS+BIEN+Zanne+CIRAD"
"FAB",6,"2SP",4,"Inga edulis",1,225,233,29.389668,6.11719604919097,NA,NA,0.58,"BIOMASS+BIEN+Zanne"
"FAB",6,"2SP",5,"Ficus insipida",1,77,84,NA,NA,NA,NA,0.37,"BIOMASS+BIEN+Zanne+CIRAD"
"FAB",6,"2SP",6,"Inga edulis",1,192,245,17.498712,4.72017500738391,NA,NA,0.58,"BIOMASS+BIEN+Zanne"
"FAB",6,"2SP",7,"Ficus insipida",1,34,42,NA,NA,NA,NA,0.37,"BIOMASS+BIEN+Zanne+CIRAD"
"FAB",6,"2SP",8,"Inga edulis",1,81,NA,NA,NA,NA,NA,0.58,"BIOMASS+BIEN+Zanne"
"FAB",6,"2SP",9,"Ficus insipida",1,133,183,2.835294,1.90000222151195,NA,NA,0.37,"BIOMASS+BIEN+Zanne+CIRAD"
"FAB",6,"2SP",10,"Inga edulis",1,236,355,41.948214,7.30822310112473,NA,NA,0.58,"BIOMASS+BIEN+Zanne"
"FAB",6,"2SP",11,"Ficus insipida",1,70,13,NA,NA,NA,NA,0.37,"BIOMASS+BIEN+Zanne+CIRAD"
"FAB",6,"2SP",12,"Inga edulis",1,225,300,11.97735,3.90512940389095,NA,NA,0.58,"BIOMASS+BIEN+Zanne"
"FAB",6,"2SP",13,"Ficus insipida",1,93,95,NA,NA,NA,NA,0.37,"BIOMASS+BIEN+Zanne+CIRAD"
"FAB",6,"2SP",14,"Inga edulis",1,164,213,6.039726,2.77308816710993,NA,NA,0.58,"BIOMASS+BIEN+Zanne"
"FAB",6,"2SP",15,"Ficus insipida",1,55,70,NA,NA,NA,NA,0.37,"BIOMASS+BIEN+Zanne+CIRAD"
"FAB",6,"2SP",16,"Inga edulis",1,200,352,29.271858,6.10492318980938,NA,NA,0.58,"BIOMASS+BIEN+Zanne"
"FAB",6,"2SP",17,"Ficus insipida",1,96,72,NA,NA,NA,NA,0.37,"BIOMASS+BIEN+Zanne+CIRAD"
"FAB",6,"2SP",18,"Inga edulis",1,171,240,21.174384,5.19230806522567,NA,NA,0.58,"BIOMASS+BIEN+Zanne"
"FAB",6,"2SP",19,"Ficus insipida",1,NA,NA,NA,NA,NA,1,0.37,"BIOMASS+BIEN+Zanne+CIRAD"
"FAB",6,"2SP",20,"Inga edulis",1,250,312,34.973862,6.67308805055878,NA,NA,0.58,"BIOMASS+BIEN+Zanne"
"FAB",6,"2SP",21,"Ficus insipida",1,NA,NA,NA,NA,1,1,0.37,"BIOMASS+BIEN+Zanne+CIRAD"
"FAB",6,"2SP",22,"Inga edulis",1,280,360,17.6715,4.74342203633489,NA,NA,0.58,"BIOMASS+BIEN+Zanne"
"FAB",6,"2SP",23,"Ficus insipida",1,8,NA,NA,NA,NA,NA,0.37,"BIOMASS+BIEN+Zanne+CIRAD"
"FAB",6,"2SP",24,"Inga edulis",1,225,317,34.306272,6.60909238419623,NA,NA,0.58,"BIOMASS+BIEN+Zanne"
"FAB",6,"2SP",25,"Ficus insipida",1,55,20,NA,NA,NA,NA,0.37,"BIOMASS+BIEN+Zanne+CIRAD"
"FAB",6,"2SP",26,"Inga edulis",1,235,322,41.327748,7.25397291478604,NA,NA,0.58,"BIOMASS+BIEN+Zanne"
"FAB",6,"2SP",27,"Ficus insipida",1,98,66,NA,NA,NA,NA,0.37,"BIOMASS+BIEN+Zanne+CIRAD"
"FAB",6,"2SP",28,"Inga edulis",1,260,391,55.951896,8.44038900703689,NA,NA,0.58,"BIOMASS+BIEN+Zanne"
"FAB",6,"2SP",29,"Ficus insipida",1,87,91,NA,NA,NA,NA,0.37,"BIOMASS+BIEN+Zanne+CIRAD"
"FAB",6,"2SP",30,"Inga edulis",1,203,300,18.77106,4.88876834065559,NA,NA,0.58,"BIOMASS+BIEN+Zanne"
"FAB",6,"2SP",31,"Ficus insipida",1,110,NA,NA,NA,NA,NA,0.37,"BIOMASS+BIEN+Zanne+CIRAD"
"FAB",6,"2SP",32,"Inga edulis",1,200,300,32.060028,6.38906060817368,NA,NA,0.58,"BIOMASS+BIEN+Zanne"
"FAB",6,"2SP",33,"Ficus insipida",1,NA,NA,NA,NA,NA,1,0.37,"BIOMASS+BIEN+Zanne+CIRAD"
"FAB",6,"2SP",34,"Inga edulis",1,280,417,51.098124,8.06598736290734,NA,NA,0.58,"BIOMASS+BIEN+Zanne"
"FAB",6,"2SP",35,"Ficus insipida",1,120,200,2.835294,1.90000222151195,NA,NA,0.37,"BIOMASS+BIEN+Zanne+CIRAD"
"FAB",6,"2SP",36,"Inga edulis",1,150,240,5.73342,2.70185437627113,NA,NA,0.58,"BIOMASS+BIEN+Zanne"
"FAB",6,"2SP",37,"Ficus insipida",1,60,61,NA,NA,NA,NA,0.37,"BIOMASS+BIEN+Zanne+CIRAD"
"FAB",6,"2SP",38,"Inga edulis",1,275,327,26.169528,5.77235462499092,NA,NA,0.58,"BIOMASS+BIEN+Zanne"
"FAB",6,"2SP",39,"Ficus insipida",1,79,15,NA,NA,NA,NA,0.37,"BIOMASS+BIEN+Zanne+CIRAD"
"FAB",6,"2SP",40,"Inga edulis",1,212,310,12.354342,3.96611104024868,NA,NA,0.58,"BIOMASS+BIEN+Zanne"
"FAB",6,"2SP",41,"Ficus insipida",1,108,127,NA,NA,NA,NA,0.37,"BIOMASS+BIEN+Zanne+CIRAD"
"FAB",6,"2SP",42,"Inga edulis",1,215,313,33.450186,6.52610907003143,NA,NA,0.58,"BIOMASS+BIEN+Zanne"
"FAB",6,"2SP",43,"Ficus insipida",1,NA,NA,NA,NA,NA,1,0.37,"BIOMASS+BIEN+Zanne+CIRAD"
"FAB",6,"2SP",44,"Inga edulis",1,200,300,13.202574,4.10000479378894,NA,NA,0.58,"BIOMASS+BIEN+Zanne"
"FAB",6,"2SP",45,"Ficus insipida",1,75,80,NA,NA,NA,NA,0.37,"BIOMASS+BIEN+Zanne+CIRAD"
"FAB",6,"2SP",46,"Inga edulis",1,250,337,32.24067,6.4070348830607,NA,NA,0.58,"BIOMASS+BIEN+Zanne"
"FAB",6,"2SP",47,"Ficus insipida",1,72,72,NA,NA,1,NA,0.37,"BIOMASS+BIEN+Zanne+CIRAD"
"FAB",6,"2SP",48,"Inga edulis",1,235,341,42.4116,7.34847782030332,NA,NA,0.58,"BIOMASS+BIEN+Zanne"
"FAB",6,"2SP",49,"Ficus insipida",1,99,NA,NA,NA,NA,NA,0.37,"BIOMASS+BIEN+Zanne+CIRAD"
"FAB",1,"6SP",2,"Inga edulis",1,185,330,40.91934,7.21804141249296,NA,NA,0.58,"BIOMASS+BIEN+Zanne"
"FAB",1,"6SP",3,"Ficus insipida",1,140,241,8.026788,3.19687721046738,NA,NA,0.37,"BIOMASS+BIEN+Zanne+CIRAD"
"FAB",1,"6SP",4,"Heliocarpus appendiculatus",1,270,420,104.034084,11.5091402697638,NA,NA,0.185,"BIOMASS+BIEN+Zanne"
"FAB",1,"6SP",5,"Terminalia amazonia",NA,60,82,NA,NA,1,NA,0.688,"BIOMASS+BIEN+Zanne+TWDD+CIRAD"
"FAB",1,"6SP",6,"Spondias mombin",1,75,153,4.154766,2.30000268919867,NA,NA,0.386,"BIOMASS+BIEN+Zanne+TWDD+CIRAD"
"FAB",1,"6SP",7,"Moquilea platypus",1,90,100,NA,NA,NA,NA,0.621,"BIOMASS+BIEN+Zanne"
"FAB",1,"6SP",8,"Spondias mombin",1,143,160,8.042496,3.20000374149381,NA,NA,0.386,"BIOMASS+BIEN+Zanne+TWDD+CIRAD"
"FAB",1,"6SP",9,"Terminalia amazonia",1,132,230,2.544696,1.80000210459027,NA,NA,0.688,"BIOMASS+BIEN+Zanne+TWDD+CIRAD"
"FAB",1,"6SP",10,"Moquilea platypus",1,88,90,NA,NA,NA,NA,0.621,"BIOMASS+BIEN+Zanne"
"FAB",1,"6SP",11,"Ficus insipida",1,84,200,3.1416,2.00000233843363,NA,NA,0.37,"BIOMASS+BIEN+Zanne+CIRAD"
"FAB",1,"6SP",12,"Heliocarpus appendiculatus",1,280,404,63.413196,8.98555445174318,NA,NA,0.185,"BIOMASS+BIEN+Zanne"
"FAB",1,"6SP",13,"Inga edulis",1,303,390,62.973372,8.95433903176097,NA,NA,0.58,"BIOMASS+BIEN+Zanne"
"FAB",1,"6SP",14,"Terminalia amazonia",1,100,164,NA,NA,NA,NA,0.688,"BIOMASS+BIEN+Zanne+TWDD+CIRAD"
"FAB",1,"6SP",15,"Moquilea platypus",1,49,152,0.7854,1.00000116921681,NA,NA,0.621,"BIOMASS+BIEN+Zanne"
"FAB",1,"6SP",16,"Heliocarpus appendiculatus",1,215,360,43.778196,7.46593131125426,NA,NA,0.185,"BIOMASS+BIEN+Zanne"
"FAB",1,"6SP",17,"Inga edulis",1,220,395,32.939676,6.47611751545351,NA,NA,0.58,"BIOMASS+BIEN+Zanne"
"FAB",1,"6SP",18,"Spondias mombin",1,162,270,14.522046,4.3000050276323,NA,NA,0.386,"BIOMASS+BIEN+Zanne+TWDD+CIRAD"
"FAB",1,"6SP",19,"Inga edulis",1,220,343,47.980086,7.81601835047705,NA,NA,0.58,"BIOMASS+BIEN+Zanne"
"FAB",1,"6SP",20,"Ficus insipida",NA,90,114,NA,NA,NA,NA,0.37,"BIOMASS+BIEN+Zanne+CIRAD"
"FAB",1,"6SP",21,"Heliocarpus appendiculatus",1,220,311,20.26332,5.07937597856498,NA,NA,0.185,"BIOMASS+BIEN+Zanne"
"FAB",1,"6SP",22,"Ficus insipida",1,144,150,NA,NA,NA,NA,0.37,"BIOMASS+BIEN+Zanne+CIRAD"
"FAB",1,"6SP",23,"Spondias mombin",1,140,160,3.463614,2.10000245535531,NA,NA,0.386,"BIOMASS+BIEN+Zanne+TWDD+CIRAD"
"FAB",1,"6SP",24,"Terminalia amazonia",1,185,295,4.90875,2.50000292304204,NA,NA,0.688,"BIOMASS+BIEN+Zanne+TWDD+CIRAD"
"FAB",1,"6SP",25,"Moquilea platypus",1,92,150,NA,NA,NA,NA,0.621,"BIOMASS+BIEN+Zanne"
"FAB",1,"6SP",26,"Heliocarpus appendiculatus",1,270,380,68.471172,9.33703399719434,NA,NA,0.185,"BIOMASS+BIEN+Zanne"
"FAB",1,"6SP",27,"Terminalia amazonia",1,147,200,2.010624,1.6000018707469,NA,NA,0.688,"BIOMASS+BIEN+Zanne+TWDD+CIRAD"
"FAB",1,"6SP",28,"Spondias mombin",1,20,NA,NA,NA,NA,NA,0.386,"BIOMASS+BIEN+Zanne+TWDD+CIRAD"
"FAB",1,"6SP",29,"Terminalia amazonia",1,40,95,NA,NA,NA,NA,0.688,"BIOMASS+BIEN+Zanne+TWDD+CIRAD"
"FAB",1,"6SP",30,"Heliocarpus appendiculatus",1,260,364,65.172492,9.10934652120206,NA,NA,0.185,"BIOMASS+BIEN+Zanne"
"FAB",1,"6SP",31,"Moquilea platypus",1,80,74,NA,NA,NA,NA,0.621,"BIOMASS+BIEN+Zanne"
"FAB",1,"6SP",32,"Inga edulis",NA,113,250,12.09516,3.92428796240782,1,NA,0.58,"BIOMASS+BIEN+Zanne"
"FAB",1,"6SP",33,"Spondias mombin",1,156,174,20.428254,5.10000596300576,NA,NA,0.386,"BIOMASS+BIEN+Zanne+TWDD+CIRAD"
"FAB",1,"6SP",34,"Inga edulis",1,200,310,15.660876,4.46542793340054,NA,NA,0.58,"BIOMASS+BIEN+Zanne"
"FAB",1,"6SP",35,"Ficus insipida",1,83,125,NA,NA,NA,NA,0.37,"BIOMASS+BIEN+Zanne+CIRAD"
"FAB",1,"6SP",36,"Moquilea platypus",1,80,84,NA,NA,NA,NA,0.621,"BIOMASS+BIEN+Zanne"
"FAB",1,"6SP",37,"Terminalia amazonia",1,140,203,0.950334,1.1000012861385,NA,NA,0.688,"BIOMASS+BIEN+Zanne+TWDD+CIRAD"
"FAB",1,"6SP",38,"Ficus insipida",1,80,110,NA,NA,NA,NA,0.37,"BIOMASS+BIEN+Zanne+CIRAD"
"FAB",1,"6SP",39,"Spondias mombin",1,155,100,NA,NA,NA,NA,0.386,"BIOMASS+BIEN+Zanne+TWDD+CIRAD"
"FAB",1,"6SP",40,"Moquilea platypus",1,100,95,NA,NA,NA,NA,0.621,"BIOMASS+BIEN+Zanne"
"FAB",1,"6SP",41,"Terminalia amazonia",1,130,180,NA,NA,NA,NA,0.688,"BIOMASS+BIEN+Zanne+TWDD+CIRAD"
"FAB",1,"6SP",42,"Inga edulis",1,110,160,NA,NA,NA,NA,0.58,"BIOMASS+BIEN+Zanne"
"FAB",1,"6SP",43,"Spondias mombin",1,125,134,NA,NA,NA,NA,0.386,"BIOMASS+BIEN+Zanne+TWDD+CIRAD"
"FAB",1,"6SP",44,"Ficus insipida",1,94,127,NA,NA,NA,NA,0.37,"BIOMASS+BIEN+Zanne+CIRAD"
"FAB",1,"6SP",45,"Inga edulis",1,260,370,54.907314,8.36122978275269,NA,NA,0.58,"BIOMASS+BIEN+Zanne"
"FAB",1,"6SP",46,"Heliocarpus appendiculatus",1,197,200,4.814502,2.47588657547282,NA,NA,0.185,"BIOMASS+BIEN+Zanne"
"FAB",1,"6SP",47,"Ficus insipida",1,100,100,NA,NA,NA,NA,0.37,"BIOMASS+BIEN+Zanne+CIRAD"
"FAB",1,"6SP",48,"Heliocarpus appendiculatus",1,160,159,NA,NA,NA,NA,0.185,"BIOMASS+BIEN+Zanne"
"FAB",1,"6SP",49,"Moquilea platypus",1,70,70,NA,NA,NA,NA,0.621,"BIOMASS+BIEN+Zanne"
"FAB",3,"6SP",2,"Inga edulis",1,146,187,5.411406,2.62488401873628,NA,NA,0.58,"BIOMASS+BIEN+Zanne"
"FAB",3,"6SP",3,"Ficus insipida",1,53,65,NA,NA,NA,NA,0.37,"BIOMASS+BIEN+Zanne+CIRAD"
"FAB",3,"6SP",4,"Heliocarpus appendiculatus",1,124,153,NA,NA,NA,NA,0.185,"BIOMASS+BIEN+Zanne"
"FAB",3,"6SP",5,"Terminalia amazonia",1,125,150,NA,NA,NA,NA,0.688,"BIOMASS+BIEN+Zanne+TWDD+CIRAD"
"FAB",3,"6SP",6,"Spondias mombin",1,142,100,NA,NA,NA,NA,0.386,"BIOMASS+BIEN+Zanne+TWDD+CIRAD"
"FAB",3,"6SP",7,"Moquilea platypus",1,74,71,NA,NA,NA,NA,0.621,"BIOMASS+BIEN+Zanne"
"FAB",3,"6SP",8,"Spondias mombin",1,163,167,11.945934,3.90000455994558,NA,NA,0.386,"BIOMASS+BIEN+Zanne+TWDD+CIRAD"
"FAB",3,"6SP",9,"Terminalia amazonia",1,93,104,NA,NA,NA,NA,0.688,"BIOMASS+BIEN+Zanne+TWDD+CIRAD"
"FAB",3,"6SP",10,"Moquilea platypus",1,33,21,NA,NA,NA,NA,0.621,"BIOMASS+BIEN+Zanne"
"FAB",3,"6SP",11,"Ficus insipida",1,54,NA,NA,NA,NA,NA,0.37,"BIOMASS+BIEN+Zanne+CIRAD"
"FAB",3,"6SP",12,"Heliocarpus appendiculatus",1,161,213,3.927,2.23607059194807,NA,NA,0.185,"BIOMASS+BIEN+Zanne"
"FAB",3,"6SP",13,"Inga edulis",1,166,228,19.305132,4.95782789926518,NA,NA,0.58,"BIOMASS+BIEN+Zanne"
"FAB",3,"6SP",14,"Terminalia amazonia",1,160,205,1.327326,1.30000151998186,NA,NA,0.688,"BIOMASS+BIEN+Zanne+TWDD+CIRAD"
"FAB",3,"6SP",15,"Moquilea platypus",1,63,70,NA,NA,1,NA,0.621,"BIOMASS+BIEN+Zanne"
"FAB",3,"6SP",16,"Heliocarpus appendiculatus",1,195,196,5.544924,2.65706915780359,NA,NA,0.185,"BIOMASS+BIEN+Zanne"
"FAB",3,"6SP",17,"Inga edulis",1,248,284,34.541892,6.63174960657979,NA,NA,0.58,"BIOMASS+BIEN+Zanne"
"FAB",3,"6SP",18,"Spondias mombin",1,130,15,NA,NA,NA,NA,0.386,"BIOMASS+BIEN+Zanne+TWDD+CIRAD"
"FAB",3,"6SP",19,"Inga edulis",1,182,255,26.452272,5.80345403690687,NA,NA,0.58,"BIOMASS+BIEN+Zanne"
"FAB",3,"6SP",20,"Ficus insipida",1,106,125,NA,NA,NA,NA,0.37,"BIOMASS+BIEN+Zanne+CIRAD"
"FAB",3,"6SP",21,"Heliocarpus appendiculatus",1,207,255,29.4525,6.12373151691943,NA,NA,0.185,"BIOMASS+BIEN+Zanne"
"FAB",3,"6SP",22,"Ficus insipida",1,83,46,NA,NA,NA,NA,0.37,"BIOMASS+BIEN+Zanne+CIRAD"
"FAB",3,"6SP",23,"Spondias mombin",1,NA,NA,NA,NA,NA,1,0.386,"BIOMASS+BIEN+Zanne+TWDD+CIRAD"
"FAB",3,"6SP",24,"Terminalia amazonia",1,86,153,NA,NA,NA,NA,0.688,"BIOMASS+BIEN+Zanne+TWDD+CIRAD"
"FAB",3,"6SP",25,"Moquilea platypus",1,80,78,NA,NA,NA,NA,0.621,"BIOMASS+BIEN+Zanne"
"FAB",3,"6SP",26,"Heliocarpus appendiculatus",1,202,294,17.184552,4.67761169454645,NA,NA,0.185,"BIOMASS+BIEN+Zanne"
"FAB",3,"6SP",27,"Terminalia amazonia",1,111,157,NA,NA,NA,NA,0.688,"BIOMASS+BIEN+Zanne+TWDD+CIRAD"
"FAB",3,"6SP",28,"Spondias mombin",1,38,NA,NA,NA,NA,NA,0.386,"BIOMASS+BIEN+Zanne+TWDD+CIRAD"
"FAB",3,"6SP",29,"Terminalia amazonia",1,72,77,NA,NA,NA,NA,0.688,"BIOMASS+BIEN+Zanne+TWDD+CIRAD"
"FAB",3,"6SP",30,"Heliocarpus appendiculatus",1,26,10,NA,NA,NA,NA,0.185,"BIOMASS+BIEN+Zanne"
"FAB",3,"6SP",31,"Moquilea platypus",1,80,74,NA,NA,NA,NA,0.621,"BIOMASS+BIEN+Zanne"
"FAB",3,"6SP",32,"Inga edulis",1,202,270,20.004138,5.0467870531596,NA,NA,0.58,"BIOMASS+BIEN+Zanne"
"FAB",3,"6SP",33,"Spondias mombin",1,148,94,NA,NA,NA,NA,0.386,"BIOMASS+BIEN+Zanne+TWDD+CIRAD"
"FAB",3,"6SP",34,"Inga edulis",1,187,273,15.598044,4.45646120159472,NA,NA,0.58,"BIOMASS+BIEN+Zanne"
"FAB",3,"6SP",35,"Ficus insipida",1,107,135,0.950334,1.1000012861385,NA,NA,0.37,"BIOMASS+BIEN+Zanne+CIRAD"
"FAB",3,"6SP",36,"Moquilea platypus",1,83,NA,NA,NA,1,NA,0.621,"BIOMASS+BIEN+Zanne"
"FAB",3,"6SP",37,"Terminalia amazonia",1,44,45,NA,NA,NA,NA,0.688,"BIOMASS+BIEN+Zanne+TWDD+CIRAD"
"FAB",3,"6SP",38,"Ficus insipida",1,35,55,NA,NA,NA,NA,0.37,"BIOMASS+BIEN+Zanne+CIRAD"
"FAB",3,"6SP",39,"Spondias mombin",1,45,NA,NA,NA,NA,NA,0.386,"BIOMASS+BIEN+Zanne+TWDD+CIRAD"
"FAB",3,"6SP",40,"Moquilea platypus",1,NA,NA,NA,NA,NA,1,0.621,"BIOMASS+BIEN+Zanne"
"FAB",3,"6SP",41,"Terminalia amazonia",1,62,94,NA,NA,NA,NA,0.688,"BIOMASS+BIEN+Zanne+TWDD+CIRAD"
"FAB",3,"6SP",42,"Inga edulis",1,213,300,34.109922,6.59015186154552,NA,NA,0.58,"BIOMASS+BIEN+Zanne"
"FAB",3,"6SP",43,"Spondias mombin",NA,NA,NA,NA,NA,NA,1,0.386,"BIOMASS+BIEN+Zanne+TWDD+CIRAD"
"FAB",3,"6SP",44,"Ficus insipida",1,84,46,NA,NA,NA,NA,0.37,"BIOMASS+BIEN+Zanne+CIRAD"
"FAB",3,"6SP",45,"Inga edulis",1,167,207,3.094476,1.98494564495703,NA,NA,0.58,"BIOMASS+BIEN+Zanne"
"FAB",3,"6SP",46,"Heliocarpus appendiculatus",1,37,94,NA,NA,NA,NA,0.185,"BIOMASS+BIEN+Zanne"
"FAB",3,"6SP",47,"Ficus insipida",1,46,NA,NA,NA,NA,NA,0.37,"BIOMASS+BIEN+Zanne+CIRAD"
"FAB",3,"6SP",48,"Heliocarpus appendiculatus",1,NA,NA,NA,NA,NA,1,0.185,"BIOMASS+BIEN+Zanne"
"FAB",3,"6SP",49,"Moquilea platypus",1,72,77,NA,NA,NA,NA,0.621,"BIOMASS+BIEN+Zanne"
"FAB",5,"6SP",2,"Inga edulis",1,300,397,37.377186,6.8985586383042,NA,NA,0.58,"BIOMASS+BIEN+Zanne"
"FAB",5,"6SP",3,"Ficus insipida",1,93,NA,NA,NA,NA,NA,0.37,"BIOMASS+BIEN+Zanne+CIRAD"
"FAB",5,"6SP",4,"Heliocarpus appendiculatus",1,102,123,NA,NA,NA,NA,0.185,"BIOMASS+BIEN+Zanne"
"FAB",5,"6SP",5,"Terminalia amazonia",1,89,90,NA,NA,NA,NA,0.688,"BIOMASS+BIEN+Zanne+TWDD+CIRAD"
"FAB",5,"6SP",6,"Spondias mombin",1,NA,NA,NA,NA,NA,1,0.386,"BIOMASS+BIEN+Zanne+TWDD+CIRAD"
"FAB",5,"6SP",7,"Moquilea platypus",1,66,69,NA,NA,NA,NA,0.621,"BIOMASS+BIEN+Zanne"
"FAB",5,"6SP",8,"Spondias mombin",1,NA,NA,NA,NA,NA,1,0.386,"BIOMASS+BIEN+Zanne+TWDD+CIRAD"
"FAB",5,"6SP",9,"Terminalia amazonia",1,42,50,NA,NA,NA,NA,0.688,"BIOMASS+BIEN+Zanne+TWDD+CIRAD"
"FAB",5,"6SP",10,"Moquilea platypus",1,65,60,NA,NA,NA,NA,0.621,"BIOMASS+BIEN+Zanne"
"FAB",5,"6SP",11,"Ficus insipida",1,NA,NA,NA,NA,NA,1,0.37,"BIOMASS+BIEN+Zanne+CIRAD"
"FAB",5,"6SP",12,"Heliocarpus appendiculatus",1,16,NA,NA,NA,NA,NA,0.185,"BIOMASS+BIEN+Zanne"
"FAB",5,"6SP",13,"Inga edulis",1,145,170,2.458302,1.76918266985112,NA,NA,0.58,"BIOMASS+BIEN+Zanne"
"FAB",5,"6SP",14,"Terminalia amazonia",1,36,36,NA,NA,NA,NA,0.688,"BIOMASS+BIEN+Zanne+TWDD+CIRAD"
"FAB",5,"6SP",15,"Moquilea platypus",1,80,40,NA,NA,NA,NA,0.621,"BIOMASS+BIEN+Zanne"
"FAB",5,"6SP",16,"Heliocarpus appendiculatus",1,NA,NA,NA,NA,NA,1,0.185,"BIOMASS+BIEN+Zanne"
"FAB",5,"6SP",17,"Inga edulis",1,200,284,18.41763,4.84252566707712,NA,NA,0.58,"BIOMASS+BIEN+Zanne"
"FAB",5,"6SP",18,"Spondias mombin",1,158,148,4.90875,2.50000292304204,NA,NA,0.386,"BIOMASS+BIEN+Zanne+TWDD+CIRAD"
"FAB",5,"6SP",19,"Inga edulis",1,192,227,16.210656,4.54313198854032,NA,NA,0.58,"BIOMASS+BIEN+Zanne"
"FAB",5,"6SP",20,"Ficus insipida",1,NA,NA,NA,NA,NA,1,0.37,"BIOMASS+BIEN+Zanne+CIRAD"
"FAB",5,"6SP",21,"Heliocarpus appendiculatus",1,NA,NA,NA,NA,NA,1,0.185,"BIOMASS+BIEN+Zanne"
"FAB",5,"6SP",22,"Ficus insipida",1,NA,NA,NA,NA,NA,1,0.37,"BIOMASS+BIEN+Zanne+CIRAD"
"FAB",5,"6SP",23,"Spondias mombin",NA,NA,NA,NA,NA,1,1,0.386,"BIOMASS+BIEN+Zanne+TWDD+CIRAD"
"FAB",5,"6SP",24,"Terminalia amazonia",1,39,NA,NA,NA,NA,NA,0.688,"BIOMASS+BIEN+Zanne+TWDD+CIRAD"
"FAB",5,"6SP",25,"Moquilea platypus",1,52,54,NA,NA,NA,NA,0.621,"BIOMASS+BIEN+Zanne"
"FAB",5,"6SP",26,"Heliocarpus appendiculatus",1,110,145,NA,NA,NA,NA,0.185,"BIOMASS+BIEN+Zanne"
"FAB",5,"6SP",27,"Terminalia amazonia",1,48,50,NA,NA,NA,NA,0.688,"BIOMASS+BIEN+Zanne+TWDD+CIRAD"
"FAB",5,"6SP",28,"Spondias mombin",1,139,NA,NA,NA,NA,NA,0.386,"BIOMASS+BIEN+Zanne+TWDD+CIRAD"
"FAB",5,"6SP",29,"Terminalia amazonia",1,52,74,NA,NA,NA,NA,0.688,"BIOMASS+BIEN+Zanne+TWDD+CIRAD"
"FAB",5,"6SP",30,"Heliocarpus appendiculatus",1,NA,NA,NA,NA,NA,1,0.185,"BIOMASS+BIEN+Zanne"
"FAB",5,"6SP",31,"Moquilea platypus",1,76,73,NA,NA,NA,NA,0.621,"BIOMASS+BIEN+Zanne"
"FAB",5,"6SP",32,"Inga edulis",1,170,232,6.071142,2.78029100565076,NA,NA,0.58,"BIOMASS+BIEN+Zanne"
"FAB",5,"6SP",33,"Spondias mombin",1,148,85,NA,NA,NA,NA,0.386,"BIOMASS+BIEN+Zanne+TWDD+CIRAD"
"FAB",5,"6SP",34,"Inga edulis",1,132,170,1.130976,1.20000140306018,NA,NA,0.58,"BIOMASS+BIEN+Zanne"
"FAB",5,"6SP",35,"Ficus insipida",1,NA,NA,NA,NA,NA,1,0.37,"BIOMASS+BIEN+Zanne+CIRAD"
"FAB",5,"6SP",36,"Moquilea platypus",1,68,62,NA,NA,NA,NA,0.621,"BIOMASS+BIEN+Zanne"
"FAB",5,"6SP",37,"Terminalia amazonia",1,43,80,NA,NA,NA,NA,0.688,"BIOMASS+BIEN+Zanne+TWDD+CIRAD"
"FAB",5,"6SP",38,"Ficus insipida",1,NA,NA,NA,NA,NA,1,0.37,"BIOMASS+BIEN+Zanne+CIRAD"
"FAB",5,"6SP",39,"Spondias mombin",1,165,160,10.178784,3.60000420918053,NA,NA,0.386,"BIOMASS+BIEN+Zanne+TWDD+CIRAD"
"FAB",5,"6SP",40,"Moquilea platypus",1,75,40,NA,NA,NA,NA,0.621,"BIOMASS+BIEN+Zanne"
"FAB",5,"6SP",41,"Terminalia amazonia",1,16,8,NA,NA,NA,NA,0.688,"BIOMASS+BIEN+Zanne+TWDD+CIRAD"
"FAB",5,"6SP",42,"Inga edulis",1,143,200,2.654652,1.83847978066398,NA,NA,0.58,"BIOMASS+BIEN+Zanne"
"FAB",5,"6SP",43,"Spondias mombin",1,157,NA,NA,NA,NA,NA,0.386,"BIOMASS+BIEN+Zanne+TWDD+CIRAD"
"FAB",5,"6SP",44,"Ficus insipida",NA,NA,NA,NA,NA,1,1,0.37,"BIOMASS+BIEN+Zanne+CIRAD"
"FAB",5,"6SP",45,"Inga edulis",1,195,250,15.912204,4.5011162367454,NA,NA,0.58,"BIOMASS+BIEN+Zanne"
"FAB",5,"6SP",46,"Heliocarpus appendiculatus",1,133,170,0.950334,1.1000012861385,NA,NA,0.185,"BIOMASS+BIEN+Zanne"
"FAB",5,"6SP",47,"Ficus insipida",1,NA,NA,NA,NA,NA,1,0.37,"BIOMASS+BIEN+Zanne+CIRAD"
"FAB",5,"6SP",48,"Heliocarpus appendiculatus",1,48,NA,NA,NA,NA,NA,0.185,"BIOMASS+BIEN+Zanne"
"FAB",5,"6SP",49,"Moquilea platypus",1,86,91,NA,NA,NA,NA,0.621,"BIOMASS+BIEN+Zanne"
"FAB",2,"6SP",2,"Ficus insipida",1,76,87,NA,NA,1,NA,0.37,"BIOMASS+BIEN+Zanne+CIRAD"
"FAB",2,"6SP",3,"Spondias mombin",1,126,130,10.178784,3.60000420918053,NA,NA,0.386,"BIOMASS+BIEN+Zanne+TWDD+CIRAD"
"FAB",2,"6SP",4,"Inga edulis",1,235,345,55.739838,8.42437926251731,NA,NA,0.58,"BIOMASS+BIEN+Zanne"
"FAB",2,"6SP",5,"Heliocarpus appendiculatus",NA,NA,NA,NA,NA,1,1,0.185,"BIOMASS+BIEN+Zanne"
"FAB",2,"6SP",6,"Moquilea platypus",1,75,85,NA,NA,NA,NA,0.621,"BIOMASS+BIEN+Zanne"
"FAB",2,"6SP",7,"Terminalia amazonia",1,80,125,NA,NA,NA,NA,0.688,"BIOMASS+BIEN+Zanne+TWDD+CIRAD"
"FAB",2,"6SP",8,"Heliocarpus appendiculatus",1,205,173,2.010624,1.6000018707469,NA,NA,0.185,"BIOMASS+BIEN+Zanne"
"FAB",2,"6SP",9,"Moquilea platypus",1,70,55,NA,NA,NA,NA,0.621,"BIOMASS+BIEN+Zanne"
"FAB",2,"6SP",10,"Ficus insipida",1,80,94,NA,NA,NA,NA,0.37,"BIOMASS+BIEN+Zanne+CIRAD"
"FAB",2,"6SP",11,"Terminalia amazonia",1,85,80,NA,NA,NA,NA,0.688,"BIOMASS+BIEN+Zanne+TWDD+CIRAD"
"FAB",2,"6SP",12,"Spondias mombin",1,145,212,19.744956,5.01398631711893,NA,NA,0.386,"BIOMASS+BIEN+Zanne+TWDD+CIRAD"
"FAB",2,"6SP",13,"Inga edulis",1,260,400,64.190742,9.04047516009487,NA,NA,0.58,"BIOMASS+BIEN+Zanne"
"FAB",2,"6SP",14,"Heliocarpus appendiculatus",1,140,160,NA,NA,NA,NA,0.185,"BIOMASS+BIEN+Zanne"
"FAB",2,"6SP",15,"Moquilea platypus",1,30,19,NA,NA,1,NA,0.621,"BIOMASS+BIEN+Zanne"
"FAB",2,"6SP",16,"Inga edulis",NA,110,240,4.90875,2.50000292304204,1,NA,0.58,"BIOMASS+BIEN+Zanne"
"FAB",2,"6SP",17,"Spondias mombin",1,153,NA,NA,NA,NA,NA,0.386,"BIOMASS+BIEN+Zanne+TWDD+CIRAD"
"FAB",2,"6SP",18,"Heliocarpus appendiculatus",1,205,310,27.8817,5.95819461031967,NA,NA,0.185,"BIOMASS+BIEN+Zanne"
"FAB",2,"6SP",19,"Terminalia amazonia",1,110,145,NA,NA,NA,NA,0.688,"BIOMASS+BIEN+Zanne+TWDD+CIRAD"
"FAB",2,"6SP",20,"Ficus insipida",1,120,122,NA,NA,NA,NA,0.37,"BIOMASS+BIEN+Zanne+CIRAD"
"FAB",2,"6SP",21,"Moquilea platypus",1,60,58,NA,NA,NA,NA,0.621,"BIOMASS+BIEN+Zanne"
"FAB",2,"6SP",22,"Ficus insipida",1,50,47,NA,NA,NA,NA,0.37,"BIOMASS+BIEN+Zanne+CIRAD"
"FAB",2,"6SP",23,"Terminalia amazonia",1,103,120,NA,NA,NA,NA,0.688,"BIOMASS+BIEN+Zanne+TWDD+CIRAD"
"FAB",2,"6SP",24,"Moquilea platypus",1,46,13,NA,NA,1,NA,0.621,"BIOMASS+BIEN+Zanne"
"FAB",2,"6SP",25,"Spondias mombin",1,133,115,NA,NA,NA,NA,0.386,"BIOMASS+BIEN+Zanne+TWDD+CIRAD"
"FAB",2,"6SP",26,"Ficus insipida",1,149,205,5.568486,2.66270850441879,NA,NA,0.37,"BIOMASS+BIEN+Zanne+CIRAD"
"FAB",2,"6SP",27,"Heliocarpus appendiculatus",1,95,230,3.330096,2.05912843576218,NA,NA,0.185,"BIOMASS+BIEN+Zanne"
"FAB",2,"6SP",28,"Inga edulis",1,160,250,16.92537,4.64220318310974,NA,NA,0.58,"BIOMASS+BIEN+Zanne"
"FAB",2,"6SP",29,"Heliocarpus appendiculatus",1,90,95,NA,NA,NA,NA,0.185,"BIOMASS+BIEN+Zanne"
"FAB",2,"6SP",30,"Moquilea platypus",1,83,60,NA,NA,NA,NA,0.621,"BIOMASS+BIEN+Zanne"
"FAB",2,"6SP",31,"Inga edulis",1,200,323,18.268404,4.8228678596866,NA,NA,0.58,"BIOMASS+BIEN+Zanne"
"FAB",2,"6SP",32,"Terminalia amazonia",1,135,170,1.5708,1.41421521589537,NA,NA,0.688,"BIOMASS+BIEN+Zanne+TWDD+CIRAD"
"FAB",2,"6SP",33,"Inga edulis",1,270,460,77.59752,9.93983053363475,NA,NA,0.58,"BIOMASS+BIEN+Zanne"
"FAB",2,"6SP",34,"Spondias mombin",1,160,162,23.75835,5.50000643069248,NA,NA,0.386,"BIOMASS+BIEN+Zanne+TWDD+CIRAD"
"FAB",2,"6SP",35,"Ficus insipida",1,37,41,NA,NA,NA,NA,0.37,"BIOMASS+BIEN+Zanne+CIRAD"
"FAB",2,"6SP",36,"Spondias mombin",1,123,60,NA,NA,NA,NA,0.386,"BIOMASS+BIEN+Zanne+TWDD+CIRAD"
"FAB",2,"6SP",37,"Inga edulis",1,138,190,4.091934,2.28254511088967,NA,NA,0.58,"BIOMASS+BIEN+Zanne"
"FAB",2,"6SP",38,"Terminalia amazonia",1,90,142,NA,NA,NA,NA,0.688,"BIOMASS+BIEN+Zanne+TWDD+CIRAD"
"FAB",2,"6SP",39,"Ficus insipida",1,75,162,2.324784,1.7204670650052,NA,NA,0.37,"BIOMASS+BIEN+Zanne+CIRAD"
"FAB",2,"6SP",40,"Moquilea platypus",1,90,105,NA,NA,NA,NA,0.621,"BIOMASS+BIEN+Zanne"
"FAB",2,"6SP",41,"Terminalia amazonia",1,104,150,NA,NA,NA,NA,0.688,"BIOMASS+BIEN+Zanne+TWDD+CIRAD"
"FAB",2,"6SP",42,"Heliocarpus appendiculatus",1,NA,NA,NA,NA,NA,1,0.185,"BIOMASS+BIEN+Zanne"
"FAB",2,"6SP",43,"Heliocarpus appendiculatus",1,100,118,NA,NA,NA,NA,0.185,"BIOMASS+BIEN+Zanne"
"FAB",2,"6SP",44,"Ficus insipida",NA,80,90,NA,NA,1,NA,0.37,"BIOMASS+BIEN+Zanne+CIRAD"
"FAB",2,"6SP",45,"Spondias mombin",1,NA,NA,NA,NA,NA,1,0.386,"BIOMASS+BIEN+Zanne+TWDD+CIRAD"
"FAB",2,"6SP",46,"Moquilea platypus",1,74,73,NA,NA,NA,NA,0.621,"BIOMASS+BIEN+Zanne"
"FAB",2,"6SP",47,"Inga edulis",1,210,315,13.603128,4.16173527530214,NA,NA,0.58,"BIOMASS+BIEN+Zanne"
"FAB",2,"6SP",48,"Spondias mombin",1,NA,NA,NA,NA,NA,1,0.386,"BIOMASS+BIEN+Zanne+TWDD+CIRAD"
"FAB",2,"6SP",49,"Terminalia amazonia",1,130,150,NA,NA,NA,NA,0.688,"BIOMASS+BIEN+Zanne+TWDD+CIRAD"
"FAB",4,"6SP",2,"Ficus insipida",1,110,138,0.7854,1.00000116921681,NA,NA,0.37,"BIOMASS+BIEN+Zanne+CIRAD"
"FAB",4,"6SP",3,"Spondias mombin",1,190,270,51.530094,8.1000094706562,NA,NA,0.386,"BIOMASS+BIEN+Zanne+TWDD+CIRAD"
"FAB",4,"6SP",4,"Inga edulis",1,140,185,2.27766,1.70294062769713,1,NA,0.58,"BIOMASS+BIEN+Zanne"
"FAB",4,"6SP",5,"Heliocarpus appendiculatus",1,205,363,79.765224,10.0777099328894,NA,NA,0.185,"BIOMASS+BIEN+Zanne"
"FAB",4,"6SP",6,"Moquilea platypus",1,120,124,NA,NA,NA,NA,0.621,"BIOMASS+BIEN+Zanne"
"FAB",4,"6SP",7,"Terminalia amazonia",1,150,218,3.801336,2.20000257227699,NA,NA,0.688,"BIOMASS+BIEN+Zanne+TWDD+CIRAD"
"FAB",4,"6SP",8,"Heliocarpus appendiculatus",1,150,240,14.891184,4.35431330254583,NA,NA,0.185,"BIOMASS+BIEN+Zanne"
"FAB",4,"6SP",9,"Moquilea platypus",1,70,73,NA,NA,NA,NA,0.621,"BIOMASS+BIEN+Zanne"
"FAB",4,"6SP",10,"Ficus insipida",1,138,177,1.76715,1.50000175382522,NA,NA,0.37,"BIOMASS+BIEN+Zanne+CIRAD"
"FAB",4,"6SP",11,"Terminalia amazonia",1,180,290,4.523904,2.40000280612036,NA,NA,0.688,"BIOMASS+BIEN+Zanne+TWDD+CIRAD"
"FAB",4,"6SP",12,"Spondias mombin",1,125,140,3.801336,2.20000257227699,NA,NA,0.386,"BIOMASS+BIEN+Zanne+TWDD+CIRAD"
"FAB",4,"6SP",13,"Inga edulis",1,180,258,11.490402,3.82492277193985,NA,NA,0.58,"BIOMASS+BIEN+Zanne"
"FAB",4,"6SP",14,"Heliocarpus appendiculatus",1,400,506,98.520576,11.2000130952283,NA,NA,0.185,"BIOMASS+BIEN+Zanne"
"FAB",4,"6SP",15,"Moquilea platypus",1,50,40,NA,NA,NA,NA,0.621,"BIOMASS+BIEN+Zanne"
"FAB",4,"6SP",16,"Inga edulis",NA,140,225,6.856542,2.95466079517388,1,NA,0.58,"BIOMASS+BIEN+Zanne"
"FAB",4,"6SP",17,"Spondias mombin",NA,NA,NA,NA,NA,1,1,0.386,"BIOMASS+BIEN+Zanne+TWDD+CIRAD"
"FAB",4,"6SP",18,"Heliocarpus appendiculatus",1,165,292,23.192862,5.43415762137845,NA,NA,0.185,"BIOMASS+BIEN+Zanne"
"FAB",4,"6SP",19,"Terminalia amazonia",1,166,197,5.725566,2.7000031568854,NA,NA,0.688,"BIOMASS+BIEN+Zanne+TWDD+CIRAD"
"FAB",4,"6SP",20,"Ficus insipida",1,203,292,11.341176,3.8000044430239,NA,NA,0.37,"BIOMASS+BIEN+Zanne+CIRAD"
"FAB",4,"6SP",21,"Moquilea platypus",1,98,103,NA,NA,NA,NA,0.621,"BIOMASS+BIEN+Zanne"
"FAB",4,"6SP",22,"Ficus insipida",1,NA,NA,NA,NA,NA,1,0.37,"BIOMASS+BIEN+Zanne+CIRAD"
"FAB",4,"6SP",23,"Terminalia amazonia",1,163,186,1.130976,1.20000140306018,NA,NA,0.688,"BIOMASS+BIEN+Zanne+TWDD+CIRAD"
"FAB",4,"6SP",24,"Moquilea platypus",NA,100,55,NA,NA,1,NA,0.621,"BIOMASS+BIEN+Zanne"
"FAB",4,"6SP",25,"Spondias mombin",1,153,179,13.202574,4.10000479378894,NA,NA,0.386,"BIOMASS+BIEN+Zanne+TWDD+CIRAD"
"FAB",4,"6SP",26,"Ficus insipida",1,133,175,2.269806,1.70000198766859,NA,NA,0.37,"BIOMASS+BIEN+Zanne+CIRAD"
"FAB",4,"6SP",27,"Heliocarpus appendiculatus",1,174,296,21.449274,5.22590316238827,NA,NA,0.185,"BIOMASS+BIEN+Zanne"
"FAB",4,"6SP",28,"Inga edulis",1,380,516,86.307606,10.4828553825101,NA,NA,0.58,"BIOMASS+BIEN+Zanne"
"FAB",4,"6SP",29,"Heliocarpus appendiculatus",1,149,263,8.05035,3.20156586203669,NA,NA,0.185,"BIOMASS+BIEN+Zanne"
"FAB",4,"6SP",30,"Moquilea platypus",1,63,60,NA,NA,NA,NA,0.621,"BIOMASS+BIEN+Zanne"
"FAB",4,"6SP",31,"Inga edulis",1,215,277,14.836206,4.34626784414365,NA,NA,0.58,"BIOMASS+BIEN+Zanne"
"FAB",4,"6SP",32,"Terminalia amazonia",1,115,134,NA,NA,NA,NA,0.688,"BIOMASS+BIEN+Zanne+TWDD+CIRAD"
"FAB",4,"6SP",33,"Inga edulis",1,220,260,8.505882,3.29090038215243,NA,NA,0.58,"BIOMASS+BIEN+Zanne"
"FAB",4,"6SP",34,"Spondias mombin",1,200,239,17.31807,4.69574824309094,NA,NA,0.386,"BIOMASS+BIEN+Zanne+TWDD+CIRAD"
"FAB",4,"6SP",35,"Ficus insipida",NA,NA,NA,NA,NA,1,1,0.37,"BIOMASS+BIEN+Zanne+CIRAD"
"FAB",4,"6SP",36,"Spondias mombin",1,143,140,15.90435,4.50000526147567,NA,NA,0.386,"BIOMASS+BIEN+Zanne+TWDD+CIRAD"
"FAB",4,"6SP",37,"Inga edulis",1,233,300,12.197262,3.94081670671138,NA,NA,0.58,"BIOMASS+BIEN+Zanne"
"FAB",4,"6SP",38,"Terminalia amazonia",1,90,105,NA,NA,NA,NA,0.688,"BIOMASS+BIEN+Zanne+TWDD+CIRAD"
"FAB",4,"6SP",39,"Ficus insipida",1,NA,NA,NA,NA,NA,1,0.37,"BIOMASS+BIEN+Zanne+CIRAD"
"FAB",4,"6SP",40,"Moquilea platypus",1,76,70,NA,NA,NA,NA,0.621,"BIOMASS+BIEN+Zanne"
"FAB",4,"6SP",41,"Terminalia amazonia",1,190,254,21.590646,5.24309682187713,NA,NA,0.688,"BIOMASS+BIEN+Zanne+TWDD+CIRAD"
"FAB",4,"6SP",42,"Heliocarpus appendiculatus",1,124,288,6.236076,2.81780385534087,NA,NA,0.185,"BIOMASS+BIEN+Zanne"
"FAB",4,"6SP",43,"Heliocarpus appendiculatus",1,60,NA,NA,NA,NA,NA,0.185,"BIOMASS+BIEN+Zanne"
"FAB",4,"6SP",44,"Ficus insipida",1,130,142,NA,NA,NA,NA,0.37,"BIOMASS+BIEN+Zanne+CIRAD"
"FAB",4,"6SP",45,"Spondias mombin",1,164,156,12.5664,4.00000467686726,NA,NA,0.386,"BIOMASS+BIEN+Zanne+TWDD+CIRAD"
"FAB",4,"6SP",46,"Moquilea platypus",1,95,93,NA,NA,NA,NA,0.621,"BIOMASS+BIEN+Zanne"
"FAB",4,"6SP",47,"Inga edulis",1,145,200,5.921916,2.74590925410871,NA,NA,0.58,"BIOMASS+BIEN+Zanne"
"FAB",4,"6SP",48,"Spondias mombin",1,NA,NA,NA,NA,NA,1,0.386,"BIOMASS+BIEN+Zanne+TWDD+CIRAD"
"FAB",4,"6SP",49,"Terminalia amazonia",1,155,214,3.620694,2.14709356577335,NA,NA,0.688,"BIOMASS+BIEN+Zanne+TWDD+CIRAD"
"FAB",6,"6SP",2,"Ficus insipida",1,98,113,NA,NA,NA,NA,0.37,"BIOMASS+BIEN+Zanne+CIRAD"
"FAB",6,"6SP",3,"Spondias mombin",1,30,NA,NA,NA,NA,NA,0.386,"BIOMASS+BIEN+Zanne+TWDD+CIRAD"
"FAB",6,"6SP",4,"Inga edulis",1,200,300,12.715626,4.02368461230035,NA,NA,0.58,"BIOMASS+BIEN+Zanne"
"FAB",6,"6SP",5,"Heliocarpus appendiculatus",1,77,130,NA,NA,NA,NA,0.185,"BIOMASS+BIEN+Zanne"
"FAB",6,"6SP",6,"Moquilea platypus",1,74,82,NA,NA,NA,NA,0.621,"BIOMASS+BIEN+Zanne"
"FAB",6,"6SP",7,"Terminalia amazonia",1,131,160,NA,NA,NA,NA,0.688,"BIOMASS+BIEN+Zanne+TWDD+CIRAD"
"FAB",6,"6SP",8,"Heliocarpus appendiculatus",1,128,NA,NA,NA,NA,NA,0.185,"BIOMASS+BIEN+Zanne"
"FAB",6,"6SP",9,"Moquilea platypus",1,47,184,2.112726,1.64012386434383,NA,NA,0.621,"BIOMASS+BIEN+Zanne"
"FAB",6,"6SP",10,"Ficus insipida",1,125,116,NA,NA,NA,NA,0.37,"BIOMASS+BIEN+Zanne+CIRAD"
"FAB",6,"6SP",11,"Terminalia amazonia",1,158,170,0.7854,1.00000116921681,NA,NA,0.688,"BIOMASS+BIEN+Zanne+TWDD+CIRAD"
"FAB",6,"6SP",12,"Spondias mombin",1,52,27,NA,NA,NA,NA,0.386,"BIOMASS+BIEN+Zanne+TWDD+CIRAD"
"FAB",6,"6SP",13,"Inga edulis",1,263,340,63.444612,8.98777997609972,NA,NA,0.58,"BIOMASS+BIEN+Zanne"
"FAB",6,"6SP",14,"Heliocarpus appendiculatus",1,128,219,2.010624,1.6000018707469,NA,NA,0.185,"BIOMASS+BIEN+Zanne"
"FAB",6,"6SP",15,"Moquilea platypus",1,64,NA,NA,NA,NA,NA,0.621,"BIOMASS+BIEN+Zanne"
"FAB",6,"6SP",16,"Inga edulis",1,270,300,18.158448,4.80833173404426,NA,NA,0.58,"BIOMASS+BIEN+Zanne"
"FAB",6,"6SP",17,"Spondias mombin",1,153,141,4.90875,2.50000292304204,NA,NA,0.386,"BIOMASS+BIEN+Zanne+TWDD+CIRAD"
"FAB",6,"6SP",18,"Heliocarpus appendiculatus",1,117,NA,NA,NA,NA,NA,0.185,"BIOMASS+BIEN+Zanne"
"FAB",6,"6SP",19,"Terminalia amazonia",1,172,245,3.463614,2.10000245535531,NA,NA,0.688,"BIOMASS+BIEN+Zanne+TWDD+CIRAD"
"FAB",6,"6SP",20,"Ficus insipida",1,32,70,NA,NA,NA,NA,0.37,"BIOMASS+BIEN+Zanne+CIRAD"
"FAB",6,"6SP",21,"Moquilea platypus",1,56,54,NA,NA,NA,NA,0.621,"BIOMASS+BIEN+Zanne"
"FAB",6,"6SP",22,"Ficus insipida",1,77,93,NA,NA,NA,NA,0.37,"BIOMASS+BIEN+Zanne+CIRAD"
"FAB",6,"6SP",23,"Terminalia amazonia",1,100,150,NA,NA,NA,NA,0.688,"BIOMASS+BIEN+Zanne+TWDD+CIRAD"
"FAB",6,"6SP",24,"Moquilea platypus",1,71,72,NA,NA,NA,NA,0.621,"BIOMASS+BIEN+Zanne"
"FAB",6,"6SP",25,"Spondias mombin",1,NA,NA,NA,NA,NA,1,0.386,"BIOMASS+BIEN+Zanne+TWDD+CIRAD"
"FAB",6,"6SP",26,"Ficus insipida",1,77,100,NA,NA,NA,NA,0.37,"BIOMASS+BIEN+Zanne+CIRAD"
"FAB",6,"6SP",27,"Heliocarpus appendiculatus",1,NA,NA,NA,NA,NA,1,0.185,"BIOMASS+BIEN+Zanne"
"FAB",6,"6SP",28,"Inga edulis",1,300,385,38.036922,6.95917475354707,NA,NA,0.58,"BIOMASS+BIEN+Zanne"
"FAB",6,"6SP",29,"Heliocarpus appendiculatus",1,37,45,NA,NA,NA,NA,0.185,"BIOMASS+BIEN+Zanne"
"FAB",6,"6SP",30,"Moquilea platypus",1,85,NA,NA,NA,NA,NA,0.621,"BIOMASS+BIEN+Zanne"
"FAB",6,"6SP",31,"Inga edulis",1,250,411,33.316668,6.51307141035722,NA,NA,0.58,"BIOMASS+BIEN+Zanne"
"FAB",6,"6SP",32,"Terminalia amazonia",1,75,78,NA,NA,NA,NA,0.688,"BIOMASS+BIEN+Zanne+TWDD+CIRAD"
"FAB",6,"6SP",33,"Inga edulis",1,365,433,27.182694,5.88303331056652,NA,NA,0.58,"BIOMASS+BIEN+Zanne"
"FAB",6,"6SP",34,"Spondias mombin",1,108,103,NA,NA,NA,NA,0.386,"BIOMASS+BIEN+Zanne+TWDD+CIRAD"
"FAB",6,"6SP",35,"Ficus insipida",1,60,70,NA,NA,NA,NA,0.37,"BIOMASS+BIEN+Zanne+CIRAD"
"FAB",6,"6SP",36,"Spondias mombin",1,NA,NA,NA,NA,NA,1,0.386,"BIOMASS+BIEN+Zanne+TWDD+CIRAD"
"FAB",6,"6SP",37,"Inga edulis",NA,93,170,0.950334,1.1000012861385,1,NA,0.58,"BIOMASS+BIEN+Zanne"
"FAB",6,"6SP",38,"Terminalia amazonia",1,77,107,NA,NA,NA,NA,0.688,"BIOMASS+BIEN+Zanne+TWDD+CIRAD"
"FAB",6,"6SP",39,"Ficus insipida",1,90,46,NA,NA,NA,NA,0.37,"BIOMASS+BIEN+Zanne+CIRAD"
"FAB",6,"6SP",40,"Moquilea platypus",1,68,70,NA,NA,NA,NA,0.621,"BIOMASS+BIEN+Zanne"
"FAB",6,"6SP",41,"Terminalia amazonia",1,85,80,NA,NA,NA,NA,0.688,"BIOMASS+BIEN+Zanne+TWDD+CIRAD"
"FAB",6,"6SP",42,"Heliocarpus appendiculatus",1,116,120,NA,NA,NA,NA,0.185,"BIOMASS+BIEN+Zanne"
"FAB",6,"6SP",43,"Heliocarpus appendiculatus",1,NA,NA,NA,NA,NA,1,0.185,"BIOMASS+BIEN+Zanne"
"FAB",6,"6SP",44,"Ficus insipida",1,22,44,NA,NA,NA,NA,0.37,"BIOMASS+BIEN+Zanne+CIRAD"
"FAB",6,"6SP",45,"Spondias mombin",1,NA,NA,NA,NA,NA,1,0.386,"BIOMASS+BIEN+Zanne+TWDD+CIRAD"
"FAB",6,"6SP",46,"Moquilea platypus",1,91,20,NA,NA,NA,NA,0.621,"BIOMASS+BIEN+Zanne"
"FAB",6,"6SP",47,"Inga edulis",1,300,370,29.60958,6.14003975223283,NA,NA,0.58,"BIOMASS+BIEN+Zanne"
"FAB",6,"6SP",48,"Spondias mombin",1,90,70,NA,NA,NA,NA,0.386,"BIOMASS+BIEN+Zanne+TWDD+CIRAD"
"FAB",6,"6SP",49,"Terminalia amazonia",1,73,77,NA,NA,NA,NA,0.688,"BIOMASS+BIEN+Zanne+TWDD+CIRAD"
"FAB",1,"12SP",2,"Dendropanax ravenii",1,116,177,1.539384,1.40000163690354,NA,NA,0.537,"BIEN (species)"
"FAB",1,"12SP",3,"Zygia longifolia",1,200,200,4.288284,2.33666702117676,NA,NA,0.71,"BIOMASS+BIEN+Zanne"
"FAB",1,"12SP",4,"Vitex cooperi",1,73,57,NA,NA,NA,NA,0.565,"BIOMASS (genus)"
"FAB",1,"12SP",5,"Terminalia amazonia",1,125,169,NA,NA,NA,NA,0.688,"BIOMASS+BIEN+Zanne+TWDD+CIRAD"
"FAB",1,"12SP",6,"Spondias mombin",1,140,140,18.857454,4.90000572916239,NA,NA,0.386,"BIOMASS+BIEN+Zanne+TWDD+CIRAD"
"FAB",1,"12SP",7,"Sterculia recordiana",1,72,82,NA,NA,NA,NA,0.49,"BIOMASS+BIEN+Zanne"
"FAB",1,"12SP",8,"Vitex cooperi",1,50,124,NA,NA,1,NA,0.565,"BIOMASS (genus)"
"FAB",1,"12SP",9,"Chrysophyllum cainito",1,40,NA,NA,NA,1,NA,0.661,"BIOMASS+BIEN+Zanne"
"FAB",1,"12SP",10,"Sterculia recordiana",1,63,68,NA,NA,NA,NA,0.49,"BIOMASS+BIEN+Zanne"
"FAB",1,"12SP",11,"Ficus insipida",1,72,75,NA,NA,1,NA,0.37,"BIOMASS+BIEN+Zanne+CIRAD"
"FAB",1,"12SP",12,"Inga edulis",1,230,320,73.874724,9.69846482455836,NA,NA,0.58,"BIOMASS+BIEN+Zanne"
"FAB",1,"12SP",13,"Zygia longifolia",1,170,215,367.747842,21.6386481769407,NA,NA,0.71,"BIOMASS+BIEN+Zanne"
"FAB",1,"12SP",14,"Heliocarpus appendiculatus",1,198,260,14.624148,4.31509484735384,NA,NA,0.185,"BIOMASS+BIEN+Zanne"
"FAB",1,"12SP",15,"Ficus insipida",1,88,86,NA,NA,NA,NA,0.37,"BIOMASS+BIEN+Zanne+CIRAD"
"FAB",1,"12SP",16,"Inga edulis",1,264,367,34.981716,6.67383728853909,NA,NA,0.58,"BIOMASS+BIEN+Zanne"
"FAB",1,"12SP",17,"Heliocarpus appendiculatus",1,88,90,NA,NA,NA,NA,0.185,"BIOMASS+BIEN+Zanne"
"FAB",1,"12SP",18,"Dendropanax ravenii",1,153,235,4.626006,2.42693505751228,NA,NA,0.537,"BIEN (species)"
"FAB",1,"12SP",19,"Erythrina poeppigiana",1,108,105,NA,NA,NA,NA,0.302,"BIOMASS+BIEN+Zanne"
"FAB",1,"12SP",20,"Moquilea platypus",1,88,91,NA,NA,NA,NA,0.621,"BIOMASS+BIEN+Zanne"
"FAB",1,"12SP",21,"Chrysophyllum cainito",1,113,120,NA,NA,NA,NA,0.661,"BIOMASS+BIEN+Zanne"
"FAB",1,"12SP",22,"Terminalia amazonia",1,100,112,NA,NA,1,NA,0.688,"BIOMASS+BIEN+Zanne+TWDD+CIRAD"
"FAB",1,"12SP",23,"Erythrina poeppigiana",1,35,42,NA,NA,1,NA,0.302,"BIOMASS+BIEN+Zanne"
"FAB",1,"12SP",24,"Moquilea platypus",1,NA,78,NA,NA,1,1,0.621,"BIOMASS+BIEN+Zanne"
"FAB",1,"12SP",25,"Spondias mombin",1,100,25,NA,NA,NA,NA,0.386,"BIOMASS+BIEN+Zanne+TWDD+CIRAD"
"FAB",1,"12SP",26,"Heliocarpus appendiculatus",1,70,108,NA,NA,NA,NA,0.185,"BIOMASS+BIEN+Zanne"
"FAB",1,"12SP",27,"Ficus insipida",1,66,130,NA,NA,NA,NA,0.37,"BIOMASS+BIEN+Zanne+CIRAD"
"FAB",1,"12SP",28,"Dendropanax ravenii",1,180,253,4.406094,2.36854662580671,NA,NA,0.537,"BIEN (species)"
"FAB",1,"12SP",29,"Chrysophyllum cainito",1,93,NA,NA,NA,NA,NA,0.661,"BIOMASS+BIEN+Zanne"
"FAB",1,"12SP",30,"Sterculia recordiana",NA,56,52,NA,NA,1,NA,0.49,"BIOMASS+BIEN+Zanne"
"FAB",1,"12SP",31,"Dendropanax ravenii",1,107,184,0.950334,1.1000012861385,NA,NA,0.537,"BIEN (species)"
"FAB",1,"12SP",32,"Zygia longifolia",1,200,220,11.050578,3.75100425243433,NA,NA,0.71,"BIOMASS+BIEN+Zanne"
"FAB",1,"12SP",33,"Vitex cooperi",NA,70,95,NA,NA,NA,NA,0.565,"BIOMASS (genus)"
"FAB",1,"12SP",34,"Inga edulis",1,115,130,NA,NA,NA,NA,0.58,"BIOMASS+BIEN+Zanne"
"FAB",1,"12SP",35,"Moquilea platypus",1,74,76,NA,NA,NA,NA,0.621,"BIOMASS+BIEN+Zanne"
"FAB",1,"12SP",36,"Heliocarpus appendiculatus",1,NA,216,3.801336,2.20000257227699,1,1,0.185,"BIOMASS+BIEN+Zanne"
"FAB",1,"12SP",37,"Ficus insipida",1,90,95,NA,NA,NA,NA,0.37,"BIOMASS+BIEN+Zanne+CIRAD"
"FAB",1,"12SP",38,"Inga edulis",NA,85,260,8.804334,3.34813772325099,NA,NA,0.58,"BIOMASS+BIEN+Zanne"
"FAB",1,"12SP",39,"Erythrina poeppigiana",1,210,234,3.801336,2.20000257227699,NA,NA,0.302,"BIOMASS+BIEN+Zanne"
"FAB",1,"12SP",40,"Chrysophyllum cainito",1,70,66,NA,NA,NA,NA,0.661,"BIOMASS+BIEN+Zanne"
"FAB",1,"12SP",41,"Terminalia amazonia",1,110,143,NA,NA,NA,NA,0.688,"BIOMASS+BIEN+Zanne+TWDD+CIRAD"
"FAB",1,"12SP",42,"Spondias mombin",1,NA,NA,NA,NA,NA,1,0.386,"BIOMASS+BIEN+Zanne+TWDD+CIRAD"
"FAB",1,"12SP",43,"Terminalia amazonia",1,70,68,NA,NA,NA,NA,0.688,"BIOMASS+BIEN+Zanne+TWDD+CIRAD"
"FAB",1,"12SP",44,"Vitex cooperi",1,NA,NA,NA,NA,1,1,0.565,"BIOMASS (genus)"
"FAB",1,"12SP",45,"Spondias mombin",1,150,156,22.902264,5.4000063137708,NA,NA,0.386,"BIOMASS+BIEN+Zanne+TWDD+CIRAD"
"FAB",1,"12SP",46,"Moquilea platypus",1,73,76,NA,NA,NA,NA,0.621,"BIOMASS+BIEN+Zanne"
"FAB",1,"12SP",47,"Sterculia recordiana",1,55,36,NA,NA,1,NA,0.49,"BIOMASS+BIEN+Zanne"
"FAB",1,"12SP",48,"Erythrina poeppigiana",1,70,80,NA,NA,NA,NA,0.302,"BIOMASS+BIEN+Zanne"
"FAB",1,"12SP",49,"Zygia longifolia",1,140,190,NA,NA,NA,NA,0.71,"BIOMASS+BIEN+Zanne"
"FAB",3,"12SP",2,"Dendropanax ravenii",1,80,NA,NA,NA,NA,NA,0.537,"BIEN (species)"
"FAB",3,"12SP",3,"Zygia longifolia",1,129,180,1.327326,1.30000151998186,NA,NA,0.71,"BIOMASS+BIEN+Zanne"
"FAB",3,"12SP",4,"Vitex cooperi",1,70,75,NA,NA,NA,NA,0.565,"BIOMASS (genus)"
"FAB",3,"12SP",5,"Terminalia amazonia",1,76,100,NA,NA,NA,NA,0.688,"BIOMASS+BIEN+Zanne+TWDD+CIRAD"
"FAB",3,"12SP",6,"Spondias mombin",1,150,130,23.75835,5.50000643069248,NA,NA,0.386,"BIOMASS+BIEN+Zanne+TWDD+CIRAD"
"FAB",3,"12SP",7,"Sterculia recordiana",NA,37,NA,NA,NA,1,NA,0.49,"BIOMASS+BIEN+Zanne"
"FAB",3,"12SP",8,"Vitex cooperi",1,40,35,NA,NA,NA,NA,0.565,"BIOMASS (genus)"
"FAB",3,"12SP",9,"Chrysophyllum cainito",1,80,78,NA,NA,NA,NA,0.661,"BIOMASS+BIEN+Zanne"
"FAB",3,"12SP",10,"Sterculia recordiana",1,20,20,NA,NA,1,NA,0.49,"BIOMASS+BIEN+Zanne"
"FAB",3,"12SP",11,"Ficus insipida",1,80,80,NA,NA,NA,NA,0.37,"BIOMASS+BIEN+Zanne+CIRAD"
"FAB",3,"12SP",12,"Inga edulis",1,220,335,23.711226,5.49454917143823,NA,NA,0.58,"BIOMASS+BIEN+Zanne"
"FAB",3,"12SP",13,"Zygia longifolia",1,210,218,10.32801,3.62629711281635,NA,NA,0.71,"BIOMASS+BIEN+Zanne"
"FAB",3,"12SP",14,"Heliocarpus appendiculatus",1,140,123,NA,NA,NA,NA,0.185,"BIOMASS+BIEN+Zanne"
"FAB",3,"12SP",15,"Ficus insipida",1,40,30,NA,NA,NA,NA,0.37,"BIOMASS+BIEN+Zanne+CIRAD"
"FAB",3,"12SP",16,"Inga edulis",1,150,222,3.801336,2.20000257227699,NA,NA,0.58,"BIOMASS+BIEN+Zanne"
"FAB",3,"12SP",17,"Heliocarpus appendiculatus",1,55,62,NA,NA,NA,NA,0.185,"BIOMASS+BIEN+Zanne"
"FAB",3,"12SP",18,"Dendropanax ravenii",1,90,83,NA,NA,NA,NA,0.537,"BIEN (species)"
"FAB",3,"12SP",19,"Erythrina poeppigiana",1,70,70,NA,NA,NA,NA,0.302,"BIOMASS+BIEN+Zanne"
"FAB",3,"12SP",20,"Moquilea platypus",NA,94,45,NA,NA,1,NA,0.621,"BIOMASS+BIEN+Zanne"
"FAB",3,"12SP",21,"Chrysophyllum cainito",1,100,20,NA,NA,NA,NA,0.661,"BIOMASS+BIEN+Zanne"
"FAB",3,"12SP",22,"Terminalia amazonia",1,58,87,NA,NA,NA,NA,0.688,"BIOMASS+BIEN+Zanne+TWDD+CIRAD"
"FAB",3,"12SP",23,"Erythrina poeppigiana",1,50,85,NA,NA,NA,NA,0.302,"BIOMASS+BIEN+Zanne"
"FAB",3,"12SP",24,"Moquilea platypus",1,68,50,NA,NA,1,NA,0.621,"BIOMASS+BIEN+Zanne"
"FAB",3,"12SP",25,"Spondias mombin",1,NA,NA,NA,NA,NA,1,0.386,"BIOMASS+BIEN+Zanne+TWDD+CIRAD"
"FAB",3,"12SP",26,"Heliocarpus appendiculatus",1,140,140,NA,NA,NA,NA,0.185,"BIOMASS+BIEN+Zanne"
"FAB",3,"12SP",27,"Ficus insipida",1,90,NA,NA,NA,NA,NA,0.37,"BIOMASS+BIEN+Zanne+CIRAD"
"FAB",3,"12SP",28,"Dendropanax ravenii",1,98,110,NA,NA,NA,NA,0.537,"BIEN (species)"
"FAB",3,"12SP",29,"Chrysophyllum cainito",1,99,30,NA,NA,NA,NA,0.661,"BIOMASS+BIEN+Zanne"
"FAB",3,"12SP",30,"Sterculia recordiana",NA,NA,19,NA,NA,1,1,0.49,"BIOMASS+BIEN+Zanne"
"FAB",3,"12SP",31,"Dendropanax ravenii",1,70,65,NA,NA,NA,NA,0.537,"BIEN (species)"
"FAB",3,"12SP",32,"Zygia longifolia",1,180,200,0.7854,1.00000116921681,NA,NA,0.71,"BIOMASS+BIEN+Zanne"
"FAB",3,"12SP",33,"Vitex cooperi",1,59,50,NA,NA,NA,NA,0.565,"BIOMASS (genus)"
"FAB",3,"12SP",34,"Inga edulis",1,190,254,14.003682,4.22256340322984,NA,NA,0.58,"BIOMASS+BIEN+Zanne"
"FAB",3,"12SP",35,"Moquilea platypus",1,65,74,NA,NA,NA,NA,0.621,"BIOMASS+BIEN+Zanne"
"FAB",3,"12SP",36,"Heliocarpus appendiculatus",1,128,NA,NA,NA,NA,NA,0.185,"BIOMASS+BIEN+Zanne"
"FAB",3,"12SP",37,"Ficus insipida",NA,103,109,NA,NA,1,NA,0.37,"BIOMASS+BIEN+Zanne+CIRAD"
"FAB",3,"12SP",38,"Inga edulis",1,170,205,7.963956,3.1843403887981,NA,NA,0.58,"BIOMASS+BIEN+Zanne"
"FAB",3,"12SP",39,"Erythrina poeppigiana",1,30,60,NA,NA,NA,NA,0.302,"BIOMASS+BIEN+Zanne"
"FAB",3,"12SP",40,"Chrysophyllum cainito",1,120,NA,NA,NA,NA,NA,0.661,"BIOMASS+BIEN+Zanne"
"FAB",3,"12SP",41,"Terminalia amazonia",1,50,70,NA,NA,NA,NA,0.688,"BIOMASS+BIEN+Zanne+TWDD+CIRAD"
"FAB",3,"12SP",42,"Spondias mombin",1,128,NA,NA,NA,NA,NA,0.386,"BIOMASS+BIEN+Zanne+TWDD+CIRAD"
"FAB",3,"12SP",43,"Terminalia amazonia",1,55,56,NA,NA,NA,NA,0.688,"BIOMASS+BIEN+Zanne+TWDD+CIRAD"
"FAB",3,"12SP",44,"Vitex cooperi",1,83,42,NA,NA,NA,NA,0.565,"BIOMASS (genus)"
"FAB",3,"12SP",45,"Spondias mombin",1,160,50,NA,NA,NA,NA,0.386,"BIOMASS+BIEN+Zanne+TWDD+CIRAD"
"FAB",3,"12SP",46,"Moquilea platypus",1,70,54,NA,NA,NA,NA,0.621,"BIOMASS+BIEN+Zanne"
"FAB",3,"12SP",47,"Sterculia recordiana",1,62,25,NA,NA,NA,NA,0.49,"BIOMASS+BIEN+Zanne"
"FAB",3,"12SP",48,"Erythrina poeppigiana",1,95,30,NA,NA,NA,NA,0.302,"BIOMASS+BIEN+Zanne"
"FAB",3,"12SP",49,"Zygia longifolia",1,160,240,3.06306,1.97484407483135,NA,NA,0.71,"BIOMASS+BIEN+Zanne"
"FAB",5,"12SP",2,"Dendropanax ravenii",1,115,142,0.7854,1.00000116921681,NA,NA,0.537,"BIEN (species)"
"FAB",5,"12SP",3,"Zygia longifolia",1,157,168,0.7854,1.00000116921681,NA,NA,0.71,"BIOMASS+BIEN+Zanne"
"FAB",5,"12SP",4,"Vitex cooperi",1,34,NA,NA,NA,1,NA,0.565,"BIOMASS (genus)"
"FAB",5,"12SP",5,"Terminalia amazonia",1,103,177,NA,NA,NA,NA,0.688,"BIOMASS+BIEN+Zanne+TWDD+CIRAD"
"FAB",5,"12SP",6,"Spondias mombin",1,94,NA,NA,NA,NA,NA,0.386,"BIOMASS+BIEN+Zanne+TWDD+CIRAD"
"FAB",5,"12SP",7,"Sterculia recordiana",NA,81,NA,NA,NA,1,NA,0.49,"BIOMASS+BIEN+Zanne"
"FAB",5,"12SP",8,"Vitex cooperi",1,41,NA,NA,NA,1,NA,0.565,"BIOMASS (genus)"
"FAB",5,"12SP",9,"Chrysophyllum cainito",1,38,37,NA,NA,NA,NA,0.661,"BIOMASS+BIEN+Zanne"
"FAB",5,"12SP",10,"Sterculia recordiana",1,55,33,NA,NA,NA,NA,0.49,"BIOMASS+BIEN+Zanne"
"FAB",5,"12SP",11,"Ficus insipida",1,58,62,NA,NA,NA,NA,0.37,"BIOMASS+BIEN+Zanne+CIRAD"
"FAB",5,"12SP",12,"Inga edulis",1,181,255,14.875476,4.35201611784226,NA,NA,0.58,"BIOMASS+BIEN+Zanne"
"FAB",5,"12SP",13,"Zygia longifolia",1,135,180,3.306534,2.05183085190065,NA,NA,0.71,"BIOMASS+BIEN+Zanne"
"FAB",5,"12SP",14,"Heliocarpus appendiculatus",1,78,NA,NA,NA,NA,NA,0.185,"BIOMASS+BIEN+Zanne"
"FAB",5,"12SP",15,"Ficus insipida",1,98,40,NA,NA,NA,NA,0.37,"BIOMASS+BIEN+Zanne+CIRAD"
"FAB",5,"12SP",16,"Inga edulis",1,186,230,21.040866,5.17591176959901,NA,NA,0.58,"BIOMASS+BIEN+Zanne"
"FAB",5,"12SP",17,"Heliocarpus appendiculatus",1,NA,NA,NA,NA,1,1,0.185,"BIOMASS+BIEN+Zanne"
"FAB",5,"12SP",18,"Dendropanax ravenii",1,54,NA,NA,NA,1,NA,0.537,"BIEN (species)"
"FAB",5,"12SP",19,"Erythrina poeppigiana",1,104,120,NA,NA,NA,NA,0.302,"BIOMASS+BIEN+Zanne"
"FAB",5,"12SP",20,"Moquilea platypus",1,63,50,NA,NA,NA,NA,0.621,"BIOMASS+BIEN+Zanne"
"FAB",5,"12SP",21,"Chrysophyllum cainito",1,80,17,NA,NA,NA,NA,0.661,"BIOMASS+BIEN+Zanne"
"FAB",5,"12SP",22,"Terminalia amazonia",1,61,86,NA,NA,NA,NA,0.688,"BIOMASS+BIEN+Zanne+TWDD+CIRAD"
"FAB",5,"12SP",23,"Erythrina poeppigiana",1,73,NA,NA,NA,1,NA,0.302,"BIOMASS+BIEN+Zanne"
"FAB",5,"12SP",24,"Moquilea platypus",1,53,40,NA,NA,1,NA,0.621,"BIOMASS+BIEN+Zanne"
"FAB",5,"12SP",25,"Spondias mombin",1,NA,NA,NA,NA,1,1,0.386,"BIOMASS+BIEN+Zanne+TWDD+CIRAD"
"FAB",5,"12SP",26,"Heliocarpus appendiculatus",1,40,NA,NA,NA,NA,NA,0.185,"BIOMASS+BIEN+Zanne"
"FAB",5,"12SP",27,"Ficus insipida",1,26,NA,NA,NA,1,NA,0.37,"BIOMASS+BIEN+Zanne+CIRAD"
"FAB",5,"12SP",28,"Dendropanax ravenii",1,24,NA,NA,NA,NA,NA,0.537,"BIEN (species)"
"FAB",5,"12SP",29,"Chrysophyllum cainito",1,65,50,NA,NA,NA,NA,0.661,"BIOMASS+BIEN+Zanne"
"FAB",5,"12SP",30,"Sterculia recordiana",NA,74,78,NA,NA,1,NA,0.49,"BIOMASS+BIEN+Zanne"
"FAB",5,"12SP",31,"Dendropanax ravenii",1,NA,NA,NA,NA,NA,1,0.537,"BIEN (species)"
"FAB",5,"12SP",32,"Zygia longifolia",1,143,180,NA,NA,NA,NA,0.71,"BIOMASS+BIEN+Zanne"
"FAB",5,"12SP",33,"Vitex cooperi",1,90,NA,NA,NA,NA,NA,0.565,"BIOMASS (genus)"
"FAB",5,"12SP",34,"Inga edulis",NA,97,156,2.010624,1.6000018707469,NA,NA,0.58,"BIOMASS+BIEN+Zanne"
"FAB",5,"12SP",35,"Moquilea platypus",1,50,56,NA,NA,NA,NA,0.621,"BIOMASS+BIEN+Zanne"
"FAB",5,"12SP",36,"Heliocarpus appendiculatus",1,75,94,NA,NA,NA,NA,0.185,"BIOMASS+BIEN+Zanne"
"FAB",5,"12SP",37,"Ficus insipida",1,42,33,NA,NA,NA,NA,0.37,"BIOMASS+BIEN+Zanne+CIRAD"
"FAB",5,"12SP",38,"Inga edulis",1,156,248,5.097246,2.54755081920717,NA,NA,0.58,"BIOMASS+BIEN+Zanne"
"FAB",5,"12SP",39,"Erythrina poeppigiana",1,96,200,1.539384,1.40000163690354,NA,NA,0.302,"BIOMASS+BIEN+Zanne"
"FAB",5,"12SP",40,"Chrysophyllum cainito",1,98,15,NA,NA,NA,NA,0.661,"BIOMASS+BIEN+Zanne"
"FAB",5,"12SP",41,"Terminalia amazonia",NA,NA,NA,NA,NA,1,1,0.688,"BIOMASS+BIEN+Zanne+TWDD+CIRAD"
"FAB",5,"12SP",42,"Spondias mombin",NA,NA,NA,NA,NA,1,1,0.386,"BIOMASS+BIEN+Zanne+TWDD+CIRAD"
"FAB",5,"12SP",43,"Terminalia amazonia",1,65,75,NA,NA,NA,NA,0.688,"BIOMASS+BIEN+Zanne+TWDD+CIRAD"
"FAB",5,"12SP",44,"Vitex cooperi",1,33,35,NA,NA,NA,NA,0.565,"BIOMASS (genus)"
"FAB",5,"12SP",45,"Spondias mombin",1,NA,NA,NA,NA,NA,1,0.386,"BIOMASS+BIEN+Zanne+TWDD+CIRAD"
"FAB",5,"12SP",46,"Moquilea platypus",1,19,22,NA,NA,NA,NA,0.621,"BIOMASS+BIEN+Zanne"
"FAB",5,"12SP",47,"Sterculia recordiana",1,48,NA,NA,NA,NA,NA,0.49,"BIOMASS+BIEN+Zanne"
"FAB",5,"12SP",48,"Erythrina poeppigiana",1,55,45,NA,NA,NA,NA,0.302,"BIOMASS+BIEN+Zanne"
"FAB",5,"12SP",49,"Zygia longifolia",1,117,150,NA,NA,NA,NA,0.71,"BIOMASS+BIEN+Zanne"
"FAB",2,"12SP",2,"Ficus insipida",1,72,86,NA,NA,NA,NA,0.37,"BIOMASS+BIEN+Zanne+CIRAD"
"FAB",2,"12SP",3,"Heliocarpus appendiculatus",1,86,154,0.950334,1.1000012861385,NA,NA,0.185,"BIOMASS+BIEN+Zanne"
"FAB",2,"12SP",4,"Vitex cooperi",1,102,153,NA,NA,NA,NA,0.565,"BIOMASS (genus)"
"FAB",2,"12SP",5,"Sterculia recordiana",1,13,35,NA,NA,NA,NA,0.49,"BIOMASS+BIEN+Zanne"
"FAB",2,"12SP",6,"Terminalia amazonia",1,50,72,NA,NA,NA,NA,0.688,"BIOMASS+BIEN+Zanne+TWDD+CIRAD"
"FAB",2,"12SP",7,"Erythrina poeppigiana",1,110,212,2.544696,1.80000210459027,NA,NA,0.302,"BIOMASS+BIEN+Zanne"
"FAB",2,"12SP",8,"Spondias mombin",1,140,100,NA,NA,NA,NA,0.386,"BIOMASS+BIEN+Zanne+TWDD+CIRAD"
"FAB",2,"12SP",9,"Moquilea platypus",1,61,62,NA,NA,NA,NA,0.621,"BIOMASS+BIEN+Zanne"
"FAB",2,"12SP",10,"Inga edulis",1,236,375,51.930648,8.13143004749607,NA,NA,0.58,"BIOMASS+BIEN+Zanne"
"FAB",2,"12SP",11,"Chrysophyllum cainito",1,96,82,NA,NA,NA,NA,0.661,"BIOMASS+BIEN+Zanne"
"FAB",2,"12SP",12,"Inga edulis",1,200,260,25.462668,5.69386299554728,NA,NA,0.58,"BIOMASS+BIEN+Zanne"
"FAB",2,"12SP",13,"Ficus insipida",1,89,107,NA,NA,NA,NA,0.37,"BIOMASS+BIEN+Zanne+CIRAD"
"FAB",2,"12SP",14,"Dendropanax ravenii",1,23,NA,NA,NA,NA,NA,0.537,"BIEN (species)"
"FAB",2,"12SP",15,"Vitex cooperi",1,97,136,NA,NA,NA,NA,0.565,"BIOMASS (genus)"
"FAB",2,"12SP",16,"Chrysophyllum cainito",1,124,77,NA,NA,NA,NA,0.661,"BIOMASS+BIEN+Zanne"
"FAB",2,"12SP",17,"Sterculia recordiana",1,70,73,NA,NA,NA,NA,0.49,"BIOMASS+BIEN+Zanne"
"FAB",2,"12SP",18,"Heliocarpus appendiculatus",1,178,239,5.77269,2.71109151219527,NA,NA,0.185,"BIOMASS+BIEN+Zanne"
"FAB",2,"12SP",19,"Spondias mombin",NA,NA,NA,NA,NA,1,1,0.386,"BIOMASS+BIEN+Zanne+TWDD+CIRAD"
"FAB",2,"12SP",20,"Zygia longifolia",1,194,227,11.003454,3.74299783081347,NA,NA,0.71,"BIOMASS+BIEN+Zanne"
"FAB",2,"12SP",21,"Moquilea platypus",1,53,54,NA,NA,NA,NA,0.621,"BIOMASS+BIEN+Zanne"
"FAB",2,"12SP",22,"Zygia longifolia",1,191,277,15.582336,4.45421669820299,NA,NA,0.71,"BIOMASS+BIEN+Zanne"
"FAB",2,"12SP",23,"Erythrina poeppigiana",1,47,76,NA,NA,NA,NA,0.302,"BIOMASS+BIEN+Zanne"
"FAB",2,"12SP",24,"Dendropanax ravenii",1,81,107,NA,NA,NA,NA,0.537,"BIEN (species)"
"FAB",2,"12SP",25,"Terminalia amazonia",1,86,94,NA,NA,NA,NA,0.688,"BIOMASS+BIEN+Zanne+TWDD+CIRAD"
"FAB",2,"12SP",26,"Erythrina poeppigiana",1,73,97,NA,NA,NA,NA,0.302,"BIOMASS+BIEN+Zanne"
"FAB",2,"12SP",27,"Vitex cooperi",1,75,112,NA,NA,NA,NA,0.565,"BIOMASS (genus)"
"FAB",2,"12SP",28,"Ficus insipida",1,114,42,NA,NA,NA,NA,0.37,"BIOMASS+BIEN+Zanne+CIRAD"
"FAB",2,"12SP",29,"Terminalia amazonia",1,116,172,NA,NA,NA,NA,0.688,"BIOMASS+BIEN+Zanne+TWDD+CIRAD"
"FAB",2,"12SP",30,"Spondias mombin",1,130,115,NA,NA,NA,NA,0.386,"BIOMASS+BIEN+Zanne+TWDD+CIRAD"
"FAB",2,"12SP",31,"Vitex cooperi",1,110,167,NA,NA,NA,NA,0.565,"BIOMASS (genus)"
"FAB",2,"12SP",32,"Ficus insipida",1,98,104,NA,NA,NA,NA,0.37,"BIOMASS+BIEN+Zanne+CIRAD"
"FAB",2,"12SP",33,"Zygia longifolia",1,195,230,11.451132,3.8183810829175,NA,NA,0.71,"BIOMASS+BIEN+Zanne"
"FAB",2,"12SP",34,"Heliocarpus appendiculatus",1,124,164,0.950334,1.1000012861385,NA,NA,0.185,"BIOMASS+BIEN+Zanne"
"FAB",2,"12SP",35,"Chrysophyllum cainito",1,92,90,NA,NA,NA,NA,0.661,"BIOMASS+BIEN+Zanne"
"FAB",2,"12SP",36,"Chrysophyllum cainito",1,137,153,NA,NA,NA,NA,0.661,"BIOMASS+BIEN+Zanne"
"FAB",2,"12SP",37,"Inga edulis",1,272,385,55.080102,8.37437543906686,NA,NA,0.58,"BIOMASS+BIEN+Zanne"
"FAB",2,"12SP",38,"Erythrina poeppigiana",1,78,80,NA,NA,NA,NA,0.302,"BIOMASS+BIEN+Zanne"
"FAB",2,"12SP",39,"Dendropanax ravenii",1,93,95,NA,NA,NA,NA,0.537,"BIEN (species)"
"FAB",2,"12SP",40,"Moquilea platypus",1,54,42,NA,NA,NA,NA,0.621,"BIOMASS+BIEN+Zanne"
"FAB",2,"12SP",41,"Inga edulis",1,122,210,5.560632,2.66083005021361,NA,NA,0.58,"BIOMASS+BIEN+Zanne"
"FAB",2,"12SP",42,"Sterculia recordiana",1,81,89,NA,NA,1,NA,0.49,"BIOMASS+BIEN+Zanne"
"FAB",2,"12SP",43,"Moquilea platypus",1,78,59,NA,NA,NA,NA,0.621,"BIOMASS+BIEN+Zanne"
"FAB",2,"12SP",44,"Heliocarpus appendiculatus",1,146,223,2.458302,1.76918266985112,NA,NA,0.185,"BIOMASS+BIEN+Zanne"
"FAB",2,"12SP",45,"Sterculia recordiana",1,95,98,NA,NA,1,NA,0.49,"BIOMASS+BIEN+Zanne"
"FAB",2,"12SP",46,"Zygia longifolia",1,237,317,9.880332,3.54683371720641,NA,NA,0.71,"BIOMASS+BIEN+Zanne"
"FAB",2,"12SP",47,"Spondias mombin",1,172,174,17.349486,4.70000549531903,NA,NA,0.386,"BIOMASS+BIEN+Zanne+TWDD+CIRAD"
"FAB",2,"12SP",48,"Dendropanax ravenii",1,NA,39,NA,NA,NA,1,0.537,"BIEN (species)"
"FAB",2,"12SP",49,"Terminalia amazonia",1,102,97,NA,NA,NA,NA,0.688,"BIOMASS+BIEN+Zanne+TWDD+CIRAD"
"FAB",4,"12SP",2,"Ficus insipida",1,148,75,NA,NA,NA,NA,0.37,"BIOMASS+BIEN+Zanne+CIRAD"
"FAB",4,"12SP",3,"Heliocarpus appendiculatus",1,120,140,NA,NA,NA,NA,0.185,"BIOMASS+BIEN+Zanne"
"FAB",4,"12SP",4,"Vitex cooperi",1,123,93,NA,NA,NA,NA,0.565,"BIOMASS (genus)"
"FAB",4,"12SP",5,"Sterculia recordiana",1,30,NA,NA,NA,NA,NA,0.49,"BIOMASS+BIEN+Zanne"
"FAB",4,"12SP",6,"Terminalia amazonia",1,105,131,NA,NA,NA,NA,0.688,"BIOMASS+BIEN+Zanne+TWDD+CIRAD"
"FAB",4,"12SP",7,"Erythrina poeppigiana",1,142,160,1.130976,1.20000140306018,NA,NA,0.302,"BIOMASS+BIEN+Zanne"
"FAB",4,"12SP",8,"Spondias mombin",1,NA,NA,NA,NA,NA,1,0.386,"BIOMASS+BIEN+Zanne+TWDD+CIRAD"
"FAB",4,"12SP",9,"Moquilea platypus",1,111,90,NA,NA,NA,NA,0.621,"BIOMASS+BIEN+Zanne"
"FAB",4,"12SP",10,"Inga edulis",1,178,240,9.652566,3.50571372752627,NA,NA,0.58,"BIOMASS+BIEN+Zanne"
"FAB",4,"12SP",11,"Chrysophyllum cainito",1,74,NA,NA,NA,NA,NA,0.661,"BIOMASS+BIEN+Zanne"
"FAB",4,"12SP",12,"Inga edulis",1,180,260,12.48786,3.98748506970452,NA,NA,0.58,"BIOMASS+BIEN+Zanne"
"FAB",4,"12SP",13,"Ficus insipida",1,NA,NA,NA,NA,NA,1,0.37,"BIOMASS+BIEN+Zanne+CIRAD"
"FAB",4,"12SP",14,"Dendropanax ravenii",1,NA,NA,NA,NA,NA,1,0.537,"BIEN (species)"
"FAB",4,"12SP",15,"Vitex cooperi",1,78,NA,NA,NA,NA,NA,0.565,"BIOMASS (genus)"
"FAB",4,"12SP",16,"Chrysophyllum cainito",1,90,69,NA,NA,NA,NA,0.661,"BIOMASS+BIEN+Zanne"
"FAB",4,"12SP",17,"Sterculia recordiana",1,92,88,NA,NA,NA,NA,0.49,"BIOMASS+BIEN+Zanne"
"FAB",4,"12SP",18,"Heliocarpus appendiculatus",1,160,53,NA,NA,NA,NA,0.185,"BIOMASS+BIEN+Zanne"
"FAB",4,"12SP",19,"Spondias mombin",1,NA,NA,NA,NA,NA,1,0.386,"BIOMASS+BIEN+Zanne+TWDD+CIRAD"
"FAB",4,"12SP",20,"Zygia longifolia",1,160,216,4.225452,2.31948541292682,NA,NA,0.71,"BIOMASS+BIEN+Zanne"
"FAB",4,"12SP",21,"Moquilea platypus",1,60,35,NA,NA,NA,NA,0.621,"BIOMASS+BIEN+Zanne"
"FAB",4,"12SP",22,"Zygia longifolia",1,170,200,6.102558,2.78747523211237,NA,NA,0.71,"BIOMASS+BIEN+Zanne"
"FAB",4,"12SP",23,"Erythrina poeppigiana",1,107,110,NA,NA,NA,NA,0.302,"BIOMASS+BIEN+Zanne"
"FAB",4,"12SP",24,"Dendropanax ravenii",1,110,NA,NA,NA,NA,NA,0.537,"BIEN (species)"
"FAB",4,"12SP",25,"Terminalia amazonia",1,96,120,NA,NA,NA,NA,0.688,"BIOMASS+BIEN+Zanne+TWDD+CIRAD"
"FAB",4,"12SP",26,"Erythrina poeppigiana",1,64,88,NA,NA,NA,NA,0.302,"BIOMASS+BIEN+Zanne"
"FAB",4,"12SP",27,"Vitex cooperi",1,48,NA,NA,NA,NA,NA,0.565,"BIOMASS (genus)"
"FAB",4,"12SP",28,"Ficus insipida",1,20,NA,NA,NA,NA,NA,0.37,"BIOMASS+BIEN+Zanne+CIRAD"
"FAB",4,"12SP",29,"Terminalia amazonia",1,116,154,0.7854,1.00000116921681,NA,NA,0.688,"BIOMASS+BIEN+Zanne+TWDD+CIRAD"
"FAB",4,"12SP",30,"Spondias mombin",1,NA,NA,NA,NA,NA,1,0.386,"BIOMASS+BIEN+Zanne+TWDD+CIRAD"
"FAB",4,"12SP",31,"Vitex cooperi",1,65,142,NA,NA,NA,NA,0.565,"BIOMASS (genus)"
"FAB",4,"12SP",32,"Ficus insipida",1,NA,NA,NA,NA,1,1,0.37,"BIOMASS+BIEN+Zanne+CIRAD"
"FAB",4,"12SP",33,"Zygia longifolia",1,170,200,4.16262,2.30217557838352,NA,NA,0.71,"BIOMASS+BIEN+Zanne"
"FAB",4,"12SP",34,"Heliocarpus appendiculatus",1,73,33,NA,NA,NA,NA,0.185,"BIOMASS+BIEN+Zanne"
"FAB",4,"12SP",35,"Chrysophyllum cainito",1,111,40,NA,NA,NA,NA,0.661,"BIOMASS+BIEN+Zanne"
"FAB",4,"12SP",36,"Chrysophyllum cainito",1,80,80,NA,NA,NA,NA,0.661,"BIOMASS+BIEN+Zanne"
"FAB",4,"12SP",37,"Inga edulis",1,170,280,15.111096,4.3863475684776,NA,NA,0.58,"BIOMASS+BIEN+Zanne"
"FAB",4,"12SP",38,"Erythrina poeppigiana",1,80,128,NA,NA,NA,NA,0.302,"BIOMASS+BIEN+Zanne"
"FAB",4,"12SP",39,"Dendropanax ravenii",1,110,102,NA,NA,1,NA,0.537,"BIEN (species)"
"FAB",4,"12SP",40,"Moquilea platypus",1,67,NA,NA,NA,NA,NA,0.621,"BIOMASS+BIEN+Zanne"
"FAB",4,"12SP",41,"Inga edulis",1,216,280,12.629232,4.00999221969753,NA,NA,0.58,"BIOMASS+BIEN+Zanne"
"FAB",4,"12SP",42,"Sterculia recordiana",1,70,67,NA,NA,NA,NA,0.49,"BIOMASS+BIEN+Zanne"
"FAB",4,"12SP",43,"Moquilea platypus",1,60,54,NA,NA,NA,NA,0.621,"BIOMASS+BIEN+Zanne"
"FAB",4,"12SP",44,"Heliocarpus appendiculatus",1,NA,NA,NA,NA,NA,1,0.185,"BIOMASS+BIEN+Zanne"
"FAB",4,"12SP",45,"Sterculia recordiana",1,60,52,NA,NA,1,NA,0.49,"BIOMASS+BIEN+Zanne"
"FAB",4,"12SP",46,"Zygia longifolia",1,157,200,3.550008,2.12603164833598,NA,NA,0.71,"BIOMASS+BIEN+Zanne"
"FAB",4,"12SP",47,"Spondias mombin",1,NA,NA,NA,NA,NA,1,0.386,"BIOMASS+BIEN+Zanne+TWDD+CIRAD"
"FAB",4,"12SP",48,"Dendropanax ravenii",1,58,NA,NA,NA,NA,NA,0.537,"BIEN (species)"
"FAB",4,"12SP",49,"Terminalia amazonia",1,175,110,NA,NA,NA,NA,0.688,"BIOMASS+BIEN+Zanne+TWDD+CIRAD"
"FAB",6,"12SP",2,"Ficus insipida",1,135,95,NA,NA,NA,NA,0.37,"BIOMASS+BIEN+Zanne+CIRAD"
"FAB",6,"12SP",3,"Heliocarpus appendiculatus",1,162,172,0.7854,1.00000116921681,NA,NA,0.185,"BIOMASS+BIEN+Zanne"
"FAB",6,"12SP",4,"Vitex cooperi",1,77,82,NA,NA,NA,NA,0.565,"BIOMASS (genus)"
"FAB",6,"12SP",5,"Sterculia recordiana",1,73,60,NA,NA,1,NA,0.49,"BIOMASS+BIEN+Zanne"
"FAB",6,"12SP",6,"Terminalia amazonia",1,57,58,NA,NA,NA,NA,0.688,"BIOMASS+BIEN+Zanne+TWDD+CIRAD"
"FAB",6,"12SP",7,"Erythrina poeppigiana",1,107,113,NA,NA,NA,NA,0.302,"BIOMASS+BIEN+Zanne"
"FAB",6,"12SP",8,"Spondias mombin",1,NA,NA,NA,NA,NA,1,0.386,"BIOMASS+BIEN+Zanne+TWDD+CIRAD"
"FAB",6,"12SP",9,"Moquilea platypus",1,79,72,NA,NA,NA,NA,0.621,"BIOMASS+BIEN+Zanne"
"FAB",6,"12SP",10,"Inga edulis",1,244,330,42.09744,7.32121064716184,NA,NA,0.58,"BIOMASS+BIEN+Zanne"
"FAB",6,"12SP",11,"Chrysophyllum cainito",1,39,NA,NA,NA,NA,NA,0.661,"BIOMASS+BIEN+Zanne"
"FAB",6,"12SP",12,"Inga edulis",1,250,253,17.16099,4.67440382239326,NA,NA,0.58,"BIOMASS+BIEN+Zanne"
"FAB",6,"12SP",13,"Ficus insipida",1,90,32,NA,NA,NA,NA,0.37,"BIOMASS+BIEN+Zanne+CIRAD"
"FAB",6,"12SP",14,"Dendropanax ravenii",1,95,8,NA,NA,NA,NA,0.537,"BIEN (species)"
"FAB",6,"12SP",15,"Vitex cooperi",1,69,16,NA,NA,NA,NA,0.565,"BIOMASS (genus)"
"FAB",6,"12SP",16,"Chrysophyllum cainito",1,106,NA,NA,NA,NA,NA,0.661,"BIOMASS+BIEN+Zanne"
"FAB",6,"12SP",17,"Sterculia recordiana",1,10,75,NA,NA,NA,NA,0.49,"BIOMASS+BIEN+Zanne"
"FAB",6,"12SP",18,"Heliocarpus appendiculatus",1,NA,NA,NA,NA,NA,1,0.185,"BIOMASS+BIEN+Zanne"
"FAB",6,"12SP",19,"Spondias mombin",1,NA,NA,NA,NA,NA,1,0.386,"BIOMASS+BIEN+Zanne+TWDD+CIRAD"
"FAB",6,"12SP",20,"Zygia longifolia",1,170,218,5.859084,2.73130325023149,NA,NA,0.71,"BIOMASS+BIEN+Zanne"
"FAB",6,"12SP",21,"Moquilea platypus",1,50,16,NA,NA,NA,NA,0.621,"BIOMASS+BIEN+Zanne"
"FAB",6,"12SP",22,"Zygia longifolia",1,210,250,3.047352,1.96977386344925,NA,NA,0.71,"BIOMASS+BIEN+Zanne"
"FAB",6,"12SP",23,"Erythrina poeppigiana",1,106,134,NA,NA,NA,NA,0.302,"BIOMASS+BIEN+Zanne"
"FAB",6,"12SP",24,"Dendropanax ravenii",1,131,136,NA,NA,NA,NA,0.537,"BIEN (species)"
"FAB",6,"12SP",25,"Terminalia amazonia",1,59,NA,NA,NA,NA,NA,0.688,"BIOMASS+BIEN+Zanne+TWDD+CIRAD"
"FAB",6,"12SP",26,"Erythrina poeppigiana",1,47,42,NA,NA,NA,NA,0.302,"BIOMASS+BIEN+Zanne"
"FAB",6,"12SP",27,"Vitex cooperi",1,48,31,NA,NA,NA,NA,0.565,"BIOMASS (genus)"
"FAB",6,"12SP",28,"Ficus insipida",1,117,120,NA,NA,NA,NA,0.37,"BIOMASS+BIEN+Zanne+CIRAD"
"FAB",6,"12SP",29,"Terminalia amazonia",1,88,110,NA,NA,NA,NA,0.688,"BIOMASS+BIEN+Zanne+TWDD+CIRAD"
"FAB",6,"12SP",30,"Spondias mombin",1,NA,NA,NA,NA,NA,1,0.386,"BIOMASS+BIEN+Zanne+TWDD+CIRAD"
"FAB",6,"12SP",31,"Vitex cooperi",1,103,NA,NA,NA,NA,NA,0.565,"BIOMASS (genus)"
"FAB",6,"12SP",32,"Ficus insipida",1,44,25,NA,NA,NA,NA,0.37,"BIOMASS+BIEN+Zanne+CIRAD"
"FAB",6,"12SP",33,"Zygia longifolia",1,160,220,8.553006,3.30000385841549,NA,NA,0.71,"BIOMASS+BIEN+Zanne"
"FAB",6,"12SP",34,"Heliocarpus appendiculatus",1,129,128,NA,NA,NA,NA,0.185,"BIOMASS+BIEN+Zanne"
"FAB",6,"12SP",35,"Chrysophyllum cainito",1,105,105,NA,NA,NA,NA,0.661,"BIOMASS+BIEN+Zanne"
"FAB",6,"12SP",36,"Chrysophyllum cainito",1,115,50,NA,NA,NA,NA,0.661,"BIOMASS+BIEN+Zanne"
"FAB",6,"12SP",37,"Inga edulis",1,233,350,38.225418,6.976396907547,NA,NA,0.58,"BIOMASS+BIEN+Zanne"
"FAB",6,"12SP",38,"Erythrina poeppigiana",1,123,130,NA,NA,NA,NA,0.302,"BIOMASS+BIEN+Zanne"
"FAB",6,"12SP",39,"Dendropanax ravenii",1,NA,NA,NA,NA,1,1,0.537,"BIEN (species)"
"FAB",6,"12SP",40,"Moquilea platypus",1,55,45,NA,NA,NA,NA,0.621,"BIOMASS+BIEN+Zanne"
"FAB",6,"12SP",41,"Inga edulis",1,300,394,23.75835,5.50000643069248,NA,NA,0.58,"BIOMASS+BIEN+Zanne"
"FAB",6,"12SP",42,"Sterculia recordiana",1,NA,NA,NA,NA,1,1,0.49,"BIOMASS+BIEN+Zanne"
"FAB",6,"12SP",43,"Moquilea platypus",1,76,69,NA,NA,NA,NA,0.621,"BIOMASS+BIEN+Zanne"
"FAB",6,"12SP",44,"Heliocarpus appendiculatus",1,62,NA,NA,NA,NA,NA,0.185,"BIOMASS+BIEN+Zanne"
"FAB",6,"12SP",45,"Sterculia recordiana",1,58,60,NA,NA,NA,NA,0.49,"BIOMASS+BIEN+Zanne"
"FAB",6,"12SP",46,"Zygia longifolia",1,256,320,15.880788,4.49667068876026,NA,NA,0.71,"BIOMASS+BIEN+Zanne"
"FAB",6,"12SP",47,"Spondias mombin",1,133,108,NA,NA,NA,NA,0.386,"BIOMASS+BIEN+Zanne+TWDD+CIRAD"
"FAB",6,"12SP",48,"Dendropanax ravenii",1,188,260,1.539384,1.40000163690354,NA,NA,0.537,"BIEN (species)"
"FAB",6,"12SP",49,"Terminalia amazonia",1,155,160,NA,NA,NA,NA,0.688,"BIOMASS+BIEN+Zanne+TWDD+CIRAD"
"GAM",1,"M1",2,"Inga edulis",1,NA,379,33.2537582382479,6.50691939399897,NA,NA,0.58,"BIOMASS+BIEN+Zanne"
"GAM",1,"M1",3,"Inga edulis",1,NA,352,31.3530946828262,6.31822759957253,NA,NA,0.58,"BIOMASS+BIEN+Zanne"
"GAM",1,"M1",4,"Inga edulis",1,NA,358,23.1692458202247,5.4313902456001,NA,NA,0.58,"BIOMASS+BIEN+Zanne"
"GAM",1,"M1",5,"Inga edulis",1,NA,503,32.8846211014511,6.4707032075347,NA,NA,0.58,"BIOMASS+BIEN+Zanne"
"GAM",1,"M1",6,"Inga edulis",1,NA,483,34.785284656873,6.65507325278994,NA,NA,0.58,"BIOMASS+BIEN+Zanne"
"GAM",1,"M1",7,"Inga edulis",1,NA,679,78.7126039356922,10.0109939566459,NA,NA,0.58,"BIOMASS+BIEN+Zanne"
"GAM",1,"M1",8,"Inga edulis",1,NA,388,16.1006623496477,4.52769256906871,NA,NA,0.58,"BIOMASS+BIEN+Zanne"
"GAM",1,"M1",9,"Inga edulis",1,NA,290,19.9255514053932,5.0368641037852,NA,NA,0.58,"BIOMASS+BIEN+Zanne"
"GAM",1,"M1",10,"Inga edulis",1,NA,453,17.3572994110836,4.70106370941726,NA,NA,0.58,"BIOMASS+BIEN+Zanne"
"GAM",1,"M1",11,"Inga edulis",1,NA,377,14.2157067574939,4.25440947723654,NA,NA,0.58,"BIOMASS+BIEN+Zanne"
"GAM",1,"M1",12,"Inga edulis",1,NA,425,14.145020922788,4.24381903478458,NA,NA,0.58,"BIOMASS+BIEN+Zanne"
"GAM",1,"M1",13,"Inga edulis",1,NA,517,28.0701303598248,5.97829407105405,NA,NA,0.58,"BIOMASS+BIEN+Zanne"
"GAM",1,"M1",14,"Inga edulis",1,NA,537,18.0955736846772,4.8,NA,NA,0.58,"BIOMASS+BIEN+Zanne"
"GAM",1,"M1",15,"Inga edulis",1,NA,421,26.5307499595658,5.81205643468816,NA,NA,0.58,"BIOMASS+BIEN+Zanne"
"GAM",1,"M1",16,"Inga edulis",1,NA,417,25.863161520678,5.73846669416143,NA,NA,0.58,"BIOMASS+BIEN+Zanne"
"GAM",1,"M1",17,"Inga edulis",1,NA,390,18.3940249867683,4.83942145302515,NA,NA,0.58,"BIOMASS+BIEN+Zanne"
"GAM",1,"M1",18,"Inga edulis",1,NA,402,17.6636046948086,4.74236228055175,NA,NA,0.58,"BIOMASS+BIEN+Zanne"
"GAM",1,"M1",19,"Inga edulis",1,NA,510,38.3274303737955,6.9856996786292,NA,NA,0.58,"BIOMASS+BIEN+Zanne"
"GAM",1,"M1",20,"Inga edulis",1,NA,386,9.29911425462578,3.44093010681705,NA,NA,0.58,"BIOMASS+BIEN+Zanne"
"GAM",1,"M1",21,"Inga edulis",1,NA,620,48.4590666816226,7.8549347546622,NA,NA,0.58,"BIOMASS+BIEN+Zanne"
"GAM",1,"M1",22,"Inga edulis",1,NA,387,20.8915911463721,5.15751878329105,NA,NA,0.58,"BIOMASS+BIEN+Zanne"
"GAM",1,"M1",23,"Inga edulis",1,NA,365,19.0144895358522,4.92036584005701,NA,NA,0.58,"BIOMASS+BIEN+Zanne"
"GAM",1,"M1",24,"Inga edulis",1,NA,320,12.5742245959931,4.0012498047485,NA,NA,0.58,"BIOMASS+BIEN+Zanne"
"GAM",1,"M1",25,"Inga edulis",1,NA,347,13.6737820247496,4.17252920900502,NA,NA,0.58,"BIOMASS+BIEN+Zanne"
"GAM",1,"M1",26,"Inga edulis",1,NA,408,28.5099533313274,6.02494813255683,NA,NA,0.58,"BIOMASS+BIEN+Zanne"
"GAM",1,"M1",27,"Inga edulis",1,NA,553,19.6192461216682,4.99799959983991,NA,NA,0.58,"BIOMASS+BIEN+Zanne"
"GAM",1,"M1",28,"Inga edulis",1,NA,607,51.0508806208342,8.06225774829855,NA,NA,0.58,"BIOMASS+BIEN+Zanne"
"GAM",1,"M1",29,"Inga edulis",1,NA,274,9.62112750161874,3.5,NA,NA,0.58,"BIOMASS+BIEN+Zanne"
"GAM",1,"M1",30,"Inga edulis",1,NA,370,19.4543125073548,4.97694685525172,NA,NA,0.58,"BIOMASS+BIEN+Zanne"
"GAM",1,"M1",31,"Inga edulis",1,NA,370,17.9463480336317,4.78016736108685,NA,NA,0.58,"BIOMASS+BIEN+Zanne"
"GAM",1,"M1",32,"Inga edulis",1,NA,270,8.32522053201295,3.25576411921994,NA,NA,0.58,"BIOMASS+BIEN+Zanne"
"GAM",1,"M1",33,"Inga edulis",1,NA,320,19.9412593686612,5.03884907493765,NA,NA,0.58,"BIOMASS+BIEN+Zanne"
"GAM",1,"M1",34,"Inga edulis",1,NA,459,22.2267680241478,5.31977443130816,NA,NA,0.58,"BIOMASS+BIEN+Zanne"
"GAM",1,"M1",35,"Inga edulis",1,NA,503,27.9366126720472,5.96405902049937,NA,NA,0.58,"BIOMASS+BIEN+Zanne"
"GAM",1,"M1",36,"Inga edulis",1,NA,236,5.81194640914112,2.72029410174709,NA,NA,0.58,"BIOMASS+BIEN+Zanne"
"GAM",1,"M1",37,"Inga edulis",1,NA,220,3.30652626790326,2.05182845286832,NA,NA,0.58,"BIOMASS+BIEN+Zanne"
"GAM",1,"M1",38,"Inga edulis",1,NA,248,3.46360590058275,2.1,NA,NA,0.58,"BIOMASS+BIEN+Zanne"
"GAM",1,"M1",39,"Inga edulis",1,NA,306,7.06858347057703,3,NA,NA,0.58,"BIOMASS+BIEN+Zanne"
"GAM",1,"M1",40,"Inga edulis",1,NA,251,3.80132711084365,2.2,NA,NA,0.58,"BIOMASS+BIEN+Zanne"
"GAM",1,"M1",41,"Inga edulis",1,NA,379,30.2692452173377,6.20805927806751,NA,NA,0.58,"BIOMASS+BIEN+Zanne"
"GAM",1,"M1",42,"Inga edulis",1,NA,428,23.5697988835574,5.47813836992093,NA,NA,0.58,"BIOMASS+BIEN+Zanne"
"GAM",1,"M1",43,"Inga edulis",1,NA,303,28.6513250007389,6.0398675482166,NA,NA,0.58,"BIOMASS+BIEN+Zanne"
"GAM",1,"M1",44,"Inga edulis",1,NA,320,6.60519855417254,2.9,NA,NA,0.58,"BIOMASS+BIEN+Zanne"
"GAM",1,"M1",45,"Inga edulis",1,NA,251,11.9851759734451,3.90640499692493,NA,NA,0.58,"BIOMASS+BIEN+Zanne"
"GAM",1,"M1",46,"Inga edulis",1,NA,273,9.72322926286041,3.51852241715184,NA,NA,0.58,"BIOMASS+BIEN+Zanne"
"GAM",1,"M1",47,"Inga edulis",1,NA,266,6.34601716025138,2.84253408071038,NA,NA,0.58,"BIOMASS+BIEN+Zanne"
"GAM",1,"M1",48,"Inga edulis",1,NA,407,10.0923663996572,3.58468966578698,NA,NA,0.58,"BIOMASS+BIEN+Zanne"
"GAM",1,"M1",49,"Inga edulis",1,NA,377,11.9773219918111,3.90512483795333,NA,NA,0.58,"BIOMASS+BIEN+Zanne"
"GAM",2,"M1",2,"Inga edulis",1,NA,310,3.80132711084365,2.2,NA,NA,0.58,"BIOMASS+BIEN+Zanne"
"GAM",2,"M1",3,"Inga edulis",1,NA,399,29.1618338069473,6.09343909463285,NA,NA,0.58,"BIOMASS+BIEN+Zanne"
"GAM",2,"M1",4,"Inga edulis",1,NA,441,11.3490034610931,3.80131556174964,NA,NA,0.58,"BIOMASS+BIEN+Zanne"
"GAM",2,"M1",5,"Inga edulis",1,NA,325,9.95884871187964,3.56089876295297,NA,NA,0.58,"BIOMASS+BIEN+Zanne"
"GAM",2,"M1",6,"Inga edulis",1,NA,209,4.90873852123405,2.5,NA,NA,0.58,"BIOMASS+BIEN+Zanne"
"GAM",2,"M1",7,"Inga edulis",1,NA,217,6.29889327044754,2.83196045170126,NA,NA,0.58,"BIOMASS+BIEN+Zanne"
"GAM",2,"M1",8,"Inga edulis",1,NA,360,10.7521008569111,3.70000000000001,NA,NA,0.58,"BIOMASS+BIEN+Zanne"
"GAM",2,"M1",9,"Inga edulis",1,NA,327,13.854423602331,4.2,NA,NA,0.58,"BIOMASS+BIEN+Zanne"
"GAM",2,"M1",10,"Inga edulis",1,NA,435,27.1747764535517,5.8821764679411,NA,NA,0.58,"BIOMASS+BIEN+Zanne"
"GAM",2,"M1",11,"Inga edulis",1,NA,288,16.61902513749,4.6,NA,NA,0.58,"BIOMASS+BIEN+Zanne"
"GAM",2,"M1",12,"Inga edulis",1,NA,210,1.13097335529233,1.2,NA,NA,0.58,"BIOMASS+BIEN+Zanne"
"GAM",2,"M1",13,"Inga edulis",1,NA,160,NA,NA,NA,NA,0.58,"BIOMASS+BIEN+Zanne"
"GAM",2,"M1",14,"Inga edulis",1,NA,218,4.81449074162636,2.47588368062799,NA,NA,0.58,"BIOMASS+BIEN+Zanne"
"GAM",2,"M1",15,"Inga edulis",1,NA,420,22.8865024814017,5.39814783050632,NA,NA,0.58,"BIOMASS+BIEN+Zanne"
"GAM",2,"M1",16,"Inga edulis",1,NA,270,9.61327351998476,3.49857113690718,NA,NA,0.58,"BIOMASS+BIEN+Zanne"
"GAM",2,"M1",17,"Inga edulis",1,NA,450,28.2743338823081,6,NA,NA,0.58,"BIOMASS+BIEN+Zanne"
"GAM",2,"M1",18,"Inga edulis",1,NA,305,12.8648219164502,4.04722126896961,NA,NA,0.58,"BIOMASS+BIEN+Zanne"
"GAM",2,"M1",19,"Inga edulis",1,NA,339,11.0348441957342,3.74833296279827,NA,NA,0.58,"BIOMASS+BIEN+Zanne"
"GAM",2,"M1",20,"Inga edulis",1,NA,128,NA,NA,NA,NA,0.58,"BIOMASS+BIEN+Zanne"
"GAM",2,"M1",21,"Inga edulis",1,NA,200,3.40077404751096,2.08086520466848,NA,NA,0.58,"BIOMASS+BIEN+Zanne"
"GAM",2,"M1",22,"Inga edulis",1,NA,280,7.57909227678538,3.10644491340181,NA,NA,0.58,"BIOMASS+BIEN+Zanne"
"GAM",2,"M1",23,"Inga edulis",1,NA,245,7.54767635024948,3.1,NA,NA,0.58,"BIOMASS+BIEN+Zanne"
"GAM",2,"M1",24,"Inga edulis",1,NA,464,29.4288691825024,6.12127437712116,NA,NA,0.58,"BIOMASS+BIEN+Zanne"
"GAM",2,"M1",25,"Inga edulis",1,NA,257,14.4356182432451,4.2871902220452,NA,NA,0.58,"BIOMASS+BIEN+Zanne"
"GAM",2,"M1",26,"Inga edulis",1,NA,429,23.9075200938184,5.5172456896535,NA,NA,0.58,"BIOMASS+BIEN+Zanne"
"GAM",2,"M1",27,"Inga edulis",1,NA,416,9.62112750161874,3.5,NA,NA,0.58,"BIOMASS+BIEN+Zanne"
"GAM",2,"M1",28,"Inga edulis",1,NA,397,18.3311931336964,4.83114893167246,NA,NA,0.58,"BIOMASS+BIEN+Zanne"
"GAM",2,"M1",29,"Inga edulis",1,NA,250,7.76758783600077,3.14483703870328,NA,NA,0.58,"BIOMASS+BIEN+Zanne"
"GAM",2,"M1",30,"Inga edulis",1,NA,305,10.8227866916168,3.71214223865411,NA,NA,0.58,"BIOMASS+BIEN+Zanne"
"GAM",2,"M1",31,"Inga edulis",1,NA,380,21.237166338267,5.2,NA,NA,0.58,"BIOMASS+BIEN+Zanne"
"GAM",2,"M1",32,"Inga edulis",1,NA,390,18.8574099031727,4.9,NA,NA,0.58,"BIOMASS+BIEN+Zanne"
"GAM",2,"M1",33,"Inga edulis",1,NA,373,27.4732277556427,5.91438923304849,NA,NA,0.58,"BIOMASS+BIEN+Zanne"
"GAM",2,"M1",34,"Inga edulis",1,NA,413,29.6095107600838,6.1400325732035,NA,NA,0.58,"BIOMASS+BIEN+Zanne"
"GAM",2,"M1",35,"Inga edulis",1,NA,204,4.90873852123405,2.5,NA,NA,0.58,"BIOMASS+BIEN+Zanne"
"GAM",2,"M1",36,"Inga edulis",1,NA,160,1.13097335529233,1.2,NA,NA,0.58,"BIOMASS+BIEN+Zanne"
"GAM",2,"M1",37,"Inga edulis",1,NA,247,14.6162598208265,4.3139309220246,NA,NA,0.58,"BIOMASS+BIEN+Zanne"
"GAM",2,"M1",38,"Inga edulis",1,NA,306,13.2103971083451,4.10121933088198,NA,NA,0.58,"BIOMASS+BIEN+Zanne"
"GAM",2,"M1",39,"Inga edulis",1,NA,365,31.8007716359627,6.36317530797321,NA,NA,0.58,"BIOMASS+BIEN+Zanne"
"GAM",2,"M1",40,"Inga edulis",1,NA,401,32.1699087727595,6.4,NA,NA,0.58,"BIOMASS+BIEN+Zanne"
"GAM",2,"M1",41,"Inga edulis",1,NA,360,17.0274321824567,4.65617869072913,NA,NA,0.58,"BIOMASS+BIEN+Zanne"
"GAM",2,"M1",42,"Inga edulis",1,NA,236,9.33838416279566,3.44818792991333,NA,NA,0.58,"BIOMASS+BIEN+Zanne"
"GAM",2,"M1",43,"Inga edulis",1,NA,255,10.3122778854085,3.62353418639869,NA,NA,0.58,"BIOMASS+BIEN+Zanne"
"GAM",2,"M1",44,"Inga edulis",1,NA,474,19.1165912970939,4.93355855341761,NA,NA,0.58,"BIOMASS+BIEN+Zanne"
"GAM",2,"M1",45,"Inga edulis",1,NA,377,6.15752160103599,2.8,NA,NA,0.58,"BIOMASS+BIEN+Zanne"
"GAM",2,"M1",46,"Inga edulis",1,NA,200,0.785398163397448,1,NA,NA,0.58,"BIOMASS+BIEN+Zanne"
"GAM",2,"M1",47,"Inga edulis",1,NA,386,12.8962378429861,4.05215991787096,NA,NA,0.58,"BIOMASS+BIEN+Zanne"
"GAM",2,"M1",48,"Inga edulis",1,NA,77,NA,NA,NA,NA,0.58,"BIOMASS+BIEN+Zanne"
"GAM",2,"M1",49,"Inga edulis",1,NA,120,NA,NA,NA,NA,0.58,"BIOMASS+BIEN+Zanne"
"GAM",3,"M1",2,"Inga edulis",1,NA,560,29.2560815865549,6.10327780786685,NA,NA,0.58,"BIOMASS+BIEN+Zanne"
"GAM",3,"M1",3,"Inga edulis",1,NA,716,62.9103928881356,8.94986033410578,NA,NA,0.58,"BIOMASS+BIEN+Zanne"
"GAM",3,"M1",4,"Inga edulis",1,NA,437,35.0051961426243,6.67607669218981,NA,NA,0.58,"BIOMASS+BIEN+Zanne"
"GAM",3,"M1",5,"Inga edulis",1,NA,430,55.2056369052066,8.38391316748927,NA,NA,0.58,"BIOMASS+BIEN+Zanne"
"GAM",3,"M1",6,"Inga edulis",1,NA,470,33.8035369526262,6.56048778674269,NA,NA,0.58,"BIOMASS+BIEN+Zanne"
"GAM",3,"M1",7,"Inga edulis",1,NA,215,4.16261026600648,2.30217288664427,NA,NA,0.58,"BIOMASS+BIEN+Zanne"
"GAM",3,"M1",8,"Inga edulis",1,NA,385,25.7924756859722,5.73061951275776,NA,NA,0.58,"BIOMASS+BIEN+Zanne"
"GAM",3,"M1",9,"Inga edulis",1,NA,526,50.6189116309655,8.02807573457052,NA,NA,0.58,"BIOMASS+BIEN+Zanne"
"GAM",3,"M1",10,"Inga edulis",1,NA,585,36.0811916264788,6.77790528113222,NA,NA,0.58,"BIOMASS+BIEN+Zanne"
"GAM",3,"M1",11,"Inga edulis",1,NA,409,24.0331837999619,5.53172667437573,NA,NA,0.58,"BIOMASS+BIEN+Zanne"
"GAM",3,"M1",12,"Inga edulis",1,NA,334,19.2579629665054,4.95176736125597,NA,NA,0.58,"BIOMASS+BIEN+Zanne"
"GAM",3,"M1",13,"Inga edulis",1,NA,210,6.61305253580652,2.90172362570938,NA,NA,0.58,"BIOMASS+BIEN+Zanne"
"GAM",3,"M1",14,"Inga edulis",1,NA,185,1.539380400259,1.4,NA,NA,0.58,"BIOMASS+BIEN+Zanne"
"GAM",3,"M1",15,"Inga edulis",1,NA,250,1.539380400259,1.4,NA,NA,0.58,"BIOMASS+BIEN+Zanne"
"GAM",3,"M1",16,"Inga edulis",1,NA,373,19.3050868563093,4.95782210249622,NA,NA,0.58,"BIOMASS+BIEN+Zanne"
"GAM",3,"M1",17,"Inga edulis",1,NA,476,26.4522101432261,5.80344725141877,NA,NA,0.58,"BIOMASS+BIEN+Zanne"
"GAM",3,"M1",18,"Inga edulis",1,NA,542,37.6755498981756,6.92603782836912,NA,NA,0.58,"BIOMASS+BIEN+Zanne"
"GAM",3,"M1",19,"Inga edulis",1,NA,270,11.7888264325957,3.8742741255621,NA,NA,0.58,"BIOMASS+BIEN+Zanne"
"GAM",3,"M1",20,"Inga edulis",1,NA,225,8.24668071567321,3.24037034920393,NA,NA,0.58,"BIOMASS+BIEN+Zanne"
"GAM",3,"M1",21,"Inga edulis",1,NA,180,4.60243323750905,2.42074368738204,NA,NA,0.58,"BIOMASS+BIEN+Zanne"
"GAM",3,"M1",22,"Inga edulis",1,NA,330,10.6814150222053,3.68781778291716,NA,NA,0.58,"BIOMASS+BIEN+Zanne"
"GAM",3,"M1",23,"Inga edulis",1,NA,375,15.6608393781452,4.46542271235323,NA,NA,0.58,"BIOMASS+BIEN+Zanne"
"GAM",3,"M1",24,"Inga edulis",1,NA,371,22.163936171076,5.31224999411737,NA,NA,0.58,"BIOMASS+BIEN+Zanne"
"GAM",3,"M1",25,"Inga edulis",1,NA,392,22.7451308119901,5.38144961882948,NA,NA,0.58,"BIOMASS+BIEN+Zanne"
"GAM",3,"M1",26,"Inga edulis",1,NA,230,6.00829594999048,2.76586333718787,NA,NA,0.58,"BIOMASS+BIEN+Zanne"
"GAM",3,"M1",27,"Inga edulis",1,NA,35,NA,NA,NA,NA,0.58,"BIOMASS+BIEN+Zanne"
"GAM",3,"M1",28,"Inga edulis",1,NA,235,6.15752160103599,2.8,NA,NA,0.58,"BIOMASS+BIEN+Zanne"
"GAM",3,"M1",29,"Inga edulis",1,NA,280,11.8359503223996,3.88200978875634,NA,NA,0.58,"BIOMASS+BIEN+Zanne"
"GAM",3,"M1",30,"Inga edulis",1,NA,150,1.76714586764426,1.5,NA,NA,0.58,"BIOMASS+BIEN+Zanne"
"GAM",3,"M1",31,"Inga edulis",1,NA,270,8.55298599939821,3.3,NA,NA,0.58,"BIOMASS+BIEN+Zanne"
"GAM",3,"M1",32,"Inga edulis",1,NA,120,NA,NA,NA,NA,0.58,"BIOMASS+BIEN+Zanne"
"GAM",3,"M1",33,"Inga edulis",1,NA,264,10.2494460323367,3.61247837363769,NA,NA,0.58,"BIOMASS+BIEN+Zanne"
"GAM",3,"M1",34,"Inga edulis",1,NA,146,NA,NA,NA,NA,0.58,"BIOMASS+BIEN+Zanne"
"GAM",3,"M1",35,"Inga edulis",1,NA,225,8.6786497055418,3.32415402771893,NA,NA,0.58,"BIOMASS+BIEN+Zanne"
"GAM",3,"M1",36,"Inga edulis",1,NA,310,16.2970118904971,4.55521678957216,NA,NA,0.58,"BIOMASS+BIEN+Zanne"
"GAM",3,"M1",37,"Inga edulis",1,NA,180,2.01061929829747,1.6,NA,NA,0.58,"BIOMASS+BIEN+Zanne"
"GAM",3,"M1",38,"Inga edulis",1,NA,350,13.2732289614169,4.1109609582189,NA,NA,0.58,"BIOMASS+BIEN+Zanne"
"GAM",3,"M1",39,"Inga edulis",1,NA,345,16.9803082926528,4.64973117502506,NA,NA,0.58,"BIOMASS+BIEN+Zanne"
"GAM",3,"M1",40,"Inga edulis",1,NA,280,7.66548607475909,3.12409987036266,NA,NA,0.58,"BIOMASS+BIEN+Zanne"
"GAM",3,"M1",41,"Inga edulis",1,NA,80,NA,NA,NA,NA,0.58,"BIOMASS+BIEN+Zanne"
"GAM",3,"M1",42,"Inga edulis",1,NA,265,15.5901535434393,4.45533388198909,NA,NA,0.58,"BIOMASS+BIEN+Zanne"
"GAM",3,"M1",43,"Inga edulis",1,NA,475,35.4999969855647,6.72309452558865,NA,NA,0.58,"BIOMASS+BIEN+Zanne"
"GAM",3,"M1",44,"Inga edulis",1,NA,406,22.9728962793753,5.40832691319598,NA,NA,0.58,"BIOMASS+BIEN+Zanne"
"GAM",3,"M1",45,"Inga edulis",1,NA,310,32.319134423805,6.41482657598785,NA,NA,0.58,"BIOMASS+BIEN+Zanne"
"GAM",3,"M1",46,"Inga edulis",1,NA,245,4.1547562843725,2.3,NA,NA,0.58,"BIOMASS+BIEN+Zanne"
"GAM",3,"M1",47,"Inga edulis",1,NA,60,NA,NA,NA,NA,0.58,"BIOMASS+BIEN+Zanne"
"GAM",3,"M1",48,"Inga edulis",1,NA,200,4.2804199905161,2.33452350598575,NA,NA,0.58,"BIOMASS+BIEN+Zanne"
"GAM",3,"M1",49,"Inga edulis",1,NA,235,7.57909227678538,3.10644491340181,NA,NA,0.58,"BIOMASS+BIEN+Zanne"
"GAM",4,"M1",2,"Inga edulis",1,NA,392,31.7300858012569,6.35609943282828,NA,NA,0.58,"BIOMASS+BIEN+Zanne"
"GAM",4,"M1",3,"Inga edulis",1,NA,272,4.1547562843725,2.3,NA,NA,0.58,"BIOMASS+BIEN+Zanne"
"GAM",4,"M1",4,"Inga edulis",1,NA,371,22.0618344098343,5.3,NA,NA,0.58,"BIOMASS+BIEN+Zanne"
"GAM",4,"M1",5,"Inga edulis",1,NA,360,29.8922540989069,6.16927872607487,NA,NA,0.58,"BIOMASS+BIEN+Zanne"
"GAM",4,"M1",6,"Inga edulis",1,NA,436,31.682961911453,6.35137780328016,NA,NA,0.58,"BIOMASS+BIEN+Zanne"
"GAM",4,"M1",7,"Inga edulis",1,NA,460,16.1006623496477,4.52769256906871,NA,NA,0.58,"BIOMASS+BIEN+Zanne"
"GAM",4,"M1",8,"Inga edulis",1,NA,425,21.237166338267,5.2,NA,NA,0.58,"BIOMASS+BIEN+Zanne"
"GAM",4,"M1",9,"Inga edulis",1,NA,365,22.4152635833632,5.34228415567723,NA,NA,0.58,"BIOMASS+BIEN+Zanne"
"GAM",4,"M1",10,"Inga edulis",1,NA,678,80.1184666481737,10.1,NA,NA,0.58,"BIOMASS+BIEN+Zanne"
"GAM",4,"M1",11,"Inga edulis",1,NA,353,16.61902513749,4.6,NA,NA,0.58,"BIOMASS+BIEN+Zanne"
"GAM",4,"M1",12,"Inga edulis",1,NA,417,34.7145988221672,6.64830805543786,NA,NA,0.58,"BIOMASS+BIEN+Zanne"
"GAM",4,"M1",13,"Inga edulis",1,NA,613,53.57200872534,8.25893455598239,NA,NA,0.58,"BIOMASS+BIEN+Zanne"
"GAM",4,"M1",14,"Inga edulis",1,NA,520,27.3397100678652,5.9,NA,NA,0.58,"BIOMASS+BIEN+Zanne"
"GAM",4,"M1",15,"Inga edulis",1,NA,400,33.1830724035422,6.5,NA,NA,0.58,"BIOMASS+BIEN+Zanne"
"GAM",4,"M1",16,"Inga edulis",1,NA,348,20.9622769810779,5.1662365412358,NA,NA,0.58,"BIOMASS+BIEN+Zanne"
"GAM",4,"M1",17,"Inga edulis",1,NA,508,27.4261038658389,5.90931468107766,NA,NA,0.58,"BIOMASS+BIEN+Zanne"
"GAM",4,"M1",18,"Inga edulis",1,NA,577,79.7493295113769,10.0767058109285,NA,NA,0.58,"BIOMASS+BIEN+Zanne"
"GAM",4,"M1",19,"Inga edulis",1,NA,614,27.3397100678652,5.9,NA,NA,0.58,"BIOMASS+BIEN+Zanne"
"GAM",4,"M1",20,"Inga edulis",1,NA,669,33.1830724035422,6.5,NA,NA,0.58,"BIOMASS+BIEN+Zanne"
"GAM",4,"M1",21,"Inga edulis",1,NA,821,55.4491103358598,8.40238061504,NA,NA,0.58,"BIOMASS+BIEN+Zanne"
"GAM",4,"M1",22,"Inga edulis",1,NA,364,17.7264365478804,4.75078940808788,NA,NA,0.58,"BIOMASS+BIEN+Zanne"
"GAM",4,"M1",23,"Inga edulis",1,NA,410,11.3411494794592,3.80000000000001,NA,NA,0.58,"BIOMASS+BIEN+Zanne"
"GAM",4,"M1",24,"Inga edulis",1,NA,407,33.8113909342602,6.5612498809297,NA,NA,0.58,"BIOMASS+BIEN+Zanne"
"GAM",4,"M1",25,"Inga edulis",1,NA,617,42.0816335948352,7.31983606373803,NA,NA,0.58,"BIOMASS+BIEN+Zanne"
"GAM",4,"M1",26,"Inga edulis",1,NA,491,9.62112750161874,3.5,NA,NA,0.58,"BIOMASS+BIEN+Zanne"
"GAM",4,"M1",27,"Inga edulis",NA,NA,173,NA,NA,1,NA,0.58,"BIOMASS+BIEN+Zanne"
"GAM",4,"M1",28,"Inga edulis",1,NA,732,36.316811075498,6.8,NA,NA,0.58,"BIOMASS+BIEN+Zanne"
"GAM",4,"M1",29,"Inga edulis",1,NA,480,49.213048918484,7.91580697086531,NA,NA,0.58,"BIOMASS+BIEN+Zanne"
"GAM",4,"M1",30,"Inga edulis",1,NA,500,41.0056381109808,7.22564875980005,NA,NA,0.58,"BIOMASS+BIEN+Zanne"
"GAM",4,"M1",31,"Inga edulis",1,NA,427,39.8118329026167,7.11969100453103,NA,NA,0.58,"BIOMASS+BIEN+Zanne"
"GAM",4,"M1",32,"Inga edulis",1,NA,380,4.1547562843725,2.3,NA,NA,0.58,"BIOMASS+BIEN+Zanne"
"GAM",4,"M1",33,"Inga edulis",1,NA,615,61.6066319368958,8.85663593019381,NA,NA,0.58,"BIOMASS+BIEN+Zanne"
"GAM",4,"M1",34,"Inga edulis",1,NA,726,74.9269847881165,9.76729235765982,NA,NA,0.58,"BIOMASS+BIEN+Zanne"
"GAM",4,"M1",35,"Inga edulis",1,NA,641,32.1699087727595,6.4,NA,NA,0.58,"BIOMASS+BIEN+Zanne"
"GAM",4,"M1",36,"Inga edulis",1,NA,300,4.90873852123405,2.5,NA,NA,0.58,"BIOMASS+BIEN+Zanne"
"GAM",4,"M1",37,"Inga edulis",1,NA,464,24.630086404144,5.6,NA,NA,0.58,"BIOMASS+BIEN+Zanne"
"GAM",4,"M1",38,"Inga edulis",1,NA,430,38.9871648310494,7.04556598152342,NA,NA,0.58,"BIOMASS+BIEN+Zanne"
"GAM",4,"M1",39,"Inga edulis",1,NA,380,4.1547562843725,2.3,NA,NA,0.58,"BIOMASS+BIEN+Zanne"
"GAM",4,"M1",40,"Inga edulis",1,NA,491,61.6066319368958,8.85663593019381,NA,NA,0.58,"BIOMASS+BIEN+Zanne"
"GAM",4,"M1",41,"Inga edulis",1,NA,561,22.9022104446696,5.4,NA,NA,0.58,"BIOMASS+BIEN+Zanne"
"GAM",4,"M1",42,"Inga edulis",1,NA,507,40.0631603149038,7.14212853426763,NA,NA,0.58,"BIOMASS+BIEN+Zanne"
"GAM",4,"M1",43,"Inga edulis",1,NA,485,50.6110576493316,8.02745289615579,NA,NA,0.58,"BIOMASS+BIEN+Zanne"
"GAM",4,"M1",44,"Inga edulis",1,NA,280,6.63661448070844,2.90688837074973,NA,NA,0.58,"BIOMASS+BIEN+Zanne"
"GAM",4,"M1",45,"Inga edulis",1,NA,370,19.8313036257856,5.02493781056045,NA,NA,0.58,"BIOMASS+BIEN+Zanne"
"GAM",4,"M1",46,"Inga edulis",1,NA,407,20.9701309627119,5.16720427310553,NA,NA,0.58,"BIOMASS+BIEN+Zanne"
"GAM",4,"M1",47,"Inga edulis",1,NA,411,23.9546439836222,5.52268050859363,NA,NA,0.58,"BIOMASS+BIEN+Zanne"
"GAM",4,"M1",48,"Inga edulis",1,NA,606,40.5029832864064,7.18122552215149,NA,NA,0.58,"BIOMASS+BIEN+Zanne"
"GAM",4,"M1",49,"Inga edulis",1,NA,575,34.9109483630166,6.66708332031332,NA,NA,0.58,"BIOMASS+BIEN+Zanne"
"GAM",5,"M1",2,"Inga edulis",1,NA,637,79.4901481174557,10.0603180864225,NA,NA,0.58,"BIOMASS+BIEN+Zanne"
"GAM",5,"M1",3,"Inga edulis",1,NA,418,39.9139346638583,7.12881476824864,NA,NA,0.58,"BIOMASS+BIEN+Zanne"
"GAM",5,"M1",4,"Inga edulis",1,NA,419,48.6475622408379,7.8701969479804,NA,NA,0.58,"BIOMASS+BIEN+Zanne"
"GAM",5,"M1",5,"Inga edulis",1,NA,383,16.0613924414778,4.522167621838,NA,NA,0.58,"BIOMASS+BIEN+Zanne"
"GAM",5,"M1",6,"Inga edulis",1,NA,474,38.0996649064102,6.96491205974634,NA,NA,0.58,"BIOMASS+BIEN+Zanne"
"GAM",5,"M1",7,"Inga edulis",1,NA,318,6.94291976443345,2.9732137494637,NA,NA,0.58,"BIOMASS+BIEN+Zanne"
"GAM",5,"M1",8,"Inga edulis",1,NA,681,104.340146007351,11.5260574352204,NA,NA,0.58,"BIOMASS+BIEN+Zanne"
"GAM",5,"M1",9,"Inga edulis",1,NA,653,55.4491103358598,8.40238061504,NA,NA,0.58,"BIOMASS+BIEN+Zanne"
"GAM",5,"M1",10,"Inga edulis",1,NA,592,42.8984476847686,7.39053448676075,NA,NA,0.58,"BIOMASS+BIEN+Zanne"
"GAM",5,"M1",11,"Inga edulis",1,NA,250,3.46360590058275,2.1,NA,NA,0.58,"BIOMASS+BIEN+Zanne"
"GAM",5,"M1",12,"Inga edulis",1,NA,306,7.61836218495525,3.11448230047949,NA,NA,0.58,"BIOMASS+BIEN+Zanne"
"GAM",5,"M1",13,"Inga edulis",1,NA,386,20.4910380830394,5.10783711564885,NA,NA,0.58,"BIOMASS+BIEN+Zanne"
"GAM",5,"M1",14,"Inga edulis",1,NA,285,9.8174770424681,3.53553390593274,NA,NA,0.58,"BIOMASS+BIEN+Zanne"
"GAM",5,"M1",15,"Inga edulis",1,NA,612,30.1907054009979,6.2,NA,NA,0.58,"BIOMASS+BIEN+Zanne"
"GAM",5,"M1",16,"Inga edulis",1,NA,549,33.23805027498,6.50538238691624,NA,NA,0.58,"BIOMASS+BIEN+Zanne"
"GAM",5,"M1",17,"Inga edulis",1,NA,458,21.3628300444106,5.21536192416212,NA,NA,0.58,"BIOMASS+BIEN+Zanne"
"GAM",5,"M1",18,"Inga edulis",1,NA,297,7.61836218495525,3.11448230047949,NA,NA,0.58,"BIOMASS+BIEN+Zanne"
"GAM",5,"M1",19,"Inga edulis",1,NA,380,17.9856179418016,4.78539444560216,NA,NA,0.58,"BIOMASS+BIEN+Zanne"
"GAM",5,"M1",20,"Inga edulis",1,NA,347,9.1106186954104,3.40587727318528,NA,NA,0.58,"BIOMASS+BIEN+Zanne"
"GAM",5,"M1",21,"Inga edulis",1,NA,347,13.6737820247496,4.17252920900502,NA,NA,0.58,"BIOMASS+BIEN+Zanne"
"GAM",5,"M1",22,"Inga edulis",1,NA,649,64.7560785721196,9.08019823572151,NA,NA,0.58,"BIOMASS+BIEN+Zanne"
"GAM",5,"M1",23,"Inga edulis",1,NA,411,12.5663706143592,4,NA,NA,0.58,"BIOMASS+BIEN+Zanne"
"GAM",5,"M1",24,"Inga edulis",1,NA,416,11.9459060652752,3.9,NA,NA,0.58,"BIOMASS+BIEN+Zanne"
"GAM",5,"M1",25,"Inga edulis",1,NA,351,18.9359497195125,4.91019347887637,NA,NA,0.58,"BIOMASS+BIEN+Zanne"
"GAM",5,"M1",26,"Inga edulis",1,NA,335,16.1477862394515,4.53431361950185,NA,NA,0.58,"BIOMASS+BIEN+Zanne"
"GAM",5,"M1",27,"Inga edulis",1,NA,364,13.6109501716778,4.16293165929973,NA,NA,0.58,"BIOMASS+BIEN+Zanne"
"GAM",5,"M1",28,"Inga edulis",1,NA,335,20.6088478075491,5.12249938994629,NA,NA,0.58,"BIOMASS+BIEN+Zanne"
"GAM",5,"M1",29,"Inga edulis",1,NA,319,20.4910380830394,5.10783711564885,NA,NA,0.58,"BIOMASS+BIEN+Zanne"
"GAM",5,"M1",30,"Inga edulis",1,NA,298,10.2494460323367,3.61247837363769,NA,NA,0.58,"BIOMASS+BIEN+Zanne"
"GAM",5,"M1",31,"Inga edulis",1,NA,372,22.0304184832984,5.29622507074614,NA,NA,0.58,"BIOMASS+BIEN+Zanne"
"GAM",5,"M1",32,"Inga edulis",1,NA,299,8.3723444218168,3.2649655434629,NA,NA,0.58,"BIOMASS+BIEN+Zanne"
"GAM",5,"M1",33,"Inga edulis",1,NA,235,5.41139334580842,2.62488094968134,NA,NA,0.58,"BIOMASS+BIEN+Zanne"
"GAM",5,"M1",34,"Inga edulis",1,NA,276,11.8202423591316,3.87943294825417,NA,NA,0.58,"BIOMASS+BIEN+Zanne"
"GAM",5,"M1",35,"Inga edulis",1,NA,282,9.90387084044182,3.55105618091294,NA,NA,0.58,"BIOMASS+BIEN+Zanne"
"GAM",5,"M1",36,"Inga edulis",1,NA,368,13.9565253635727,4.2154477816716,NA,NA,0.58,"BIOMASS+BIEN+Zanne"
"GAM",5,"M1",37,"Inga edulis",1,NA,254,3.33794219443916,2.06155281280883,NA,NA,0.58,"BIOMASS+BIEN+Zanne"
"GAM",5,"M1",38,"Inga edulis",1,NA,275,3.96626072515712,2.24722050542442,NA,NA,0.58,"BIOMASS+BIEN+Zanne"
"GAM",5,"M1",39,"Inga edulis",1,NA,258,13.6737820247496,4.17252920900502,NA,NA,0.58,"BIOMASS+BIEN+Zanne"
"GAM",5,"M1",40,"Inga edulis",1,NA,273,8.05033117482384,3.20156211871642,NA,NA,0.58,"BIOMASS+BIEN+Zanne"
"GAM",5,"M1",41,"Inga edulis",1,NA,305,11.9144901387393,3.89486841883009,NA,NA,0.58,"BIOMASS+BIEN+Zanne"
"GAM",5,"M1",42,"Inga edulis",1,NA,299,15.2053084433746,4.4,NA,NA,0.58,"BIOMASS+BIEN+Zanne"
"GAM",5,"M1",43,"Inga edulis",1,NA,210,5.67057473972958,2.68700576850888,NA,NA,0.58,"BIOMASS+BIEN+Zanne"
"GAM",5,"M1",44,"Inga edulis",1,NA,162,NA,NA,NA,NA,0.58,"BIOMASS+BIEN+Zanne"
"GAM",5,"M1",45,"Inga edulis",1,NA,102,NA,NA,NA,NA,0.58,"BIOMASS+BIEN+Zanne"
"GAM",5,"M1",46,"Inga edulis",1,NA,310,19.9883832584651,5.04479930225178,NA,NA,0.58,"BIOMASS+BIEN+Zanne"
"GAM",5,"M1",47,"Inga edulis",1,NA,271,10.8463486365188,3.71618083521242,NA,NA,0.58,"BIOMASS+BIEN+Zanne"
"GAM",5,"M1",48,"Inga edulis",1,NA,364,25.5882721634888,5.70788927713213,NA,NA,0.58,"BIOMASS+BIEN+Zanne"
"GAM",5,"M1",49,"Inga edulis",1,NA,264,11.2076317916816,3.77756535350482,NA,NA,0.58,"BIOMASS+BIEN+Zanne"
"GAM",6,"M1",2,"Inga edulis",1,NA,154,0.950331777710913,1.1,NA,NA,0.58,"BIOMASS+BIEN+Zanne"
"GAM",6,"M1",3,"Inga edulis",1,NA,483,15.2053084433746,4.4,NA,NA,0.58,"BIOMASS+BIEN+Zanne"
"GAM",6,"M1",4,"Inga edulis",1,NA,567,49.5193542022091,7.94040301244213,NA,NA,0.58,"BIOMASS+BIEN+Zanne"
"GAM",6,"M1",5,"Inga edulis",1,NA,431,23.0043122059113,5.41202365109393,NA,NA,0.58,"BIOMASS+BIEN+Zanne"
"GAM",6,"M1",6,"Inga edulis",1,NA,482,55.9910350686041,8.44334057112468,NA,NA,0.58,"BIOMASS+BIEN+Zanne"
"GAM",6,"M1",7,"Inga edulis",1,NA,551,68.4395959584537,9.33488082409198,NA,NA,0.58,"BIOMASS+BIEN+Zanne"
"GAM",6,"M1",8,"Inga edulis",1,NA,636,58.5907029894497,8.63712915267568,NA,NA,0.58,"BIOMASS+BIEN+Zanne"
"GAM",6,"M1",9,"Inga edulis",1,NA,639,77.9586216988307,9.96293129555755,NA,NA,0.58,"BIOMASS+BIEN+Zanne"
"GAM",6,"M1",10,"Inga edulis",1,NA,638,77.9743296620987,9.96393496566492,NA,NA,0.58,"BIOMASS+BIEN+Zanne"
"GAM",6,"M1",11,"Inga edulis",1,NA,552,59.1326277221939,8.67698104181403,NA,NA,0.58,"BIOMASS+BIEN+Zanne"
"GAM",6,"M1",12,"Inga edulis",1,NA,330,21.245020319901,5.20096144957834,NA,NA,0.58,"BIOMASS+BIEN+Zanne"
"GAM",6,"M1",13,"Inga edulis",1,NA,624,43.7466777012378,7.46324326281811,NA,NA,0.58,"BIOMASS+BIEN+Zanne"
"GAM",6,"M1",14,"Inga edulis",1,NA,701,83.723444218168,10.3247275993122,NA,NA,0.58,"BIOMASS+BIEN+Zanne"
"GAM",6,"M1",15,"Inga edulis",1,NA,445,28.2193560108703,5.99416382825828,NA,NA,0.58,"BIOMASS+BIEN+Zanne"
"GAM",6,"M1",16,"Inga edulis",1,NA,664,92.629859391095,10.8600184161906,NA,NA,0.58,"BIOMASS+BIEN+Zanne"
"GAM",6,"M1",17,"Inga edulis",NA,NA,105,NA,NA,1,NA,0.58,"BIOMASS+BIEN+Zanne"
"GAM",6,"M1",18,"Inga edulis",1,NA,737,109.814371206231,11.8245507314231,NA,NA,0.58,"BIOMASS+BIEN+Zanne"
"GAM",6,"M1",19,"Inga edulis",1,NA,435,5.7255526111674,2.7,NA,NA,0.58,"BIOMASS+BIEN+Zanne"
"GAM",6,"M1",20,"Inga edulis",1,NA,551,17.3494454294496,4.7,NA,NA,0.58,"BIOMASS+BIEN+Zanne"
"GAM",6,"M1",21,"Inga edulis",1,NA,272,4.5238934211693,2.4,NA,NA,0.58,"BIOMASS+BIEN+Zanne"
"GAM",6,"M1",22,"Inga edulis",1,NA,584,37.4634923940583,6.9065186599328,NA,NA,0.58,"BIOMASS+BIEN+Zanne"
"GAM",6,"M1",23,"Inga edulis",1,NA,717,69.3977817177985,9.4,NA,NA,0.58,"BIOMASS+BIEN+Zanne"
"GAM",6,"M1",24,"Inga edulis",1,NA,599,74.5342857064178,9.74166310236604,NA,NA,0.58,"BIOMASS+BIEN+Zanne"
"GAM",6,"M1",25,"Inga edulis",1,NA,597,35.2565235549115,6.7,NA,NA,0.58,"BIOMASS+BIEN+Zanne"
"GAM",6,"M1",26,"Inga edulis",1,NA,604,36.4424747816416,6.81175454637056,NA,NA,0.58,"BIOMASS+BIEN+Zanne"
"GAM",6,"M1",27,"Inga edulis",1,NA,506,19.6349540849362,5,NA,NA,0.58,"BIOMASS+BIEN+Zanne"
"GAM",6,"M1",28,"Inga edulis",1,NA,275,10.759954838545,3.70135110466434,NA,NA,0.58,"BIOMASS+BIEN+Zanne"
"GAM",6,"M1",29,"Inga edulis",1,NA,707,83.3307451364692,10.3004854254545,NA,NA,0.58,"BIOMASS+BIEN+Zanne"
"GAM",6,"M1",30,"Inga edulis",1,NA,575,30.1907054009979,6.2,NA,NA,0.58,"BIOMASS+BIEN+Zanne"
"GAM",6,"M1",31,"Inga edulis",1,NA,646,30.1907054009979,6.2,NA,NA,0.58,"BIOMASS+BIEN+Zanne"
"GAM",6,"M1",32,"Inga edulis",1,NA,672,40.7150407905237,7.2,NA,NA,0.58,"BIOMASS+BIEN+Zanne"
"GAM",6,"M1",33,"Inga edulis",1,NA,599,27.3397100678652,5.9,NA,NA,0.58,"BIOMASS+BIEN+Zanne"
"GAM",6,"M1",34,"Inga edulis",1,NA,608,26.4207942166902,5.8,NA,NA,0.58,"BIOMASS+BIEN+Zanne"
"GAM",6,"M1",35,"Inga edulis",1,NA,621,43.7388237196039,7.46257328272225,NA,NA,0.58,"BIOMASS+BIEN+Zanne"
"GAM",6,"M1",36,"Inga edulis",1,NA,629,81.249440003466,10.171037311897,NA,NA,0.58,"BIOMASS+BIEN+Zanne"
"GAM",6,"M1",37,"Inga edulis",1,NA,680,64.4733352332965,9.06035319399856,NA,NA,0.58,"BIOMASS+BIEN+Zanne"
"GAM",6,"M1",38,"Inga edulis",1,NA,637,82.0741080750333,10.2225241501304,NA,NA,0.58,"BIOMASS+BIEN+Zanne"
"GAM",6,"M1",39,"Inga edulis",1,NA,645,70.5994409077967,9.48103369891702,NA,NA,0.58,"BIOMASS+BIEN+Zanne"
"GAM",6,"M1",40,"Inga edulis",1,NA,489,6.15752160103599,2.8,NA,NA,0.58,"BIOMASS+BIEN+Zanne"
"GAM",6,"M1",41,"Inga edulis",1,NA,543,46.5662571078347,7.7,NA,NA,0.58,"BIOMASS+BIEN+Zanne"
"GAM",6,"M1",42,"Inga edulis",1,NA,521,27.9758825802171,5.96824932455071,NA,NA,0.58,"BIOMASS+BIEN+Zanne"
"GAM",6,"M1",43,"Inga edulis",1,NA,597,33.9998864934755,6.57951365983839,NA,NA,0.58,"BIOMASS+BIEN+Zanne"
"GAM",6,"M1",44,"Inga edulis",1,NA,602,39.2856161331404,7.07248188403477,NA,NA,0.58,"BIOMASS+BIEN+Zanne"
"GAM",6,"M1",45,"Inga edulis",1,NA,785,65.0388219109427,9.1,NA,NA,0.58,"BIOMASS+BIEN+Zanne"
"GAM",6,"M1",46,"Inga edulis",1,NA,772,62.2113885227119,8.9,NA,NA,0.58,"BIOMASS+BIEN+Zanne"
"GAM",6,"M1",47,"Inga edulis",1,NA,650,63.6879370698991,9.00499861188218,NA,NA,0.58,"BIOMASS+BIEN+Zanne"
"GAM",6,"M1",48,"Inga edulis",1,NA,631,54.1060794764502,8.3,NA,NA,0.58,"BIOMASS+BIEN+Zanne"
"GAM",6,"M1",49,"Inga edulis",1,NA,576,86.1189086165302,10.4713895925994,NA,NA,0.58,"BIOMASS+BIEN+Zanne"
"GAM",1,"M2",2,"Citharexylum cooperi",1,NA,90,NA,NA,NA,NA,0.667,"BIOMASS (genus)"
"GAM",1,"M2",3,"Citharexylum cooperi",1,NA,65,NA,NA,NA,NA,0.667,"BIOMASS (genus)"
"GAM",1,"M2",4,"Citharexylum cooperi",1,NA,160,NA,NA,NA,NA,0.667,"BIOMASS (genus)"
"GAM",1,"M2",5,"Citharexylum cooperi",1,NA,70,NA,NA,NA,NA,0.667,"BIOMASS (genus)"
"GAM",1,"M2",6,"Citharexylum cooperi",1,NA,153,NA,NA,NA,NA,0.667,"BIOMASS (genus)"
"GAM",1,"M2",7,"Citharexylum cooperi",1,NA,115,NA,NA,NA,NA,0.667,"BIOMASS (genus)"
"GAM",1,"M2",8,"Citharexylum cooperi",1,NA,147,NA,NA,NA,NA,0.667,"BIOMASS (genus)"
"GAM",1,"M2",9,"Citharexylum cooperi",1,NA,136,NA,NA,NA,NA,0.667,"BIOMASS (genus)"
"GAM",1,"M2",10,"Citharexylum cooperi",1,NA,115,NA,NA,NA,NA,0.667,"BIOMASS (genus)"
"GAM",1,"M2",11,"Citharexylum cooperi",1,NA,110,NA,NA,NA,NA,0.667,"BIOMASS (genus)"
"GAM",1,"M2",12,"Citharexylum cooperi",1,NA,136,NA,NA,NA,NA,0.667,"BIOMASS (genus)"
"GAM",1,"M2",13,"Citharexylum cooperi",1,NA,215,0.785398163397448,1,NA,NA,0.667,"BIOMASS (genus)"
"GAM",1,"M2",14,"Citharexylum cooperi",1,NA,123,NA,NA,NA,NA,0.667,"BIOMASS (genus)"
"GAM",1,"M2",15,"Citharexylum cooperi",1,NA,98,NA,NA,NA,NA,0.667,"BIOMASS (genus)"
"GAM",1,"M2",16,"Citharexylum cooperi",1,NA,145,NA,NA,NA,NA,0.667,"BIOMASS (genus)"
"GAM",1,"M2",17,"Citharexylum cooperi",1,NA,140,NA,NA,NA,NA,0.667,"BIOMASS (genus)"
"GAM",1,"M2",18,"Citharexylum cooperi",1,NA,280,NA,NA,NA,NA,0.667,"BIOMASS (genus)"
"GAM",1,"M2",19,"Citharexylum cooperi",1,NA,164,NA,NA,NA,NA,0.667,"BIOMASS (genus)"
"GAM",1,"M2",20,"Citharexylum cooperi",1,NA,85,NA,NA,NA,NA,0.667,"BIOMASS (genus)"
"GAM",1,"M2",21,"Citharexylum cooperi",1,NA,135,NA,NA,NA,NA,0.667,"BIOMASS (genus)"
"GAM",1,"M2",22,"Citharexylum cooperi",1,NA,75,NA,NA,NA,NA,0.667,"BIOMASS (genus)"
"GAM",1,"M2",23,"Citharexylum cooperi",1,NA,150,NA,NA,NA,NA,0.667,"BIOMASS (genus)"
"GAM",1,"M2",24,"Citharexylum cooperi",1,NA,100,NA,NA,NA,NA,0.667,"BIOMASS (genus)"
"GAM",1,"M2",25,"Citharexylum cooperi",1,NA,230,3.09446876378595,1.98494332412792,NA,NA,0.667,"BIOMASS (genus)"
"GAM",1,"M2",26,"Citharexylum cooperi",1,NA,160,NA,NA,NA,NA,0.667,"BIOMASS (genus)"
"GAM",1,"M2",27,"Citharexylum cooperi",1,NA,195,0.785398163397448,1,NA,NA,0.667,"BIOMASS (genus)"
"GAM",1,"M2",28,"Citharexylum cooperi",1,NA,154,NA,NA,NA,NA,0.667,"BIOMASS (genus)"
"GAM",1,"M2",29,"Citharexylum cooperi",1,NA,72,NA,NA,NA,NA,0.667,"BIOMASS (genus)"
"GAM",1,"M2",30,"Citharexylum cooperi",1,NA,185,0.950331777710913,1.1,NA,NA,0.667,"BIOMASS (genus)"
"GAM",1,"M2",31,"Citharexylum cooperi",1,NA,248,2.83528736986479,1.9,NA,NA,0.667,"BIOMASS (genus)"
"GAM",1,"M2",32,"Citharexylum cooperi",1,NA,140,NA,NA,NA,NA,0.667,"BIOMASS (genus)"
"GAM",1,"M2",33,"Citharexylum cooperi",1,NA,165,NA,NA,NA,NA,0.667,"BIOMASS (genus)"
"GAM",1,"M2",34,"Citharexylum cooperi",1,NA,266,1.76714586764426,1.5,NA,NA,0.667,"BIOMASS (genus)"
"GAM",1,"M2",35,"Citharexylum cooperi",1,NA,95,NA,NA,NA,NA,0.667,"BIOMASS (genus)"
"GAM",1,"M2",36,"Citharexylum cooperi",1,NA,190,NA,NA,NA,NA,0.667,"BIOMASS (genus)"
"GAM",1,"M2",37,"Citharexylum cooperi",1,NA,304,NA,NA,NA,NA,0.667,"BIOMASS (genus)"
"GAM",1,"M2",38,"Citharexylum cooperi",1,NA,190,NA,NA,NA,NA,0.667,"BIOMASS (genus)"
"GAM",1,"M2",39,"Citharexylum cooperi",1,NA,160,NA,NA,NA,NA,0.667,"BIOMASS (genus)"
"GAM",1,"M2",40,"Citharexylum cooperi",1,NA,225,2.26980069221863,1.7,NA,NA,0.667,"BIOMASS (genus)"
"GAM",1,"M2",41,"Citharexylum cooperi",1,NA,170,NA,NA,NA,NA,0.667,"BIOMASS (genus)"
"GAM",1,"M2",42,"Citharexylum cooperi",1,NA,210,3.09446876378595,1.98494332412792,NA,NA,0.667,"BIOMASS (genus)"
"GAM",1,"M2",43,"Citharexylum cooperi",1,NA,120,NA,NA,NA,NA,0.667,"BIOMASS (genus)"
"GAM",1,"M2",44,"Citharexylum cooperi",1,NA,210,2.54469004940773,1.8,NA,NA,0.667,"BIOMASS (genus)"
"GAM",1,"M2",45,"Citharexylum cooperi",1,NA,165,0.950331777710913,1.1,NA,NA,0.667,"BIOMASS (genus)"
"GAM",1,"M2",46,"Citharexylum cooperi",1,NA,300,7.06858347057703,3,NA,NA,0.667,"BIOMASS (genus)"
"GAM",1,"M2",47,"Citharexylum cooperi",1,NA,224,4.08407044966673,2.28035085019828,NA,NA,0.667,"BIOMASS (genus)"
"GAM",1,"M2",48,"Citharexylum cooperi",1,NA,210,1.13097335529233,1.2,NA,NA,0.667,"BIOMASS (genus)"
"GAM",1,"M2",49,"Citharexylum cooperi",1,NA,220,2.01061929829747,1.6,NA,NA,0.667,"BIOMASS (genus)"
"GAM",2,"M2",2,"Citharexylum cooperi",1,NA,80,NA,NA,NA,NA,0.667,"BIOMASS (genus)"
"GAM",2,"M2",3,"Citharexylum cooperi",1,NA,152,NA,NA,NA,NA,0.667,"BIOMASS (genus)"
"GAM",2,"M2",4,"Citharexylum cooperi",1,NA,156,NA,NA,NA,NA,0.667,"BIOMASS (genus)"
"GAM",2,"M2",5,"Citharexylum cooperi",1,NA,130,NA,NA,NA,NA,0.667,"BIOMASS (genus)"
"GAM",2,"M2",6,"Citharexylum cooperi",1,NA,123,NA,NA,NA,NA,0.667,"BIOMASS (genus)"
"GAM",2,"M2",7,"Citharexylum cooperi",1,NA,152,NA,NA,NA,NA,0.667,"BIOMASS (genus)"
"GAM",2,"M2",8,"Citharexylum cooperi",1,NA,165,NA,NA,NA,NA,0.667,"BIOMASS (genus)"
"GAM",2,"M2",9,"Citharexylum cooperi",1,NA,90,NA,NA,NA,NA,0.667,"BIOMASS (genus)"
"GAM",2,"M2",10,"Citharexylum cooperi",1,NA,108,NA,NA,NA,NA,0.667,"BIOMASS (genus)"
"GAM",2,"M2",11,"Citharexylum cooperi",1,NA,120,NA,NA,NA,NA,0.667,"BIOMASS (genus)"
"GAM",2,"M2",12,"Citharexylum cooperi",1,NA,124,NA,NA,NA,NA,0.667,"BIOMASS (genus)"
"GAM",2,"M2",13,"Citharexylum cooperi",1,NA,118,NA,NA,NA,NA,0.667,"BIOMASS (genus)"
"GAM",2,"M2",14,"Citharexylum cooperi",1,NA,137,NA,NA,NA,NA,0.667,"BIOMASS (genus)"
"GAM",2,"M2",15,"Citharexylum cooperi",1,NA,174,NA,NA,NA,NA,0.667,"BIOMASS (genus)"
"GAM",2,"M2",16,"Citharexylum cooperi",1,NA,150,NA,NA,NA,NA,0.667,"BIOMASS (genus)"
"GAM",2,"M2",17,"Citharexylum cooperi",1,NA,215,1.539380400259,1.4,NA,NA,0.667,"BIOMASS (genus)"
"GAM",2,"M2",18,"Citharexylum cooperi",1,NA,100,NA,NA,NA,NA,0.667,"BIOMASS (genus)"
"GAM",2,"M2",19,"Citharexylum cooperi",1,NA,95,NA,NA,NA,NA,0.667,"BIOMASS (genus)"
"GAM",2,"M2",20,"Citharexylum cooperi",1,NA,97,NA,NA,NA,NA,0.667,"BIOMASS (genus)"
"GAM",2,"M2",21,"Citharexylum cooperi",1,NA,120,NA,NA,NA,NA,0.667,"BIOMASS (genus)"
"GAM",2,"M2",22,"Citharexylum cooperi",1,NA,166,NA,NA,NA,NA,0.667,"BIOMASS (genus)"
"GAM",2,"M2",23,"Citharexylum cooperi",1,NA,150,NA,NA,NA,NA,0.667,"BIOMASS (genus)"
"GAM",2,"M2",24,"Citharexylum cooperi",1,NA,150,NA,NA,NA,NA,0.667,"BIOMASS (genus)"
"GAM",2,"M2",25,"Citharexylum cooperi",1,NA,100,NA,NA,NA,NA,0.667,"BIOMASS (genus)"
"GAM",2,"M2",26,"Citharexylum cooperi",1,NA,115,NA,NA,NA,NA,0.667,"BIOMASS (genus)"
"GAM",2,"M2",27,"Citharexylum cooperi",1,NA,100,NA,NA,NA,NA,0.667,"BIOMASS (genus)"
"GAM",2,"M2",28,"Citharexylum cooperi",1,NA,170,1.76714586764426,1.5,NA,NA,0.667,"BIOMASS (genus)"
"GAM",2,"M2",29,"Citharexylum cooperi",1,NA,100,NA,NA,NA,NA,0.667,"BIOMASS (genus)"
"GAM",2,"M2",30,"Citharexylum cooperi",1,NA,120,NA,NA,NA,NA,0.667,"BIOMASS (genus)"
"GAM",2,"M2",31,"Citharexylum cooperi",1,NA,205,0.785398163397448,1,NA,NA,0.667,"BIOMASS (genus)"
"GAM",2,"M2",32,"Citharexylum cooperi",1,NA,150,NA,NA,NA,NA,0.667,"BIOMASS (genus)"
"GAM",2,"M2",33,"Citharexylum cooperi",1,NA,135,NA,NA,NA,NA,0.667,"BIOMASS (genus)"
"GAM",2,"M2",34,"Citharexylum cooperi",1,NA,102,NA,NA,NA,NA,0.667,"BIOMASS (genus)"
"GAM",2,"M2",35,"Citharexylum cooperi",1,NA,110,NA,NA,NA,NA,0.667,"BIOMASS (genus)"
"GAM",2,"M2",36,"Citharexylum cooperi",1,NA,126,NA,NA,NA,NA,0.667,"BIOMASS (genus)"
"GAM",2,"M2",37,"Citharexylum cooperi",1,NA,180,1.13097335529233,1.2,NA,NA,0.667,"BIOMASS (genus)"
"GAM",2,"M2",38,"Citharexylum cooperi",1,NA,190,0.950331777710913,1.1,NA,NA,0.667,"BIOMASS (genus)"
"GAM",2,"M2",39,"Citharexylum cooperi",1,NA,148,NA,NA,NA,NA,0.667,"BIOMASS (genus)"
"GAM",2,"M2",40,"Citharexylum cooperi",1,NA,114,NA,NA,NA,NA,0.667,"BIOMASS (genus)"
"GAM",2,"M2",41,"Citharexylum cooperi",1,NA,130,NA,NA,NA,NA,0.667,"BIOMASS (genus)"
"GAM",2,"M2",42,"Citharexylum cooperi",1,NA,95,NA,NA,NA,NA,0.667,"BIOMASS (genus)"
"GAM",2,"M2",43,"Citharexylum cooperi",1,NA,195,1.32732289614169,1.3,NA,NA,0.667,"BIOMASS (genus)"
"GAM",2,"M2",44,"Citharexylum cooperi",1,NA,130,NA,NA,NA,NA,0.667,"BIOMASS (genus)"
"GAM",2,"M2",45,"Citharexylum cooperi",1,NA,180,NA,NA,NA,NA,0.667,"BIOMASS (genus)"
"GAM",2,"M2",46,"Citharexylum cooperi",1,NA,104,NA,NA,NA,NA,0.667,"BIOMASS (genus)"
"GAM",2,"M2",47,"Citharexylum cooperi",1,NA,95,NA,NA,NA,NA,0.667,"BIOMASS (genus)"
"GAM",2,"M2",48,"Citharexylum cooperi",1,NA,155,NA,NA,NA,NA,0.667,"BIOMASS (genus)"
"GAM",2,"M2",49,"Citharexylum cooperi",1,NA,115,NA,NA,NA,NA,0.667,"BIOMASS (genus)"
"GAM",3,"M2",2,"Citharexylum cooperi",1,NA,250,4.16261026600648,2.30217288664427,NA,NA,0.667,"BIOMASS (genus)"
"GAM",3,"M2",3,"Citharexylum cooperi",1,NA,122,NA,NA,NA,NA,0.667,"BIOMASS (genus)"
"GAM",3,"M2",4,"Citharexylum cooperi",1,NA,164,NA,NA,NA,NA,0.667,"BIOMASS (genus)"
"GAM",3,"M2",5,"Citharexylum cooperi",1,NA,166,NA,NA,NA,NA,0.667,"BIOMASS (genus)"
"GAM",3,"M2",6,"Citharexylum cooperi",1,NA,248,2.54469004940773,1.8,NA,NA,0.667,"BIOMASS (genus)"
"GAM",3,"M2",7,"Citharexylum cooperi",1,NA,245,3.14159265358979,2,NA,NA,0.667,"BIOMASS (genus)"
"GAM",3,"M2",8,"Citharexylum cooperi",1,NA,132,NA,NA,NA,NA,0.667,"BIOMASS (genus)"
"GAM",3,"M2",9,"Citharexylum cooperi",1,NA,163,0.950331777710913,1.1,NA,NA,0.667,"BIOMASS (genus)"
"GAM",3,"M2",10,"Citharexylum cooperi",1,NA,204,4.25685804561417,2.32808934536456,NA,NA,0.667,"BIOMASS (genus)"
"GAM",3,"M2",11,"Citharexylum cooperi",1,NA,158,3.99767665169302,2.2561028345357,NA,NA,0.667,"BIOMASS (genus)"
"GAM",3,"M2",12,"Citharexylum cooperi",1,NA,220,1.32732289614169,1.3,NA,NA,0.667,"BIOMASS (genus)"
"GAM",3,"M2",13,"Citharexylum cooperi",1,NA,212,2.26980069221863,1.7,NA,NA,0.667,"BIOMASS (genus)"
"GAM",3,"M2",14,"Citharexylum cooperi",1,NA,132,NA,NA,NA,NA,0.667,"BIOMASS (genus)"
"GAM",3,"M2",15,"Citharexylum cooperi",1,NA,111,NA,NA,NA,NA,0.667,"BIOMASS (genus)"
"GAM",3,"M2",16,"Citharexylum cooperi",1,NA,182,2.26980069221863,1.7,NA,NA,0.667,"BIOMASS (genus)"
"GAM",3,"M2",17,"Citharexylum cooperi",1,NA,151,0.950331777710913,1.1,NA,NA,0.667,"BIOMASS (genus)"
"GAM",3,"M2",18,"Citharexylum cooperi",1,NA,172,NA,NA,NA,NA,0.667,"BIOMASS (genus)"
"GAM",3,"M2",19,"Citharexylum cooperi",1,NA,210,2.01061929829747,1.6,NA,NA,0.667,"BIOMASS (genus)"
"GAM",3,"M2",20,"Citharexylum cooperi",1,NA,180,2.26980069221863,1.7,NA,NA,0.667,"BIOMASS (genus)"
"GAM",3,"M2",21,"Citharexylum cooperi",1,NA,269,3.14159265358979,2,NA,NA,0.667,"BIOMASS (genus)"
"GAM",3,"M2",22,"Citharexylum cooperi",1,NA,200,1.13097335529233,1.2,NA,NA,0.667,"BIOMASS (genus)"
"GAM",3,"M2",23,"Citharexylum cooperi",1,NA,108,NA,NA,NA,NA,0.667,"BIOMASS (genus)"
"GAM",3,"M2",24,"Citharexylum cooperi",1,NA,208,2.54469004940773,1.8,NA,NA,0.667,"BIOMASS (genus)"
"GAM",3,"M2",25,"Citharexylum cooperi",1,NA,81,NA,NA,NA,NA,0.667,"BIOMASS (genus)"
"GAM",3,"M2",26,"Citharexylum cooperi",1,NA,244,1.32732289614169,1.3,NA,NA,0.667,"BIOMASS (genus)"
"GAM",3,"M2",27,"Citharexylum cooperi",1,NA,230,1.76714586764426,1.5,NA,NA,0.667,"BIOMASS (genus)"
"GAM",3,"M2",28,"Citharexylum cooperi",1,NA,212,1.76714586764426,1.5,NA,NA,0.667,"BIOMASS (genus)"
"GAM",3,"M2",29,"Citharexylum cooperi",1,NA,166,3.46360590058275,2.1,NA,NA,0.667,"BIOMASS (genus)"
"GAM",3,"M2",30,"Citharexylum cooperi",1,NA,120,NA,NA,NA,NA,0.667,"BIOMASS (genus)"
"GAM",3,"M2",31,"Citharexylum cooperi",1,NA,116,NA,NA,NA,NA,0.667,"BIOMASS (genus)"
"GAM",3,"M2",32,"Citharexylum cooperi",1,NA,162,NA,NA,NA,NA,0.667,"BIOMASS (genus)"
"GAM",3,"M2",33,"Citharexylum cooperi",1,NA,111,NA,NA,NA,NA,0.667,"BIOMASS (genus)"
"GAM",3,"M2",34,"Citharexylum cooperi",1,NA,176,1.32732289614169,1.3,NA,NA,0.667,"BIOMASS (genus)"
"GAM",3,"M2",35,"Citharexylum cooperi",1,NA,344,5.30929158456675,2.6,NA,NA,0.667,"BIOMASS (genus)"
"GAM",3,"M2",36,"Citharexylum cooperi",1,NA,119,NA,NA,NA,NA,0.667,"BIOMASS (genus)"
"GAM",3,"M2",37,"Citharexylum cooperi",1,NA,150,NA,NA,NA,NA,0.667,"BIOMASS (genus)"
"GAM",3,"M2",38,"Citharexylum cooperi",1,NA,149,NA,NA,NA,NA,0.667,"BIOMASS (genus)"
"GAM",3,"M2",39,"Citharexylum cooperi",1,NA,132,NA,NA,NA,NA,0.667,"BIOMASS (genus)"
"GAM",3,"M2",40,"Citharexylum cooperi",1,NA,180,NA,NA,NA,NA,0.667,"BIOMASS (genus)"
"GAM",3,"M2",41,"Citharexylum cooperi",1,NA,183,1.73572994110836,1.48660687473185,NA,NA,0.667,"BIOMASS (genus)"
"GAM",3,"M2",42,"Citharexylum cooperi",1,NA,218,1.32732289614169,1.3,NA,NA,0.667,"BIOMASS (genus)"
"GAM",3,"M2",43,"Citharexylum cooperi",1,NA,138,NA,NA,NA,NA,0.667,"BIOMASS (genus)"
"GAM",3,"M2",44,"Citharexylum cooperi",1,NA,148,NA,NA,NA,NA,0.667,"BIOMASS (genus)"
"GAM",3,"M2",45,"Citharexylum cooperi",1,NA,100,NA,NA,NA,NA,0.667,"BIOMASS (genus)"
"GAM",3,"M2",46,"Citharexylum cooperi",1,NA,117,NA,NA,NA,NA,0.667,"BIOMASS (genus)"
"GAM",3,"M2",47,"Citharexylum cooperi",1,NA,173,NA,NA,NA,NA,0.667,"BIOMASS (genus)"
"GAM",3,"M2",48,"Citharexylum cooperi",1,NA,244,1.32732289614169,1.3,NA,NA,0.667,"BIOMASS (genus)"
"GAM",3,"M2",49,"Citharexylum cooperi",1,NA,236,3.14159265358979,2,NA,NA,0.667,"BIOMASS (genus)"
"GAM",4,"M2",2,"Citharexylum cooperi",1,NA,140,NA,NA,NA,NA,0.667,"BIOMASS (genus)"
"GAM",4,"M2",3,"Citharexylum cooperi",1,NA,140,NA,NA,NA,NA,0.667,"BIOMASS (genus)"
"GAM",4,"M2",4,"Citharexylum cooperi",1,NA,195,2.26980069221863,1.7,NA,NA,0.667,"BIOMASS (genus)"
"GAM",4,"M2",5,"Citharexylum cooperi",1,NA,122,NA,NA,NA,NA,0.667,"BIOMASS (genus)"
"GAM",4,"M2",6,"Citharexylum cooperi",1,NA,150,NA,NA,NA,NA,0.667,"BIOMASS (genus)"
"GAM",4,"M2",7,"Citharexylum cooperi",1,NA,190,1.13097335529233,1.2,NA,NA,0.667,"BIOMASS (genus)"
"GAM",4,"M2",8,"Citharexylum cooperi",1,NA,145,NA,NA,NA,NA,0.667,"BIOMASS (genus)"
"GAM",4,"M2",9,"Citharexylum cooperi",1,NA,195,1.539380400259,1.4,NA,NA,0.667,"BIOMASS (genus)"
"GAM",4,"M2",10,"Citharexylum cooperi",1,NA,130,NA,NA,NA,NA,0.667,"BIOMASS (genus)"
"GAM",4,"M2",11,"Citharexylum cooperi",1,NA,100,NA,NA,NA,NA,0.667,"BIOMASS (genus)"
"GAM",4,"M2",12,"Citharexylum cooperi",1,NA,102,NA,NA,NA,NA,0.667,"BIOMASS (genus)"
"GAM",4,"M2",13,"Citharexylum cooperi",1,NA,105,NA,NA,NA,NA,0.667,"BIOMASS (genus)"
"GAM",4,"M2",14,"Citharexylum cooperi",1,NA,193,0.785398163397448,1,NA,NA,0.667,"BIOMASS (genus)"
"GAM",4,"M2",15,"Citharexylum cooperi",1,NA,15,NA,NA,NA,NA,0.667,"BIOMASS (genus)"
"GAM",4,"M2",16,"Citharexylum cooperi",1,NA,150,NA,NA,NA,NA,0.667,"BIOMASS (genus)"
"GAM",4,"M2",17,"Citharexylum cooperi",1,NA,175,1.539380400259,1.4,NA,NA,0.667,"BIOMASS (genus)"
"GAM",4,"M2",18,"Citharexylum cooperi",1,NA,140,NA,NA,NA,NA,0.667,"BIOMASS (genus)"
"GAM",4,"M2",19,"Citharexylum cooperi",1,NA,200,0.950331777710913,1.1,NA,NA,0.667,"BIOMASS (genus)"
"GAM",4,"M2",20,"Citharexylum cooperi",1,NA,230,1.76714586764426,1.5,NA,NA,0.667,"BIOMASS (genus)"
"GAM",4,"M2",21,"Citharexylum cooperi",1,NA,130,NA,NA,NA,NA,0.667,"BIOMASS (genus)"
"GAM",4,"M2",22,"Citharexylum cooperi",1,NA,144,NA,NA,NA,NA,0.667,"BIOMASS (genus)"
"GAM",4,"M2",23,"Citharexylum cooperi",1,NA,145,NA,NA,NA,NA,0.667,"BIOMASS (genus)"
"GAM",4,"M2",24,"Citharexylum cooperi",1,NA,210,2.01061929829747,1.6,NA,NA,0.667,"BIOMASS (genus)"
"GAM",4,"M2",25,"Citharexylum cooperi",1,NA,175,NA,NA,NA,NA,0.667,"BIOMASS (genus)"
"GAM",4,"M2",26,"Citharexylum cooperi",1,NA,230,3.14159265358979,2,NA,NA,0.667,"BIOMASS (genus)"
"GAM",4,"M2",27,"Citharexylum cooperi",1,NA,195,0.785398163397448,1,NA,NA,0.667,"BIOMASS (genus)"
"GAM",4,"M2",28,"Citharexylum cooperi",1,NA,290,3.80132711084365,2.2,NA,NA,0.667,"BIOMASS (genus)"
"GAM",4,"M2",29,"Citharexylum cooperi",1,NA,120,NA,NA,NA,NA,0.667,"BIOMASS (genus)"
"GAM",4,"M2",30,"Citharexylum cooperi",1,NA,140,NA,NA,NA,NA,0.667,"BIOMASS (genus)"
"GAM",4,"M2",31,"Citharexylum cooperi",1,NA,115,NA,NA,NA,NA,0.667,"BIOMASS (genus)"
"GAM",4,"M2",32,"Citharexylum cooperi",1,NA,260,1.539380400259,1.4,NA,NA,0.667,"BIOMASS (genus)"
"GAM",4,"M2",33,"Citharexylum cooperi",1,NA,150,NA,NA,NA,NA,0.667,"BIOMASS (genus)"
"GAM",4,"M2",34,"Citharexylum cooperi",1,NA,120,NA,NA,NA,NA,0.667,"BIOMASS (genus)"
"GAM",4,"M2",35,"Citharexylum cooperi",1,NA,133,NA,NA,NA,NA,0.667,"BIOMASS (genus)"
"GAM",4,"M2",36,"Citharexylum cooperi",1,NA,104,NA,NA,NA,NA,0.667,"BIOMASS (genus)"
"GAM",4,"M2",37,"Citharexylum cooperi",1,NA,156,NA,NA,NA,NA,0.667,"BIOMASS (genus)"
"GAM",4,"M2",38,"Citharexylum cooperi",1,NA,150,NA,NA,NA,NA,0.667,"BIOMASS (genus)"
"GAM",4,"M2",39,"Citharexylum cooperi",1,NA,168,0.785398163397448,1,NA,NA,0.667,"BIOMASS (genus)"
"GAM",4,"M2",40,"Citharexylum cooperi",1,NA,106,NA,NA,NA,NA,0.667,"BIOMASS (genus)"
"GAM",4,"M2",41,"Citharexylum cooperi",1,NA,177,NA,NA,NA,NA,0.667,"BIOMASS (genus)"
"GAM",4,"M2",42,"Citharexylum cooperi",1,NA,160,NA,NA,NA,NA,0.667,"BIOMASS (genus)"
"GAM",4,"M2",43,"Citharexylum cooperi",1,NA,149,NA,NA,NA,NA,0.667,"BIOMASS (genus)"
"GAM",4,"M2",44,"Citharexylum cooperi",1,NA,76,NA,NA,NA,NA,0.667,"BIOMASS (genus)"
"GAM",4,"M2",45,"Citharexylum cooperi",1,NA,118,NA,NA,NA,NA,0.667,"BIOMASS (genus)"
"GAM",4,"M2",46,"Citharexylum cooperi",1,NA,250,4.90873852123405,2.5,NA,NA,0.667,"BIOMASS (genus)"
"GAM",4,"M2",47,"Citharexylum cooperi",1,NA,164,NA,NA,NA,NA,0.667,"BIOMASS (genus)"
"GAM",4,"M2",48,"Citharexylum cooperi",1,NA,134,NA,NA,NA,NA,0.667,"BIOMASS (genus)"
"GAM",4,"M2",49,"Citharexylum cooperi",1,NA,86,NA,NA,NA,NA,0.667,"BIOMASS (genus)"
"GAM",5,"M2",2,"Citharexylum cooperi",1,NA,210,2.54469004940773,1.8,NA,NA,0.667,"BIOMASS (genus)"
"GAM",5,"M2",3,"Citharexylum cooperi",1,NA,195,1.13097335529233,1.2,NA,NA,0.667,"BIOMASS (genus)"
"GAM",5,"M2",4,"Citharexylum cooperi",1,NA,90,NA,NA,NA,NA,0.667,"BIOMASS (genus)"
"GAM",5,"M2",5,"Citharexylum cooperi",1,NA,100,NA,NA,NA,NA,0.667,"BIOMASS (genus)"
"GAM",5,"M2",6,"Citharexylum cooperi",1,NA,128,NA,NA,NA,NA,0.667,"BIOMASS (genus)"
"GAM",5,"M2",7,"Citharexylum cooperi",1,NA,72,NA,NA,NA,NA,0.667,"BIOMASS (genus)"
"GAM",5,"M2",8,"Citharexylum cooperi",1,NA,163,NA,NA,NA,NA,0.667,"BIOMASS (genus)"
"GAM",5,"M2",9,"Citharexylum cooperi",1,NA,160,NA,NA,NA,NA,0.667,"BIOMASS (genus)"
"GAM",5,"M2",10,"Citharexylum cooperi",1,NA,205,1.13097335529233,1.2,NA,NA,0.667,"BIOMASS (genus)"
"GAM",5,"M2",11,"Citharexylum cooperi",1,NA,135,NA,NA,NA,NA,0.667,"BIOMASS (genus)"
"GAM",5,"M2",12,"Citharexylum cooperi",1,NA,142,NA,NA,NA,NA,0.667,"BIOMASS (genus)"
"GAM",5,"M2",13,"Citharexylum cooperi",1,NA,120,NA,NA,NA,NA,0.667,"BIOMASS (genus)"
"GAM",5,"M2",14,"Citharexylum cooperi",1,NA,77,NA,NA,NA,NA,0.667,"BIOMASS (genus)"
"GAM",5,"M2",15,"Citharexylum cooperi",1,NA,90,NA,NA,NA,NA,0.667,"BIOMASS (genus)"
"GAM",5,"M2",16,"Citharexylum cooperi",1,NA,118,NA,NA,NA,NA,0.667,"BIOMASS (genus)"
"GAM",5,"M2",17,"Citharexylum cooperi",1,NA,100,NA,NA,NA,NA,0.667,"BIOMASS (genus)"
"GAM",5,"M2",18,"Citharexylum cooperi",1,NA,110,NA,NA,NA,NA,0.667,"BIOMASS (genus)"
"GAM",5,"M2",19,"Citharexylum cooperi",1,NA,118,NA,NA,NA,NA,0.667,"BIOMASS (genus)"
"GAM",5,"M2",20,"Citharexylum cooperi",1,NA,105,NA,NA,NA,NA,0.667,"BIOMASS (genus)"
"GAM",5,"M2",21,"Citharexylum cooperi",1,NA,176,NA,NA,NA,NA,0.667,"BIOMASS (genus)"
"GAM",5,"M2",22,"Citharexylum cooperi",1,NA,120,NA,NA,NA,NA,0.667,"BIOMASS (genus)"
"GAM",5,"M2",23,"Citharexylum cooperi",1,NA,106,NA,NA,NA,NA,0.667,"BIOMASS (genus)"
"GAM",5,"M2",24,"Citharexylum cooperi",1,NA,150,NA,NA,NA,NA,0.667,"BIOMASS (genus)"
"GAM",5,"M2",25,"Citharexylum cooperi",1,NA,133,NA,NA,NA,NA,0.667,"BIOMASS (genus)"
"GAM",5,"M2",26,"Citharexylum cooperi",1,NA,76,NA,NA,NA,NA,0.667,"BIOMASS (genus)"
"GAM",5,"M2",27,"Citharexylum cooperi",1,NA,150,NA,NA,NA,NA,0.667,"BIOMASS (genus)"
"GAM",5,"M2",28,"Citharexylum cooperi",1,NA,170,NA,NA,NA,NA,0.667,"BIOMASS (genus)"
"GAM",5,"M2",29,"Citharexylum cooperi",1,NA,175,0.785398163397448,1,NA,NA,0.667,"BIOMASS (genus)"
"GAM",5,"M2",30,"Citharexylum cooperi",1,NA,177,NA,NA,NA,NA,0.667,"BIOMASS (genus)"
"GAM",5,"M2",31,"Citharexylum cooperi",1,NA,140,NA,NA,NA,NA,0.667,"BIOMASS (genus)"
"GAM",5,"M2",32,"Citharexylum cooperi",1,NA,150,NA,NA,NA,NA,0.667,"BIOMASS (genus)"
"GAM",5,"M2",33,"Citharexylum cooperi",1,NA,138,NA,NA,NA,NA,0.667,"BIOMASS (genus)"
"GAM",5,"M2",34,"Citharexylum cooperi",1,NA,130,NA,NA,NA,NA,0.667,"BIOMASS (genus)"
"GAM",5,"M2",35,"Citharexylum cooperi",1,NA,175,1.32732289614169,1.3,NA,NA,0.667,"BIOMASS (genus)"
"GAM",5,"M2",36,"Citharexylum cooperi",1,NA,300,4.90873852123405,2.5,NA,NA,0.667,"BIOMASS (genus)"
"GAM",5,"M2",37,"Citharexylum cooperi",1,NA,152,NA,NA,NA,NA,0.667,"BIOMASS (genus)"
"GAM",5,"M2",38,"Citharexylum cooperi",1,NA,154,NA,NA,NA,NA,0.667,"BIOMASS (genus)"
"GAM",5,"M2",39,"Citharexylum cooperi",1,NA,110,NA,NA,NA,NA,0.667,"BIOMASS (genus)"
"GAM",5,"M2",40,"Citharexylum cooperi",1,NA,160,NA,NA,NA,NA,0.667,"BIOMASS (genus)"
"GAM",5,"M2",41,"Citharexylum cooperi",1,NA,173,NA,NA,NA,NA,0.667,"BIOMASS (genus)"
"GAM",5,"M2",42,"Citharexylum cooperi",1,NA,220,4.90873852123405,2.5,NA,NA,0.667,"BIOMASS (genus)"
"GAM",5,"M2",43,"Citharexylum cooperi",1,NA,250,4.1547562843725,2.3,NA,NA,0.667,"BIOMASS (genus)"
"GAM",5,"M2",44,"Citharexylum cooperi",1,NA,224,2.01061929829747,1.6,NA,NA,0.667,"BIOMASS (genus)"
"GAM",5,"M2",45,"Citharexylum cooperi",1,NA,85,NA,NA,NA,NA,0.667,"BIOMASS (genus)"
"GAM",5,"M2",46,"Citharexylum cooperi",1,NA,90,NA,NA,NA,NA,0.667,"BIOMASS (genus)"
"GAM",5,"M2",47,"Citharexylum cooperi",1,NA,250,1.76714586764426,1.5,NA,NA,0.667,"BIOMASS (genus)"
"GAM",5,"M2",48,"Citharexylum cooperi",1,NA,180,1.539380400259,1.4,NA,NA,0.667,"BIOMASS (genus)"
"GAM",5,"M2",49,"Citharexylum cooperi",1,NA,180,1.13097335529233,1.2,NA,NA,0.667,"BIOMASS (genus)"
"GAM",6,"M2",2,"N/A",NA,NA,NA,NA,NA,NA,NA,NA,NA
"GAM",6,"M2",3,"N/A",NA,NA,NA,NA,NA,NA,NA,NA,NA
"GAM",6,"M2",4,"N/A",NA,NA,NA,NA,NA,NA,NA,NA,NA
"GAM",6,"M2",5,"N/A",NA,NA,NA,NA,NA,NA,NA,NA,NA
"GAM",6,"M2",6,"N/A",NA,NA,NA,NA,NA,NA,NA,NA,NA
"GAM",6,"M2",7,"N/A",NA,NA,NA,NA,NA,NA,NA,NA,NA
"GAM",6,"M2",8,"N/A",NA,NA,NA,NA,NA,NA,NA,NA,NA
"GAM",6,"M2",9,"N/A",NA,NA,NA,NA,NA,NA,NA,NA,NA
"GAM",6,"M2",10,"N/A",NA,NA,NA,NA,NA,NA,NA,NA,NA
"GAM",6,"M2",11,"N/A",NA,NA,NA,NA,NA,NA,NA,NA,NA
"GAM",6,"M2",12,"N/A",NA,NA,NA,NA,NA,NA,NA,NA,NA
"GAM",6,"M2",13,"N/A",NA,NA,NA,NA,NA,NA,NA,NA,NA
"GAM",6,"M2",14,"N/A",NA,NA,NA,NA,NA,NA,NA,NA,NA
"GAM",6,"M2",15,"N/A",NA,NA,NA,NA,NA,NA,NA,NA,NA
"GAM",6,"M2",16,"N/A",NA,NA,NA,NA,NA,NA,NA,NA,NA
"GAM",6,"M2",17,"N/A",NA,NA,NA,NA,NA,NA,NA,NA,NA
"GAM",6,"M2",18,"N/A",NA,NA,NA,NA,NA,NA,NA,NA,NA
"GAM",6,"M2",19,"N/A",NA,NA,NA,NA,NA,NA,NA,NA,NA
"GAM",6,"M2",20,"N/A",NA,NA,NA,NA,NA,NA,NA,NA,NA
"GAM",6,"M2",21,"N/A",NA,NA,NA,NA,NA,NA,NA,NA,NA
"GAM",6,"M2",22,"N/A",NA,NA,NA,NA,NA,NA,NA,NA,NA
"GAM",6,"M2",23,"N/A",NA,NA,NA,NA,NA,NA,NA,NA,NA
"GAM",6,"M2",24,"N/A",NA,NA,NA,NA,NA,NA,NA,NA,NA
"GAM",6,"M2",25,"N/A",NA,NA,NA,NA,NA,NA,NA,NA,NA
"GAM",6,"M2",26,"N/A",NA,NA,NA,NA,NA,NA,NA,NA,NA
"GAM",6,"M2",27,"N/A",NA,NA,NA,NA,NA,NA,NA,NA,NA
"GAM",6,"M2",28,"N/A",NA,NA,NA,NA,NA,NA,NA,NA,NA
"GAM",6,"M2",29,"N/A",NA,NA,NA,NA,NA,NA,NA,NA,NA
"GAM",6,"M2",30,"N/A",NA,NA,NA,NA,NA,NA,NA,NA,NA
"GAM",6,"M2",31,"N/A",NA,NA,NA,NA,NA,NA,NA,NA,NA
"GAM",6,"M2",32,"N/A",NA,NA,NA,NA,NA,NA,NA,NA,NA
"GAM",6,"M2",33,"N/A",NA,NA,NA,NA,NA,NA,NA,NA,NA
"GAM",6,"M2",34,"N/A",NA,NA,NA,NA,NA,NA,NA,NA,NA
"GAM",6,"M2",35,"N/A",NA,NA,NA,NA,NA,NA,NA,NA,NA
"GAM",6,"M2",36,"N/A",NA,NA,NA,NA,NA,NA,NA,NA,NA
"GAM",6,"M2",37,"N/A",NA,NA,NA,NA,NA,NA,NA,NA,NA
"GAM",6,"M2",38,"N/A",NA,NA,NA,NA,NA,NA,NA,NA,NA
"GAM",6,"M2",39,"N/A",NA,NA,NA,NA,NA,NA,NA,NA,NA
"GAM",6,"M2",40,"N/A",NA,NA,NA,NA,NA,NA,NA,NA,NA
"GAM",6,"M2",41,"N/A",NA,NA,NA,NA,NA,NA,NA,NA,NA
"GAM",6,"M2",42,"N/A",NA,NA,NA,NA,NA,NA,NA,NA,NA
"GAM",6,"M2",43,"N/A",NA,NA,NA,NA,NA,NA,NA,NA,NA
"GAM",6,"M2",44,"N/A",NA,NA,NA,NA,NA,NA,NA,NA,NA
"GAM",6,"M2",45,"N/A",NA,NA,NA,NA,NA,NA,NA,NA,NA
"GAM",6,"M2",46,"N/A",NA,NA,NA,NA,NA,NA,NA,NA,NA
"GAM",6,"M2",47,"N/A",NA,NA,NA,NA,NA,NA,NA,NA,NA
"GAM",6,"M2",48,"N/A",NA,NA,NA,NA,NA,NA,NA,NA,NA
"GAM",6,"M2",49,"N/A",NA,NA,NA,NA,NA,NA,NA,NA,NA
"GAM",1,"2SP",2,"Inga edulis",1,NA,377,17.4436932090573,4.71274866717927,NA,NA,0.58,"BIOMASS+BIEN+Zanne"
"GAM",1,"2SP",3,"Citharexylum cooperi",1,NA,175,NA,NA,NA,NA,0.667,"BIOMASS (genus)"
"GAM",1,"2SP",4,"Inga edulis",1,NA,227,4.03694655986289,2.26715680975093,NA,NA,0.58,"BIOMASS+BIEN+Zanne"
"GAM",1,"2SP",5,"Citharexylum cooperi",1,NA,292,8.7100656320777,3.33016516106934,NA,NA,0.667,"BIOMASS (genus)"
"GAM",1,"2SP",6,"Inga edulis",1,NA,430,18.8574099031727,4.9,NA,NA,0.58,"BIOMASS+BIEN+Zanne"
"GAM",1,"2SP",7,"Citharexylum cooperi",1,NA,281,4.1547562843725,2.3,NA,NA,0.667,"BIOMASS (genus)"
"GAM",1,"2SP",8,"Inga edulis",1,NA,405,19.7684717727138,5.01697119784438,NA,NA,0.58,"BIOMASS+BIEN+Zanne"
"GAM",1,"2SP",9,"Citharexylum cooperi",1,NA,175,0.785398163397448,1,NA,NA,0.667,"BIOMASS (genus)"
"GAM",1,"2SP",10,"Inga edulis",1,NA,474,22.0775423731023,5.30188645672463,NA,NA,0.58,"BIOMASS+BIEN+Zanne"
"GAM",1,"2SP",11,"Citharexylum cooperi",1,NA,180,2.54469004940773,1.8,NA,NA,0.667,"BIOMASS (genus)"
"GAM",1,"2SP",12,"Inga edulis",1,NA,307,18.174113501017,4.81040538832228,NA,NA,0.58,"BIOMASS+BIEN+Zanne"
"GAM",1,"2SP",13,"Citharexylum cooperi",1,NA,220,1.32732289614169,1.3,NA,NA,0.667,"BIOMASS (genus)"
"GAM",1,"2SP",14,"Inga edulis",1,NA,398,11.9144901387393,3.89486841883009,NA,NA,0.58,"BIOMASS+BIEN+Zanne"
"GAM",1,"2SP",15,"Citharexylum cooperi",1,NA,270,3.14159265358979,2,NA,NA,0.667,"BIOMASS (genus)"
"GAM",1,"2SP",16,"Inga edulis",1,NA,560,35.083735958964,6.68356192460278,NA,NA,0.58,"BIOMASS+BIEN+Zanne"
"GAM",1,"2SP",17,"Citharexylum cooperi",1,NA,306,5.7255526111674,2.7,NA,NA,0.667,"BIOMASS (genus)"
"GAM",1,"2SP",18,"Inga edulis",1,NA,506,45.4352837525424,7.60591874792257,NA,NA,0.58,"BIOMASS+BIEN+Zanne"
"GAM",1,"2SP",19,"Citharexylum cooperi",1,NA,180,NA,NA,NA,NA,0.667,"BIOMASS (genus)"
"GAM",1,"2SP",20,"Inga edulis",1,NA,478,13.2025431267111,4.1,NA,NA,0.58,"BIOMASS+BIEN+Zanne"
"GAM",1,"2SP",21,"Citharexylum cooperi",1,NA,225,0.950331777710913,1.1,NA,NA,0.667,"BIOMASS (genus)"
"GAM",1,"2SP",22,"Inga edulis",1,NA,415,34.7224528038012,6.64906008395172,NA,NA,0.58,"BIOMASS+BIEN+Zanne"
"GAM",1,"2SP",23,"Citharexylum cooperi",1,NA,266,1.13097335529233,1.2,NA,NA,0.667,"BIOMASS (genus)"
"GAM",1,"2SP",24,"Inga edulis",1,NA,376,13.7130519329195,4.17851648315524,NA,NA,0.58,"BIOMASS+BIEN+Zanne"
"GAM",1,"2SP",25,"Citharexylum cooperi",1,NA,198,0.950331777710913,1.1,NA,NA,0.667,"BIOMASS (genus)"
"GAM",1,"2SP",26,"Inga edulis",1,NA,516,18.0955736846772,4.8,NA,NA,0.58,"BIOMASS+BIEN+Zanne"
"GAM",1,"2SP",27,"Citharexylum cooperi",1,NA,300,6.60519855417254,2.9,NA,NA,0.667,"BIOMASS (genus)"
"GAM",1,"2SP",28,"Inga edulis",1,NA,531,21.237166338267,5.2,NA,NA,0.58,"BIOMASS+BIEN+Zanne"
"GAM",1,"2SP",29,"Citharexylum cooperi",1,NA,320,3.46360590058275,2.1,NA,NA,0.667,"BIOMASS (genus)"
"GAM",1,"2SP",30,"Inga edulis",1,NA,436,35.8534261590936,6.75647837264356,NA,NA,0.58,"BIOMASS+BIEN+Zanne"
"GAM",1,"2SP",31,"Citharexylum cooperi",1,NA,260,2.01061929829747,1.6,NA,NA,0.667,"BIOMASS (genus)"
"GAM",1,"2SP",32,"Inga edulis",1,NA,275,10.759954838545,3.70135110466434,NA,NA,0.58,"BIOMASS+BIEN+Zanne"
"GAM",1,"2SP",33,"Citharexylum cooperi",1,NA,251,1.76714586764426,1.5,NA,NA,0.667,"BIOMASS (genus)"
"GAM",1,"2SP",34,"Inga edulis",1,NA,120,NA,NA,NA,NA,0.58,"BIOMASS+BIEN+Zanne"
"GAM",1,"2SP",35,"Citharexylum cooperi",1,NA,100,NA,NA,NA,NA,0.667,"BIOMASS (genus)"
"GAM",1,"2SP",36,"Inga edulis",1,NA,477,22.776546738526,5.3851648071345,NA,NA,0.58,"BIOMASS+BIEN+Zanne"
"GAM",1,"2SP",37,"Citharexylum cooperi",1,NA,150,NA,NA,NA,NA,0.667,"BIOMASS (genus)"
"GAM",1,"2SP",38,"Inga edulis",1,NA,272,4.5238934211693,2.4,NA,NA,0.58,"BIOMASS+BIEN+Zanne"
"GAM",1,"2SP",39,"Citharexylum cooperi",1,NA,230,3.67566340470006,2.16333076527839,NA,NA,0.667,"BIOMASS (genus)"
"GAM",1,"2SP",40,"Inga edulis",1,NA,273,12.5271007061893,3.99374510954317,NA,NA,0.58,"BIOMASS+BIEN+Zanne"
"GAM",1,"2SP",41,"Citharexylum cooperi",1,NA,102,NA,NA,NA,NA,0.667,"BIOMASS (genus)"
"GAM",1,"2SP",42,"Inga edulis",1,NA,255,3.14159265358979,2,NA,NA,0.58,"BIOMASS+BIEN+Zanne"
"GAM",1,"2SP",43,"Citharexylum cooperi",1,NA,115,NA,NA,NA,NA,0.667,"BIOMASS (genus)"
"GAM",1,"2SP",44,"Inga edulis",1,NA,236,4.1547562843725,2.3,NA,NA,0.58,"BIOMASS+BIEN+Zanne"
"GAM",1,"2SP",45,"Citharexylum cooperi",1,NA,100,NA,NA,NA,NA,0.667,"BIOMASS (genus)"
"GAM",1,"2SP",46,"Inga edulis",1,NA,274,6.44026493985908,2.86356421265527,NA,NA,0.58,"BIOMASS+BIEN+Zanne"
"GAM",1,"2SP",47,"Citharexylum cooperi",1,NA,128,NA,NA,NA,NA,0.667,"BIOMASS (genus)"
"GAM",1,"2SP",48,"Inga edulis",1,NA,184,2.08130513300324,1.62788205960997,NA,NA,0.58,"BIOMASS+BIEN+Zanne"
"GAM",1,"2SP",49,"Citharexylum cooperi",1,NA,170,NA,NA,NA,NA,0.667,"BIOMASS (genus)"
"GAM",2,"2SP",2,"Inga edulis",1,NA,142,NA,NA,NA,NA,0.58,"BIOMASS+BIEN+Zanne"
"GAM",2,"2SP",3,"Citharexylum cooperi",1,NA,78,NA,NA,NA,NA,0.667,"BIOMASS (genus)"
"GAM",2,"2SP",4,"Inga edulis",1,NA,220,4.03694655986289,2.26715680975093,NA,NA,0.58,"BIOMASS+BIEN+Zanne"
"GAM",2,"2SP",5,"Citharexylum cooperi",1,NA,90,NA,NA,NA,NA,0.667,"BIOMASS (genus)"
"GAM",2,"2SP",6,"Inga edulis",NA,NA,137,NA,NA,1,NA,0.58,"BIOMASS+BIEN+Zanne"
"GAM",2,"2SP",7,"Citharexylum cooperi",1,NA,80,NA,NA,NA,NA,0.667,"BIOMASS (genus)"
"GAM",2,"2SP",8,"Inga edulis",1,NA,125,NA,NA,NA,NA,0.58,"BIOMASS+BIEN+Zanne"
"GAM",2,"2SP",9,"Citharexylum cooperi",1,NA,77,NA,NA,NA,NA,0.667,"BIOMASS (genus)"
"GAM",2,"2SP",10,"Inga edulis",1,NA,240,6.25962336227767,2.82311884269862,NA,NA,0.58,"BIOMASS+BIEN+Zanne"
"GAM",2,"2SP",11,"Citharexylum cooperi",1,NA,140,NA,NA,NA,NA,0.667,"BIOMASS (genus)"
"GAM",2,"2SP",12,"Inga edulis",1,NA,250,5.79623844587317,2.71661554144123,NA,NA,0.58,"BIOMASS+BIEN+Zanne"
"GAM",2,"2SP",13,"Citharexylum cooperi",1,NA,100,NA,NA,NA,NA,0.667,"BIOMASS (genus)"
"GAM",2,"2SP",14,"Inga edulis",1,NA,190,3.1415926535898,2,NA,NA,0.58,"BIOMASS+BIEN+Zanne"
"GAM",2,"2SP",15,"Citharexylum cooperi",1,NA,160,NA,NA,NA,NA,0.667,"BIOMASS (genus)"
"GAM",2,"2SP",16,"Inga edulis",1,NA,170,1.539380400259,1.4,NA,NA,0.58,"BIOMASS+BIEN+Zanne"
"GAM",2,"2SP",17,"Citharexylum cooperi",1,NA,140,NA,NA,NA,NA,0.667,"BIOMASS (genus)"
"GAM",2,"2SP",18,"Inga edulis",1,NA,330,21.2450203199009,5.20096144957833,NA,NA,0.58,"BIOMASS+BIEN+Zanne"
"GAM",2,"2SP",19,"Citharexylum cooperi",1,NA,120,NA,NA,NA,NA,0.667,"BIOMASS (genus)"
"GAM",2,"2SP",20,"Inga edulis",1,NA,295,8.7100656320777,3.33016516106934,NA,NA,0.58,"BIOMASS+BIEN+Zanne"
"GAM",2,"2SP",21,"Citharexylum cooperi",1,NA,123,NA,NA,NA,NA,0.667,"BIOMASS (genus)"
"GAM",2,"2SP",22,"Inga edulis",1,NA,275,16.8389366232413,4.63033476111609,NA,NA,0.58,"BIOMASS+BIEN+Zanne"
"GAM",2,"2SP",23,"Citharexylum cooperi",1,NA,133,NA,NA,NA,NA,0.667,"BIOMASS (genus)"
"GAM",2,"2SP",24,"Inga edulis",1,NA,380,11.089822067172,3.75765884561119,NA,NA,0.58,"BIOMASS+BIEN+Zanne"
"GAM",2,"2SP",25,"Citharexylum cooperi",1,NA,140,NA,NA,NA,NA,0.667,"BIOMASS (genus)"
"GAM",2,"2SP",26,"Inga edulis",1,NA,190,2.45829625143402,1.76918060129542,NA,NA,0.58,"BIOMASS+BIEN+Zanne"
"GAM",2,"2SP",27,"Citharexylum cooperi",1,NA,110,NA,NA,NA,NA,0.667,"BIOMASS (genus)"
"GAM",2,"2SP",28,"Inga edulis",1,NA,260,12.8334059899143,4.04227658628155,NA,NA,0.58,"BIOMASS+BIEN+Zanne"
"GAM",2,"2SP",29,"Citharexylum cooperi",1,NA,150,NA,NA,NA,NA,0.667,"BIOMASS (genus)"
"GAM",2,"2SP",30,"Inga edulis",1,NA,170,0.950331777710913,1.1,NA,NA,0.58,"BIOMASS+BIEN+Zanne"
"GAM",2,"2SP",31,"Citharexylum cooperi",1,NA,135,NA,NA,NA,NA,0.667,"BIOMASS (genus)"
"GAM",2,"2SP",32,"Inga edulis",1,NA,222,5.85121631731099,2.72946881279124,NA,NA,0.58,"BIOMASS+BIEN+Zanne"
"GAM",2,"2SP",33,"Citharexylum cooperi",1,NA,110,NA,NA,NA,NA,0.667,"BIOMASS (genus)"
"GAM",2,"2SP",34,"Inga edulis",1,NA,220,6.94291976443344,2.9732137494637,NA,NA,0.58,"BIOMASS+BIEN+Zanne"
"GAM",2,"2SP",35,"Citharexylum cooperi",1,NA,140,NA,NA,NA,NA,0.667,"BIOMASS (genus)"
"GAM",2,"2SP",36,"Inga edulis",1,NA,300,14.5298660228528,4.30116263352131,NA,NA,0.58,"BIOMASS+BIEN+Zanne"
"GAM",2,"2SP",37,"Citharexylum cooperi",1,NA,130,NA,NA,NA,NA,0.667,"BIOMASS (genus)"
"GAM",2,"2SP",38,"Inga edulis",1,NA,300,11.1997778100476,3.77624151769984,NA,NA,0.58,"BIOMASS+BIEN+Zanne"
"GAM",2,"2SP",39,"Citharexylum cooperi",1,NA,100,NA,NA,NA,NA,0.667,"BIOMASS (genus)"
"GAM",2,"2SP",40,"Inga edulis",1,NA,240,6.44811892149305,2.86530975637888,NA,NA,0.58,"BIOMASS+BIEN+Zanne"
"GAM",2,"2SP",41,"Citharexylum cooperi",1,NA,110,NA,NA,NA,NA,0.667,"BIOMASS (genus)"
"GAM",2,"2SP",42,"Inga edulis",1,NA,180,4.84590666816226,2.48394846967485,NA,NA,0.58,"BIOMASS+BIEN+Zanne"
"GAM",2,"2SP",43,"Citharexylum cooperi",1,NA,55,NA,NA,NA,NA,0.667,"BIOMASS (genus)"
"GAM",2,"2SP",44,"Inga edulis",1,NA,112,NA,NA,NA,NA,0.58,"BIOMASS+BIEN+Zanne"
"GAM",2,"2SP",45,"Citharexylum cooperi",1,NA,136,NA,NA,NA,NA,0.667,"BIOMASS (genus)"
"GAM",2,"2SP",46,"Inga edulis",1,NA,180,3.53429173528852,2.12132034355964,NA,NA,0.58,"BIOMASS+BIEN+Zanne"
"GAM",2,"2SP",47,"Citharexylum cooperi",1,NA,88,NA,NA,NA,NA,0.667,"BIOMASS (genus)"
"GAM",2,"2SP",48,"Inga edulis",1,NA,205,3.30652626790326,2.05182845286832,NA,NA,0.58,"BIOMASS+BIEN+Zanne"
"GAM",2,"2SP",49,"Citharexylum cooperi",1,NA,103,11.4511052223348,3.81837661840736,NA,NA,0.667,"BIOMASS (genus)"
"GAM",3,"2SP",2,"Inga edulis",1,NA,290,NA,NA,NA,NA,0.58,"BIOMASS+BIEN+Zanne"
"GAM",3,"2SP",3,"Citharexylum cooperi",1,NA,58,NA,NA,NA,NA,0.667,"BIOMASS (genus)"
"GAM",3,"2SP",4,"Inga edulis",NA,NA,129,NA,NA,NA,NA,0.58,"BIOMASS+BIEN+Zanne"
"GAM",3,"2SP",5,"Citharexylum cooperi",1,NA,122,NA,NA,NA,NA,0.667,"BIOMASS (genus)"
"GAM",3,"2SP",6,"Inga edulis",1,NA,235,6.28318530717958,2.82842712474619,NA,NA,0.58,"BIOMASS+BIEN+Zanne"
"GAM",3,"2SP",7,"Citharexylum cooperi",1,NA,138,NA,NA,NA,NA,0.667,"BIOMASS (genus)"
"GAM",3,"2SP",8,"Inga edulis",1,NA,300,12.7077422837707,4.02243707222375,NA,NA,0.58,"BIOMASS+BIEN+Zanne"
"GAM",3,"2SP",9,"Citharexylum cooperi",1,NA,178,NA,NA,NA,NA,0.667,"BIOMASS (genus)"
"GAM",3,"2SP",10,"Inga edulis",1,NA,260,15.3466801127861,4.42040722106006,NA,NA,0.58,"BIOMASS+BIEN+Zanne"
"GAM",3,"2SP",11,"Citharexylum cooperi",1,NA,110,NA,NA,NA,NA,0.667,"BIOMASS (genus)"
"GAM",3,"2SP",12,"Inga edulis",1,NA,220,3.14159265358979,2,NA,NA,0.58,"BIOMASS+BIEN+Zanne"
"GAM",3,"2SP",13,"Citharexylum cooperi",1,NA,120,NA,NA,NA,NA,0.667,"BIOMASS (genus)"
"GAM",3,"2SP",14,"Inga edulis",1,NA,220,NA,NA,NA,NA,0.58,"BIOMASS+BIEN+Zanne"
"GAM",3,"2SP",15,"Citharexylum cooperi",1,NA,155,NA,NA,NA,NA,0.667,"BIOMASS (genus)"
"GAM",3,"2SP",16,"Inga edulis",1,NA,250,4.90873852123405,2.5,NA,NA,0.58,"BIOMASS+BIEN+Zanne"
"GAM",3,"2SP",17,"Citharexylum cooperi",1,NA,156,NA,NA,NA,NA,0.667,"BIOMASS (genus)"
"GAM",3,"2SP",18,"Inga edulis",1,NA,233,3.80132711084365,2.2,NA,NA,0.58,"BIOMASS+BIEN+Zanne"
"GAM",3,"2SP",19,"Citharexylum cooperi",1,NA,148,NA,NA,NA,NA,0.667,"BIOMASS (genus)"
"GAM",3,"2SP",20,"Inga edulis",1,NA,280,16.029976514942,4.51774279923062,NA,NA,0.58,"BIOMASS+BIEN+Zanne"
"GAM",3,"2SP",21,"Citharexylum cooperi",1,NA,130,NA,NA,NA,NA,0.667,"BIOMASS (genus)"
"GAM",3,"2SP",22,"Inga edulis",1,NA,265,2.83528736986479,1.9,NA,NA,0.58,"BIOMASS+BIEN+Zanne"
"GAM",3,"2SP",23,"Citharexylum cooperi",1,NA,111,NA,NA,NA,NA,0.667,"BIOMASS (genus)"
"GAM",3,"2SP",24,"Inga edulis",1,NA,317,17.2473436682079,4.68614980554398,NA,NA,0.58,"BIOMASS+BIEN+Zanne"
"GAM",3,"2SP",25,"Citharexylum cooperi",1,NA,98,NA,NA,NA,NA,0.667,"BIOMASS (genus)"
"GAM",3,"2SP",26,"Inga edulis",NA,NA,190,2.67035375555133,1.84390889145858,1,NA,0.58,"BIOMASS+BIEN+Zanne"
"GAM",3,"2SP",27,"Citharexylum cooperi",1,NA,192,NA,NA,NA,NA,0.667,"BIOMASS (genus)"
"GAM",3,"2SP",28,"Inga edulis",1,NA,200,1.539380400259,1.4,NA,NA,0.58,"BIOMASS+BIEN+Zanne"
"GAM",3,"2SP",29,"Citharexylum cooperi",1,NA,120,NA,NA,NA,NA,0.667,"BIOMASS (genus)"
"GAM",3,"2SP",30,"Inga edulis",1,NA,168,1.32732289614169,1.3,NA,NA,0.58,"BIOMASS+BIEN+Zanne"
"GAM",3,"2SP",31,"Citharexylum cooperi",1,NA,146,NA,NA,NA,NA,0.667,"BIOMASS (genus)"
"GAM",3,"2SP",32,"Inga edulis",NA,NA,136,0.950331777710913,1.1,1,NA,0.58,"BIOMASS+BIEN+Zanne"
"GAM",3,"2SP",33,"Citharexylum cooperi",1,NA,82,NA,NA,NA,NA,0.667,"BIOMASS (genus)"
"GAM",3,"2SP",34,"Inga edulis",1,NA,172,2.54469004940773,1.8,NA,NA,0.58,"BIOMASS+BIEN+Zanne"
"GAM",3,"2SP",35,"Citharexylum cooperi",1,NA,129,NA,NA,NA,NA,0.667,"BIOMASS (genus)"
"GAM",3,"2SP",36,"Inga edulis",1,NA,401,24.5122766796344,5.58659108938537,NA,NA,0.58,"BIOMASS+BIEN+Zanne"
"GAM",3,"2SP",37,"Citharexylum cooperi",1,NA,118,NA,NA,NA,NA,0.667,"BIOMASS (genus)"
"GAM",3,"2SP",38,"Inga edulis",1,NA,185,4.46891554973149,2.38537208837531,NA,NA,0.58,"BIOMASS+BIEN+Zanne"
"GAM",3,"2SP",39,"Citharexylum cooperi",1,NA,NA,NA,NA,NA,NA,0.667,"BIOMASS (genus)"
"GAM",3,"2SP",40,"Inga edulis",NA,NA,259,5.47422519888022,2.64007575648882,1,NA,0.58,"BIOMASS+BIEN+Zanne"
"GAM",3,"2SP",41,"Citharexylum cooperi",1,NA,103,NA,NA,NA,NA,0.667,"BIOMASS (genus)"
"GAM",3,"2SP",42,"Inga edulis",NA,NA,217,6.28318530717958,2.82842712474619,1,NA,0.58,"BIOMASS+BIEN+Zanne"
"GAM",3,"2SP",43,"Citharexylum cooperi",1,NA,196,1.76714586764426,1.5,NA,NA,0.667,"BIOMASS (genus)"
"GAM",3,"2SP",44,"Inga edulis",NA,NA,382,7.99535330338603,3.19061122670876,1,NA,0.58,"BIOMASS+BIEN+Zanne"
"GAM",3,"2SP",45,"Citharexylum cooperi",1,NA,102,NA,NA,NA,NA,0.667,"BIOMASS (genus)"
"GAM",3,"2SP",46,"Inga edulis",NA,NA,201,2.71747764535517,1.86010752377383,1,NA,0.58,"BIOMASS+BIEN+Zanne"
"GAM",3,"2SP",47,"Citharexylum cooperi",1,NA,69,NA,NA,NA,NA,0.667,"BIOMASS (genus)"
"GAM",3,"2SP",48,"Inga edulis",1,NA,103,NA,NA,NA,NA,0.58,"BIOMASS+BIEN+Zanne"
"GAM",3,"2SP",49,"Citharexylum cooperi",1,NA,132,NA,NA,NA,NA,0.667,"BIOMASS (genus)"
"GAM",4,"2SP",2,"Inga edulis",1,NA,160,NA,NA,NA,NA,0.58,"BIOMASS+BIEN+Zanne"
"GAM",4,"2SP",3,"Citharexylum cooperi",1,NA,220,3.14159265358979,2,NA,NA,0.667,"BIOMASS (genus)"
"GAM",4,"2SP",4,"Inga edulis",1,NA,190,NA,NA,NA,NA,0.58,"BIOMASS+BIEN+Zanne"
"GAM",4,"2SP",5,"Citharexylum cooperi",1,NA,398,13.2025431267111,4.1,NA,NA,0.667,"BIOMASS (genus)"
"GAM",4,"2SP",6,"Inga edulis",1,NA,190,2.08130513300324,1.62788205960997,NA,NA,0.58,"BIOMASS+BIEN+Zanne"
"GAM",4,"2SP",7,"Citharexylum cooperi",1,NA,210,1.76714586764426,1.5,NA,NA,0.667,"BIOMASS (genus)"
"GAM",4,"2SP",8,"Inga edulis",1,NA,95,NA,NA,NA,NA,0.58,"BIOMASS+BIEN+Zanne"
"GAM",4,"2SP",9,"Citharexylum cooperi",1,NA,230,5.15221195188726,2.56124969497314,NA,NA,0.667,"BIOMASS (genus)"
"GAM",4,"2SP",10,"Inga edulis",1,NA,176,NA,NA,NA,NA,0.58,"BIOMASS+BIEN+Zanne"
"GAM",4,"2SP",11,"Citharexylum cooperi",1,NA,440,20.4282062299676,5.1,NA,NA,0.667,"BIOMASS (genus)"
"GAM",4,"2SP",12,"Inga edulis",1,NA,300,13.0219015491297,4.07185461430047,NA,NA,0.58,"BIOMASS+BIEN+Zanne"
"GAM",4,"2SP",13,"Citharexylum cooperi",1,NA,210,2.26194671058466,1.69705627484772,NA,NA,0.667,"BIOMASS (genus)"
"GAM",4,"2SP",14,"Inga edulis",1,NA,210,0.950331777710913,1.1,NA,NA,0.58,"BIOMASS+BIEN+Zanne"
"GAM",4,"2SP",15,"Citharexylum cooperi",1,NA,210,2.26194671058466,1.69705627484772,NA,NA,0.667,"BIOMASS (genus)"
"GAM",4,"2SP",16,"Inga edulis",1,NA,210,2.54469004940773,1.8,NA,NA,0.58,"BIOMASS+BIEN+Zanne"
"GAM",4,"2SP",17,"Citharexylum cooperi",1,NA,200,1.32732289614169,1.3,NA,NA,0.667,"BIOMASS (genus)"
"GAM",4,"2SP",18,"Inga edulis",1,NA,240,3.46360590058275,2.1,NA,NA,0.58,"BIOMASS+BIEN+Zanne"
"GAM",4,"2SP",19,"Citharexylum cooperi",1,NA,521,39.6154833617673,7.10211236182588,NA,NA,0.667,"BIOMASS (genus)"
"GAM",4,"2SP",20,"Inga edulis",1,NA,392,10.1787601976309,3.6,NA,NA,0.58,"BIOMASS+BIEN+Zanne"
"GAM",4,"2SP",21,"Citharexylum cooperi",1,NA,460,18.7631621235651,4.88773976393998,NA,NA,0.667,"BIOMASS (genus)"
"GAM",4,"2SP",22,"Inga edulis",1,NA,205,1.32732289614169,1.3,NA,NA,0.58,"BIOMASS+BIEN+Zanne"
"GAM",4,"2SP",23,"Citharexylum cooperi",1,NA,375,15.2367243699105,4.40454310910905,NA,NA,0.667,"BIOMASS (genus)"
"GAM",4,"2SP",24,"Inga edulis",1,NA,160,NA,NA,NA,NA,0.58,"BIOMASS+BIEN+Zanne"
"GAM",4,"2SP",25,"Citharexylum cooperi",1,NA,561,27.3397100678652,5.9,NA,NA,0.667,"BIOMASS (genus)"
"GAM",4,"2SP",26,"Inga edulis",1,NA,365,8.55298599939821,3.3,NA,NA,0.58,"BIOMASS+BIEN+Zanne"
"GAM",4,"2SP",27,"Citharexylum cooperi",1,NA,382,7.07643745221101,3.00166620396073,NA,NA,0.667,"BIOMASS (genus)"
"GAM",4,"2SP",28,"Inga edulis",1,NA,256,8.55298599939821,3.3,NA,NA,0.58,"BIOMASS+BIEN+Zanne"
"GAM",4,"2SP",29,"Citharexylum cooperi",1,NA,330,9.33053018116169,3.44673758792282,NA,NA,0.667,"BIOMASS (genus)"
"GAM",4,"2SP",30,"Inga edulis",1,NA,242,2.54469004940773,1.8,NA,NA,0.58,"BIOMASS+BIEN+Zanne"
"GAM",4,"2SP",31,"Citharexylum cooperi",1,NA,315,9.95884871187964,3.56089876295297,NA,NA,0.667,"BIOMASS (genus)"
"GAM",4,"2SP",32,"Inga edulis",1,NA,120,NA,NA,NA,NA,0.58,"BIOMASS+BIEN+Zanne"
"GAM",4,"2SP",33,"Citharexylum cooperi",1,NA,341,10.7521008569111,3.70000000000001,NA,NA,0.667,"BIOMASS (genus)"
"GAM",4,"2SP",34,"Inga edulis",1,NA,210,2.96095107600838,1.94164878389476,NA,NA,0.58,"BIOMASS+BIEN+Zanne"
"GAM",4,"2SP",35,"Citharexylum cooperi",1,NA,291,4.90873852123405,2.5,NA,NA,0.667,"BIOMASS (genus)"
"GAM",4,"2SP",36,"Inga edulis",1,NA,185,1.32732289614169,1.3,NA,NA,0.58,"BIOMASS+BIEN+Zanne"
"GAM",4,"2SP",37,"Citharexylum cooperi",1,NA,372,20.923007072908,5.16139516022557,NA,NA,0.667,"BIOMASS (genus)"
"GAM",4,"2SP",38,"Inga edulis",1,NA,120,NA,NA,NA,NA,0.58,"BIOMASS+BIEN+Zanne"
"GAM",4,"2SP",39,"Citharexylum cooperi",1,NA,359,9.62112750161874,3.5,NA,NA,0.667,"BIOMASS (genus)"
"GAM",4,"2SP",40,"Inga edulis",1,NA,220,1.32732289614169,1.3,NA,NA,0.58,"BIOMASS+BIEN+Zanne"
"GAM",4,"2SP",41,"Citharexylum cooperi",1,NA,429,26.5857278310036,5.81807528311554,NA,NA,0.667,"BIOMASS (genus)"
"GAM",4,"2SP",42,"Inga edulis",1,NA,363,5.30929158456675,2.6,NA,NA,0.58,"BIOMASS+BIEN+Zanne"
"GAM",4,"2SP",43,"Citharexylum cooperi",1,NA,336,12.3307511653399,3.96232255123178,NA,NA,0.667,"BIOMASS (genus)"
"GAM",4,"2SP",44,"Inga edulis",1,NA,190,1.76714586764426,1.5,NA,NA,0.58,"BIOMASS+BIEN+Zanne"
"GAM",4,"2SP",45,"Citharexylum cooperi",1,NA,324,10.7521008569111,3.70000000000001,NA,NA,0.667,"BIOMASS (genus)"
"GAM",4,"2SP",46,"Inga edulis",1,NA,212,1.32732289614169,1.3,NA,NA,0.58,"BIOMASS+BIEN+Zanne"
"GAM",4,"2SP",47,"Citharexylum cooperi",1,NA,230,3.80132711084365,2.2,NA,NA,0.667,"BIOMASS (genus)"
"GAM",4,"2SP",48,"Inga edulis",1,NA,235,2.26980069221863,1.7,NA,NA,0.58,"BIOMASS+BIEN+Zanne"
"GAM",4,"2SP",49,"Citharexylum cooperi",1,NA,531,49.0166993776348,7.9,NA,NA,0.667,"BIOMASS (genus)"
"GAM",5,"2SP",2,"Inga edulis",1,NA,133,NA,NA,NA,NA,0.58,"BIOMASS+BIEN+Zanne"
"GAM",5,"2SP",3,"Citharexylum cooperi",1,NA,300,10.4065256650162,3.64005494464026,NA,NA,0.667,"BIOMASS (genus)"
"GAM",5,"2SP",4,"Inga edulis",1,NA,110,NA,NA,NA,NA,0.58,"BIOMASS+BIEN+Zanne"
"GAM",5,"2SP",5,"Citharexylum cooperi",1,NA,150,0.950331777710913,1.1,NA,NA,0.667,"BIOMASS (genus)"
"GAM",5,"2SP",6,"Inga edulis",1,NA,125,NA,NA,NA,NA,0.58,"BIOMASS+BIEN+Zanne"
"GAM",5,"2SP",7,"Citharexylum cooperi",1,NA,195,5.31714556620073,2.60192236625154,NA,NA,0.667,"BIOMASS (genus)"
"GAM",5,"2SP",8,"Inga edulis",1,NA,130,NA,NA,NA,NA,0.58,"BIOMASS+BIEN+Zanne"
"GAM",5,"2SP",9,"Citharexylum cooperi",1,NA,135,NA,NA,NA,NA,0.667,"BIOMASS (genus)"
"GAM",5,"2SP",10,"Inga edulis",1,NA,145,NA,NA,NA,NA,0.58,"BIOMASS+BIEN+Zanne"
"GAM",5,"2SP",11,"Citharexylum cooperi",1,NA,280,10.3122778854085,3.62353418639869,NA,NA,0.667,"BIOMASS (genus)"
"GAM",5,"2SP",12,"Inga edulis",1,NA,150,NA,NA,NA,NA,0.58,"BIOMASS+BIEN+Zanne"
"GAM",5,"2SP",13,"Citharexylum cooperi",1,NA,280,12.6684723756008,4.01621712560463,NA,NA,0.667,"BIOMASS (genus)"
"GAM",5,"2SP",14,"Inga edulis",1,NA,180,1.76714586764426,1.5,NA,NA,0.58,"BIOMASS+BIEN+Zanne"
"GAM",5,"2SP",15,"Citharexylum cooperi",1,NA,260,7.1078533787469,3.00832179129826,NA,NA,0.667,"BIOMASS (genus)"
"GAM",5,"2SP",16,"Inga edulis",1,NA,125,NA,NA,NA,NA,0.58,"BIOMASS+BIEN+Zanne"
"GAM",5,"2SP",17,"Citharexylum cooperi",NA,NA,190,3.54999969855647,2.12602916254693,1,NA,0.667,"BIOMASS (genus)"
"GAM",5,"2SP",18,"Inga edulis",1,NA,143,NA,NA,NA,NA,0.58,"BIOMASS+BIEN+Zanne"
"GAM",5,"2SP",19,"Citharexylum cooperi",1,NA,210,5.47422519888022,2.64007575648882,NA,NA,0.667,"BIOMASS (genus)"
"GAM",5,"2SP",20,"Inga edulis",1,NA,185,NA,NA,NA,NA,0.58,"BIOMASS+BIEN+Zanne"
"GAM",5,"2SP",21,"Citharexylum cooperi",1,NA,200,3.14159265358979,2,NA,NA,0.667,"BIOMASS (genus)"
"GAM",5,"2SP",22,"Inga edulis",1,NA,185,NA,NA,NA,NA,0.58,"BIOMASS+BIEN+Zanne"
"GAM",5,"2SP",23,"Citharexylum cooperi",1,NA,140,NA,NA,NA,NA,0.667,"BIOMASS (genus)"
"GAM",5,"2SP",24,"Inga edulis",1,NA,117,NA,NA,NA,NA,0.58,"BIOMASS+BIEN+Zanne"
"GAM",5,"2SP",25,"Citharexylum cooperi",1,NA,142,NA,NA,NA,NA,0.667,"BIOMASS (genus)"
"GAM",5,"2SP",26,"Inga edulis",1,NA,144,NA,NA,NA,NA,0.58,"BIOMASS+BIEN+Zanne"
"GAM",5,"2SP",27,"Citharexylum cooperi",1,NA,260,7.96393737685013,3.18433666561813,NA,NA,0.667,"BIOMASS (genus)"
"GAM",5,"2SP",28,"Inga edulis",1,NA,176,0.785398163397448,1,NA,NA,0.58,"BIOMASS+BIEN+Zanne"
"GAM",5,"2SP",29,"Citharexylum cooperi",1,NA,160,NA,NA,NA,NA,0.667,"BIOMASS (genus)"
"GAM",5,"2SP",30,"Inga edulis",1,NA,175,0.785398163397448,1,NA,NA,0.58,"BIOMASS+BIEN+Zanne"
"GAM",5,"2SP",31,"Citharexylum cooperi",1,NA,383,11.3411494794592,3.80000000000001,NA,NA,0.667,"BIOMASS (genus)"
"GAM",5,"2SP",32,"Inga edulis",1,NA,104,NA,NA,NA,NA,0.58,"BIOMASS+BIEN+Zanne"
"GAM",5,"2SP",33,"Citharexylum cooperi",1,NA,270,7.54767635024948,3.1,NA,NA,0.667,"BIOMASS (genus)"
"GAM",5,"2SP",34,"Inga edulis",1,NA,90,NA,NA,NA,NA,0.58,"BIOMASS+BIEN+Zanne"
"GAM",5,"2SP",35,"Citharexylum cooperi",1,NA,340,20.4596221565035,5.10392006206993,NA,NA,0.667,"BIOMASS (genus)"
"GAM",5,"2SP",36,"Inga edulis",1,NA,114,NA,NA,NA,NA,0.58,"BIOMASS+BIEN+Zanne"
"GAM",5,"2SP",37,"Citharexylum cooperi",1,NA,133,NA,NA,NA,NA,0.667,"BIOMASS (genus)"
"GAM",5,"2SP",38,"Inga edulis",1,NA,160,NA,NA,NA,NA,0.58,"BIOMASS+BIEN+Zanne"
"GAM",5,"2SP",39,"Citharexylum cooperi",1,NA,205,6.55022068273473,2.88790581563873,NA,NA,0.667,"BIOMASS (genus)"
"GAM",5,"2SP",40,"Inga edulis",1,NA,74,NA,NA,NA,NA,0.58,"BIOMASS+BIEN+Zanne"
"GAM",5,"2SP",41,"Citharexylum cooperi",1,NA,140,NA,NA,NA,NA,0.667,"BIOMASS (genus)"
"GAM",5,"2SP",42,"Inga edulis",1,NA,255,3.67566340470006,2.16333076527839,NA,NA,0.58,"BIOMASS+BIEN+Zanne"
"GAM",5,"2SP",43,"Citharexylum cooperi",1,NA,223,4.37466777012379,2.36008474424119,NA,NA,0.667,"BIOMASS (genus)"
"GAM",5,"2SP",44,"Inga edulis",1,NA,180,1.13097335529233,1.2,NA,NA,0.58,"BIOMASS+BIEN+Zanne"
"GAM",5,"2SP",45,"Citharexylum cooperi",1,NA,230,2.54469004940773,1.8,NA,NA,0.667,"BIOMASS (genus)"
"GAM",5,"2SP",46,"Inga edulis",1,NA,107,NA,NA,NA,NA,0.58,"BIOMASS+BIEN+Zanne"
"GAM",5,"2SP",47,"Citharexylum cooperi",1,NA,200,4.31183591705199,2.343074902772,NA,NA,0.667,"BIOMASS (genus)"
"GAM",5,"2SP",48,"Inga edulis",1,NA,80,NA,NA,NA,NA,0.58,"BIOMASS+BIEN+Zanne"
"GAM",5,"2SP",49,"Citharexylum cooperi",1,NA,366,9.58185759344887,3.4928498393146,NA,NA,0.667,"BIOMASS (genus)"
"GAM",6,"2SP",2,"Inga edulis",1,NA,154,NA,NA,NA,NA,0.58,"BIOMASS+BIEN+Zanne"
"GAM",6,"2SP",3,"Citharexylum cooperi",1,NA,251,4.27256600888212,2.33238075793812,NA,NA,0.667,"BIOMASS (genus)"
"GAM",6,"2SP",4,"Inga edulis",1,NA,123,NA,NA,NA,NA,0.58,"BIOMASS+BIEN+Zanne"
"GAM",6,"2SP",5,"Citharexylum cooperi",1,NA,245,6.15752160103599,2.8,NA,NA,0.667,"BIOMASS (genus)"
"GAM",6,"2SP",6,"Inga edulis",1,NA,235,4.90873852123405,2.5,NA,NA,0.58,"BIOMASS+BIEN+Zanne"
"GAM",6,"2SP",7,"Citharexylum cooperi",1,NA,523,68.4395959584537,9.33488082409198,NA,NA,0.667,"BIOMASS (genus)"
"GAM",6,"2SP",8,"Inga edulis",1,NA,190,0.950331777710913,1.1,NA,NA,0.58,"BIOMASS+BIEN+Zanne"
"GAM",6,"2SP",9,"Citharexylum cooperi",1,NA,200,5.92190215201676,2.7459060435492,NA,NA,0.667,"BIOMASS (genus)"
"GAM",6,"2SP",10,"Inga edulis",1,NA,185,2.2776546738526,1.70293863659264,NA,NA,0.58,"BIOMASS+BIEN+Zanne"
"GAM",6,"2SP",11,"Citharexylum cooperi",1,NA,301,12.3778750551438,3.96988664825584,NA,NA,0.667,"BIOMASS (genus)"
"GAM",6,"2SP",12,"Inga edulis",1,NA,291,6.07112780306228,2.78028775489157,NA,NA,0.58,"BIOMASS+BIEN+Zanne"
"GAM",6,"2SP",13,"Citharexylum cooperi",1,NA,338,13.233959053247,4.10487515035476,NA,NA,0.667,"BIOMASS (genus)"
"GAM",6,"2SP",14,"Inga edulis",1,NA,272,3.46360590058275,2.1,NA,NA,0.58,"BIOMASS+BIEN+Zanne"
"GAM",6,"2SP",15,"Citharexylum cooperi",1,NA,340,20.938715036176,5.16333225737024,NA,NA,0.667,"BIOMASS (genus)"
"GAM",6,"2SP",16,"Inga edulis",1,NA,128,NA,NA,NA,NA,0.58,"BIOMASS+BIEN+Zanne"
"GAM",6,"2SP",17,"Citharexylum cooperi",1,NA,255,8.32522053201295,3.25576411921994,NA,NA,0.667,"BIOMASS (genus)"
"GAM",6,"2SP",18,"Inga edulis",1,NA,170,0.950331777710913,1.1,NA,NA,0.58,"BIOMASS+BIEN+Zanne"
"GAM",6,"2SP",19,"Citharexylum cooperi",1,NA,256,7.39059671756999,3.06757233003559,NA,NA,0.667,"BIOMASS (genus)"
"GAM",6,"2SP",20,"Inga edulis",1,NA,235,1.32732289614169,1.3,NA,NA,0.58,"BIOMASS+BIEN+Zanne"
"GAM",6,"2SP",21,"Citharexylum cooperi",1,NA,369,18.8574099031727,4.9,NA,NA,0.667,"BIOMASS (genus)"
"GAM",6,"2SP",22,"Inga edulis",1,NA,176,0.950331777710913,1.1,NA,NA,0.58,"BIOMASS+BIEN+Zanne"
"GAM",6,"2SP",23,"Citharexylum cooperi",1,NA,275,7.54767635024948,3.1,NA,NA,0.667,"BIOMASS (genus)"
"GAM",6,"2SP",24,"Inga edulis",1,NA,140,NA,NA,NA,NA,0.58,"BIOMASS+BIEN+Zanne"
"GAM",6,"2SP",25,"Citharexylum cooperi",1,NA,260,8.04247719318987,3.2,NA,NA,0.667,"BIOMASS (genus)"
"GAM",6,"2SP",26,"Inga edulis",1,NA,220,2.83528736986479,1.9,NA,NA,0.58,"BIOMASS+BIEN+Zanne"
"GAM",6,"2SP",27,"Citharexylum cooperi",NA,NA,253,5.10508806208342,2.54950975679639,1,NA,0.667,"BIOMASS (genus)"
"GAM",6,"2SP",28,"Inga edulis",1,NA,200,1.13097335529233,1.2,NA,NA,0.58,"BIOMASS+BIEN+Zanne"
"GAM",6,"2SP",29,"Citharexylum cooperi",1,NA,263,6.99004365423729,2.98328677803526,NA,NA,0.667,"BIOMASS (genus)"
"GAM",6,"2SP",30,"Inga edulis",1,NA,170,NA,NA,NA,NA,0.58,"BIOMASS+BIEN+Zanne"
"GAM",6,"2SP",31,"Citharexylum cooperi",1,NA,257,6.60519855417254,2.9,NA,NA,0.667,"BIOMASS (genus)"
"GAM",6,"2SP",32,"Inga edulis",1,NA,254,6.60519855417254,2.9,NA,NA,0.58,"BIOMASS+BIEN+Zanne"
"GAM",6,"2SP",33,"Citharexylum cooperi",1,NA,420,48.6632702041059,7.87146746166177,NA,NA,0.667,"BIOMASS (genus)"
"GAM",6,"2SP",34,"Inga edulis",1,NA,210,0.950331777710913,1.1,NA,NA,0.58,"BIOMASS+BIEN+Zanne"
"GAM",6,"2SP",35,"Citharexylum cooperi",NA,NA,258,4.59457925587508,2.41867732448957,1,NA,0.667,"BIOMASS (genus)"
"GAM",6,"2SP",36,"Inga edulis",1,NA,162,NA,NA,NA,NA,0.58,"BIOMASS+BIEN+Zanne"
"GAM",6,"2SP",37,"Citharexylum cooperi",1,NA,205,1.539380400259,1.4,NA,NA,0.667,"BIOMASS (genus)"
"GAM",6,"2SP",38,"Inga edulis",1,NA,222,1.32732289614169,1.3,NA,NA,0.58,"BIOMASS+BIEN+Zanne"
"GAM",6,"2SP",39,"Citharexylum cooperi",1,NA,323,14.1999987942259,4.25205832509386,NA,NA,0.667,"BIOMASS (genus)"
"GAM",6,"2SP",40,"Inga edulis",1,NA,200,3.30652626790326,2.05182845286832,NA,NA,0.58,"BIOMASS+BIEN+Zanne"
"GAM",6,"2SP",41,"Citharexylum cooperi",1,NA,359,27.9601746169492,5.96657355607052,NA,NA,0.667,"BIOMASS (genus)"
"GAM",6,"2SP",42,"Inga edulis",1,NA,175,NA,NA,NA,NA,0.58,"BIOMASS+BIEN+Zanne"
"GAM",6,"2SP",43,"Citharexylum cooperi",1,NA,260,10.7521008569111,3.70000000000001,NA,NA,0.667,"BIOMASS (genus)"
"GAM",6,"2SP",44,"Inga edulis",1,NA,186,0.950331777710913,1.1,NA,NA,0.58,"BIOMASS+BIEN+Zanne"
"GAM",6,"2SP",45,"Citharexylum cooperi",1,NA,170,6.00829594999048,2.76586333718787,NA,NA,0.667,"BIOMASS (genus)"
"GAM",6,"2SP",46,"Inga edulis",1,NA,260,1.76714586764426,1.5,NA,NA,0.58,"BIOMASS+BIEN+Zanne"
"GAM",6,"2SP",47,"Citharexylum cooperi",1,NA,411,43.3304166746372,7.42765104188397,NA,NA,0.667,"BIOMASS (genus)"
"GAM",6,"2SP",48,"Inga edulis",1,NA,220,1.76714586764426,1.5,NA,NA,0.58,"BIOMASS+BIEN+Zanne"
"GAM",6,"2SP",49,"Citharexylum cooperi",1,NA,453,57.9702384403656,8.59127464349732,NA,NA,0.667,"BIOMASS (genus)"
"GAM",1,"6SP",2,"Inga edulis",1,NA,255,3.80918109247763,2.20227155455453,NA,NA,0.58,"BIOMASS+BIEN+Zanne"
"GAM",1,"6SP",3,"Citharexylum cooperi",1,NA,90,NA,NA,NA,NA,0.667,"BIOMASS (genus)"
"GAM",1,"6SP",4,"Croton schiedeanus",1,NA,85,NA,NA,NA,NA,0.51,"BIOMASS (genus)"
"GAM",1,"6SP",5,"Garcinia madruno",1,NA,48,NA,NA,NA,NA,0.735,"BIOMASS+BIEN+Zanne"
"GAM",1,"6SP",6,"Platymiscium curuense",1,NA,183,NA,NA,NA,NA,0.63,"Roque et al. 2026 (CR plantations)"
"GAM",1,"6SP",7,"Aspidosperma myristicifolium",1,NA,40,NA,NA,NA,NA,0.75,"BIOMASS (genus)"
"GAM",1,"6SP",8,"Platymiscium curuense",1,NA,76,NA,NA,NA,NA,0.63,"Roque et al. 2026 (CR plantations)"
"GAM",1,"6SP",9,"Garcinia madruno",1,NA,35,NA,NA,NA,NA,0.735,"BIOMASS+BIEN+Zanne"
"GAM",1,"6SP",10,"Aspidosperma myristicifolium",1,NA,NA,NA,NA,NA,1,0.75,"BIOMASS (genus)"
"GAM",1,"6SP",11,"Citharexylum cooperi",1,NA,220,0.950331777710913,1.1,NA,NA,0.667,"BIOMASS (genus)"
"GAM",1,"6SP",12,"Croton schiedeanus",1,NA,18,NA,NA,NA,NA,0.51,"BIOMASS (genus)"
"GAM",1,"6SP",13,"Inga edulis",1,NA,368,20.6481177157189,5.12737749731771,NA,NA,0.58,"BIOMASS+BIEN+Zanne"
"GAM",1,"6SP",14,"Garcinia madruno",1,NA,58,NA,NA,NA,NA,0.735,"BIOMASS+BIEN+Zanne"
"GAM",1,"6SP",15,"Aspidosperma myristicifolium",1,NA,35,NA,NA,NA,NA,0.75,"BIOMASS (genus)"
"GAM",1,"6SP",16,"Croton schiedeanus",1,NA,60,NA,NA,NA,NA,0.51,"BIOMASS (genus)"
"GAM",1,"6SP",17,"Inga edulis",1,NA,260,3.46360590058275,2.1,NA,NA,0.58,"BIOMASS+BIEN+Zanne"
"GAM",1,"6SP",18,"Platymiscium curuense",1,NA,155,NA,NA,NA,NA,0.63,"Roque et al. 2026 (CR plantations)"
"GAM",1,"6SP",19,"Inga edulis",NA,NA,331,13.226105071613,4.10365690573663,1,NA,0.58,"BIOMASS+BIEN+Zanne"
"GAM",1,"6SP",20,"Citharexylum cooperi",1,NA,132,NA,NA,NA,NA,0.667,"BIOMASS (genus)"
"GAM",1,"6SP",21,"Croton schiedeanus",1,NA,36,NA,NA,NA,NA,0.51,"BIOMASS (genus)"
"GAM",1,"6SP",22,"Citharexylum cooperi",1,NA,150,NA,NA,NA,NA,0.667,"BIOMASS (genus)"
"GAM",1,"6SP",23,"Platymiscium curuense",1,NA,240,3.49502182711864,2.1095023109729,NA,NA,0.63,"Roque et al. 2026 (CR plantations)"
"GAM",1,"6SP",24,"Garcinia madruno",1,NA,113,NA,NA,NA,NA,0.735,"BIOMASS+BIEN+Zanne"
"GAM",1,"6SP",25,"Aspidosperma myristicifolium",1,NA,34,NA,NA,NA,NA,0.75,"BIOMASS (genus)"
"GAM",1,"6SP",26,"Croton schiedeanus",1,NA,318,2.32477856365645,1.72046505340853,NA,NA,0.51,"BIOMASS (genus)"
"GAM",1,"6SP",27,"Garcinia madruno",1,NA,87,NA,NA,NA,NA,0.735,"BIOMASS+BIEN+Zanne"
"GAM",1,"6SP",28,"Platymiscium curuense",1,NA,251,2.83528736986479,1.9,NA,NA,0.63,"Roque et al. 2026 (CR plantations)"
"GAM",1,"6SP",29,"Garcinia madruno",NA,NA,NA,NA,NA,1,1,0.735,"BIOMASS+BIEN+Zanne"
"GAM",1,"6SP",30,"Croton schiedeanus",1,NA,178,NA,NA,NA,NA,0.51,"BIOMASS (genus)"
"GAM",1,"6SP",31,"Aspidosperma myristicifolium",1,NA,42,NA,NA,NA,NA,0.75,"BIOMASS (genus)"
"GAM",1,"6SP",32,"Inga edulis",1,NA,648,94.0043061770406,10.9402925006601,NA,NA,0.58,"BIOMASS+BIEN+Zanne"
"GAM",1,"6SP",33,"Platymiscium curuense",1,NA,400,5.7255526111674,2.7,NA,NA,0.63,"Roque et al. 2026 (CR plantations)"
"GAM",1,"6SP",34,"Inga edulis",1,NA,460,54.4280927234431,8.32466215530696,NA,NA,0.58,"BIOMASS+BIEN+Zanne"
"GAM",1,"6SP",35,"Citharexylum cooperi",1,NA,110,NA,NA,NA,NA,0.667,"BIOMASS (genus)"
"GAM",1,"6SP",36,"Aspidosperma myristicifolium",1,NA,NA,NA,NA,NA,1,0.75,"BIOMASS (genus)"
"GAM",1,"6SP",37,"Garcinia madruno",1,NA,84,NA,NA,NA,NA,0.735,"BIOMASS+BIEN+Zanne"
"GAM",1,"6SP",38,"Citharexylum cooperi",1,NA,180,1.76714586764426,1.5,NA,NA,0.667,"BIOMASS (genus)"
"GAM",1,"6SP",39,"Platymiscium curuense",1,NA,335,4.1547562843725,2.3,NA,NA,0.63,"Roque et al. 2026 (CR plantations)"
"GAM",1,"6SP",40,"Aspidosperma myristicifolium",1,NA,NA,NA,NA,NA,1,0.75,"BIOMASS (genus)"
"GAM",1,"6SP",41,"Garcinia madruno",1,NA,74,NA,NA,NA,NA,0.735,"BIOMASS+BIEN+Zanne"
"GAM",1,"6SP",42,"Inga edulis",1,NA,425,60.6720081224529,8.78919791562347,NA,NA,0.58,"BIOMASS+BIEN+Zanne"
"GAM",1,"6SP",43,"Platymiscium curuense",1,NA,339,3.46360590058275,2.1,NA,NA,0.63,"Roque et al. 2026 (CR plantations)"
"GAM",1,"6SP",44,"Citharexylum cooperi",1,NA,215,2.86670329640069,1.91049731745428,NA,NA,0.667,"BIOMASS (genus)"
"GAM",1,"6SP",45,"Inga edulis",1,NA,514,64.6225608843421,9.07083237635886,NA,NA,0.58,"BIOMASS+BIEN+Zanne"
"GAM",1,"6SP",46,"Croton schiedeanus",1,NA,120,NA,NA,NA,NA,0.51,"BIOMASS (genus)"
"GAM",1,"6SP",47,"Citharexylum cooperi",1,NA,120,NA,NA,NA,NA,0.667,"BIOMASS (genus)"
"GAM",1,"6SP",48,"Croton schiedeanus",1,NA,100,NA,NA,NA,NA,0.51,"BIOMASS (genus)"
"GAM",1,"6SP",49,"Aspidosperma myristicifolium",1,NA,62,NA,NA,NA,NA,0.75,"BIOMASS (genus)"
"GAM",3,"6SP",2,"Inga edulis",1,NA,256,10.8699105814207,3.72021504754766,NA,NA,0.58,"BIOMASS+BIEN+Zanne"
"GAM",3,"6SP",3,"Citharexylum cooperi",1,NA,110,NA,NA,NA,NA,0.667,"BIOMASS (genus)"
"GAM",3,"6SP",4,"Croton schiedeanus",1,NA,NA,NA,NA,NA,1,0.51,"BIOMASS (genus)"
"GAM",3,"6SP",5,"Garcinia madruno",1,NA,55,NA,NA,NA,NA,0.735,"BIOMASS+BIEN+Zanne"
"GAM",3,"6SP",6,"Platymiscium curuense",1,NA,142,NA,NA,NA,NA,0.63,"Roque et al. 2026 (CR plantations)"
"GAM",3,"6SP",7,"Aspidosperma myristicifolium",NA,NA,NA,NA,NA,1,1,0.75,"BIOMASS (genus)"
"GAM",3,"6SP",8,"Platymiscium curuense",1,NA,110,NA,NA,NA,NA,0.63,"Roque et al. 2026 (CR plantations)"
"GAM",3,"6SP",9,"Garcinia madruno",1,NA,70,NA,NA,NA,NA,0.735,"BIOMASS+BIEN+Zanne"
"GAM",3,"6SP",10,"Aspidosperma myristicifolium",1,NA,48,NA,NA,NA,NA,0.75,"BIOMASS (genus)"
"GAM",3,"6SP",11,"Citharexylum cooperi",1,NA,130,NA,NA,NA,NA,0.667,"BIOMASS (genus)"
"GAM",3,"6SP",12,"Croton schiedeanus",1,NA,NA,NA,NA,NA,1,0.51,"BIOMASS (genus)"
"GAM",3,"6SP",13,"Inga edulis",1,NA,252,7.95608339521615,3.18276609256791,NA,NA,0.58,"BIOMASS+BIEN+Zanne"
"GAM",3,"6SP",14,"Garcinia madruno",1,NA,53,NA,NA,NA,NA,0.735,"BIOMASS+BIEN+Zanne"
"GAM",3,"6SP",15,"Aspidosperma myristicifolium",1,NA,NA,NA,NA,NA,1,0.75,"BIOMASS (genus)"
"GAM",3,"6SP",16,"Croton schiedeanus",1,NA,25,NA,NA,NA,NA,0.51,"BIOMASS (genus)"
"GAM",3,"6SP",17,"Inga edulis",1,NA,407,31.8086256175966,6.36396103067892,NA,NA,0.58,"BIOMASS+BIEN+Zanne"
"GAM",3,"6SP",18,"Platymiscium curuense",1,NA,230,2.26980069221863,1.7,NA,NA,0.63,"Roque et al. 2026 (CR plantations)"
"GAM",3,"6SP",19,"Inga edulis",1,NA,354,12.5663706143592,4,NA,NA,0.58,"BIOMASS+BIEN+Zanne"
"GAM",3,"6SP",20,"Citharexylum cooperi",1,NA,110,NA,NA,NA,NA,0.667,"BIOMASS (genus)"
"GAM",3,"6SP",21,"Croton schiedeanus",1,NA,NA,NA,NA,NA,1,0.51,"BIOMASS (genus)"
"GAM",3,"6SP",22,"Citharexylum cooperi",1,NA,160,NA,NA,NA,NA,0.667,"BIOMASS (genus)"
"GAM",3,"6SP",23,"Platymiscium curuense",1,NA,75,NA,NA,NA,NA,0.63,"Roque et al. 2026 (CR plantations)"
"GAM",3,"6SP",24,"Garcinia madruno",1,NA,93,NA,NA,NA,NA,0.735,"BIOMASS+BIEN+Zanne"
"GAM",3,"6SP",25,"Aspidosperma myristicifolium",1,NA,48,NA,NA,NA,NA,0.75,"BIOMASS (genus)"
"GAM",3,"6SP",26,"Croton schiedeanus",1,NA,54,NA,NA,NA,NA,0.51,"BIOMASS (genus)"
"GAM",3,"6SP",27,"Garcinia madruno",1,NA,50,NA,NA,NA,NA,0.735,"BIOMASS+BIEN+Zanne"
"GAM",3,"6SP",28,"Platymiscium curuense",1,NA,122,NA,NA,NA,NA,0.63,"Roque et al. 2026 (CR plantations)"
"GAM",3,"6SP",29,"Garcinia madruno",1,NA,60,NA,NA,NA,NA,0.735,"BIOMASS+BIEN+Zanne"
"GAM",3,"6SP",30,"Croton schiedeanus",1,NA,NA,NA,NA,NA,1,0.51,"BIOMASS (genus)"
"GAM",3,"6SP",31,"Aspidosperma myristicifolium",1,NA,NA,NA,NA,NA,1,0.75,"BIOMASS (genus)"
"GAM",3,"6SP",32,"Inga edulis",1,NA,350,40.0395983700019,7.14002801114953,NA,NA,0.58,"BIOMASS+BIEN+Zanne"
"GAM",3,"6SP",33,"Platymiscium curuense",1,NA,38,NA,NA,NA,NA,0.63,"Roque et al. 2026 (CR plantations)"
"GAM",3,"6SP",34,"Inga edulis",1,NA,347,13.854423602331,4.2,NA,NA,0.58,"BIOMASS+BIEN+Zanne"
"GAM",3,"6SP",35,"Citharexylum cooperi",1,NA,135,NA,NA,NA,NA,0.667,"BIOMASS (genus)"
"GAM",3,"6SP",36,"Aspidosperma myristicifolium",1,NA,40,NA,NA,NA,NA,0.75,"BIOMASS (genus)"
"GAM",3,"6SP",37,"Garcinia madruno",1,NA,50,NA,NA,NA,NA,0.735,"BIOMASS+BIEN+Zanne"
"GAM",3,"6SP",38,"Citharexylum cooperi",1,NA,200,0.785398163397448,1,NA,NA,0.667,"BIOMASS (genus)"
"GAM",3,"6SP",39,"Platymiscium curuense",1,NA,150,NA,NA,NA,NA,0.63,"Roque et al. 2026 (CR plantations)"
"GAM",3,"6SP",40,"Aspidosperma myristicifolium",1,NA,40,NA,NA,NA,NA,0.75,"BIOMASS (genus)"
"GAM",3,"6SP",41,"Garcinia madruno",1,NA,62,NA,NA,NA,NA,0.735,"BIOMASS+BIEN+Zanne"
"GAM",3,"6SP",42,"Inga edulis",1,NA,440,34.3690236302723,6.61513416341649,NA,NA,0.58,"BIOMASS+BIEN+Zanne"
"GAM",3,"6SP",43,"Platymiscium curuense",1,NA,90,NA,NA,NA,NA,0.63,"Roque et al. 2026 (CR plantations)"
"GAM",3,"6SP",44,"Citharexylum cooperi",1,NA,78,NA,NA,NA,NA,0.667,"BIOMASS (genus)"
"GAM",3,"6SP",45,"Inga edulis",1,NA,150,NA,NA,NA,NA,0.58,"BIOMASS+BIEN+Zanne"
"GAM",3,"6SP",46,"Croton schiedeanus",1,NA,NA,NA,NA,NA,1,0.51,"BIOMASS (genus)"
"GAM",3,"6SP",47,"Citharexylum cooperi",1,NA,205,1.13097335529233,1.2,NA,NA,0.667,"BIOMASS (genus)"
"GAM",3,"6SP",48,"Croton schiedeanus",1,NA,45,NA,NA,NA,NA,0.51,"BIOMASS (genus)"
"GAM",3,"6SP",49,"Aspidosperma myristicifolium",1,NA,30,NA,NA,NA,NA,0.75,"BIOMASS (genus)"
"GAM",5,"6SP",2,"Inga edulis",1,NA,230,5.97688002345458,2.75862284482674,NA,NA,0.58,"BIOMASS+BIEN+Zanne"
"GAM",5,"6SP",3,"Citharexylum cooperi",1,NA,105,NA,NA,NA,NA,0.667,"BIOMASS (genus)"
"GAM",5,"6SP",4,"Croton schiedeanus",1,NA,25,NA,NA,NA,NA,0.51,"BIOMASS (genus)"
"GAM",5,"6SP",5,"Garcinia madruno",1,NA,40,NA,NA,NA,NA,0.735,"BIOMASS+BIEN+Zanne"
"GAM",5,"6SP",6,"Platymiscium curuense",1,NA,120,NA,NA,NA,NA,0.63,"Roque et al. 2026 (CR plantations)"
"GAM",5,"6SP",7,"Aspidosperma myristicifolium",1,NA,38,NA,NA,NA,NA,0.75,"BIOMASS (genus)"
"GAM",5,"6SP",8,"Platymiscium curuense",1,NA,73,NA,NA,NA,NA,0.63,"Roque et al. 2026 (CR plantations)"
"GAM",5,"6SP",9,"Garcinia madruno",1,NA,64,NA,NA,NA,NA,0.735,"BIOMASS+BIEN+Zanne"
"GAM",5,"6SP",10,"Aspidosperma myristicifolium",1,NA,43,NA,NA,NA,NA,0.75,"BIOMASS (genus)"
"GAM",5,"6SP",11,"Citharexylum cooperi",1,NA,130,NA,NA,NA,NA,0.667,"BIOMASS (genus)"
"GAM",5,"6SP",12,"Croton schiedeanus",1,NA,55,NA,NA,NA,NA,0.51,"BIOMASS (genus)"
"GAM",5,"6SP",13,"Inga edulis",NA,NA,190,2.54469004940773,1.8,1,NA,0.58,"BIOMASS+BIEN+Zanne"
"GAM",5,"6SP",14,"Garcinia madruno",1,NA,163,NA,NA,NA,NA,0.735,"BIOMASS+BIEN+Zanne"
"GAM",5,"6SP",15,"Aspidosperma myristicifolium",1,NA,52,NA,NA,NA,NA,0.75,"BIOMASS (genus)"
"GAM",5,"6SP",16,"Croton schiedeanus",1,NA,0,NA,NA,NA,NA,0.51,"BIOMASS (genus)"
"GAM",5,"6SP",17,"Inga edulis",1,NA,310,11.6317467999162,3.84837628097877,NA,NA,0.58,"BIOMASS+BIEN+Zanne"
"GAM",5,"6SP",18,"Platymiscium curuense",1,NA,42,NA,NA,NA,NA,0.63,"Roque et al. 2026 (CR plantations)"
"GAM",5,"6SP",19,"Inga edulis",1,NA,436,46.0557483016264,7.65767588763066,NA,NA,0.58,"BIOMASS+BIEN+Zanne"
"GAM",5,"6SP",20,"Citharexylum cooperi",1,NA,330,4.90873852123405,2.5,NA,NA,0.667,"BIOMASS (genus)"
"GAM",5,"6SP",21,"Croton schiedeanus",1,NA,125,NA,NA,NA,NA,0.51,"BIOMASS (genus)"
"GAM",5,"6SP",22,"Citharexylum cooperi",1,NA,105,NA,NA,NA,NA,0.667,"BIOMASS (genus)"
"GAM",5,"6SP",23,"Platymiscium curuense",1,NA,30,NA,NA,NA,NA,0.63,"Roque et al. 2026 (CR plantations)"
"GAM",5,"6SP",24,"Garcinia madruno",0,NA,16,NA,NA,NA,NA,0.735,"BIOMASS+BIEN+Zanne"
"GAM",5,"6SP",25,"Aspidosperma myristicifolium",1,NA,NA,NA,NA,NA,1,0.75,"BIOMASS (genus)"
"GAM",5,"6SP",26,"Croton schiedeanus",1,NA,170,NA,NA,NA,NA,0.51,"BIOMASS (genus)"
"GAM",5,"6SP",27,"Garcinia madruno",1,NA,53,NA,NA,NA,NA,0.735,"BIOMASS+BIEN+Zanne"
"GAM",5,"6SP",28,"Platymiscium curuense",1,NA,64,NA,NA,NA,NA,0.63,"Roque et al. 2026 (CR plantations)"
"GAM",5,"6SP",29,"Garcinia madruno",1,NA,27,NA,NA,NA,NA,0.735,"BIOMASS+BIEN+Zanne"
"GAM",5,"6SP",30,"Croton schiedeanus",1,NA,40,NA,NA,NA,NA,0.51,"BIOMASS (genus)"
"GAM",5,"6SP",31,"Aspidosperma myristicifolium",NA,NA,NA,NA,NA,1,1,0.75,"BIOMASS (genus)"
"GAM",5,"6SP",32,"Inga edulis",1,NA,248,9.06349480560655,3.39705755029261,NA,NA,0.58,"BIOMASS+BIEN+Zanne"
"GAM",5,"6SP",33,"Platymiscium curuense",1,NA,100,NA,NA,NA,NA,0.63,"Roque et al. 2026 (CR plantations)"
"GAM",5,"6SP",34,"Inga edulis",1,NA,516,57.9702384403656,8.59127464349732,NA,NA,0.58,"BIOMASS+BIEN+Zanne"
"GAM",5,"6SP",35,"Citharexylum cooperi",1,NA,264,3.46360590058275,2.1,NA,NA,0.667,"BIOMASS (genus)"
"GAM",5,"6SP",36,"Aspidosperma myristicifolium",1,NA,47,NA,NA,NA,NA,0.75,"BIOMASS (genus)"
"GAM",5,"6SP",37,"Garcinia madruno",1,NA,75,NA,NA,NA,NA,0.735,"BIOMASS+BIEN+Zanne"
"GAM",5,"6SP",38,"Citharexylum cooperi",1,NA,205,2.45829625143402,1.76918060129542,NA,NA,0.667,"BIOMASS (genus)"
"GAM",5,"6SP",39,"Platymiscium curuense",1,NA,190,0.950331777710913,1.1,NA,NA,0.63,"Roque et al. 2026 (CR plantations)"
"GAM",5,"6SP",40,"Aspidosperma myristicifolium",1,NA,57,NA,NA,NA,NA,0.75,"BIOMASS (genus)"
"GAM",5,"6SP",41,"Garcinia madruno",1,NA,42,NA,NA,NA,NA,0.735,"BIOMASS+BIEN+Zanne"
"GAM",5,"6SP",42,"Inga edulis",1,NA,491,68.2118304910684,9.31933474020544,NA,NA,0.58,"BIOMASS+BIEN+Zanne"
"GAM",5,"6SP",43,"Platymiscium curuense",1,NA,88,NA,NA,NA,NA,0.63,"Roque et al. 2026 (CR plantations)"
"GAM",5,"6SP",44,"Citharexylum cooperi",1,NA,170,0.785398163397448,1,NA,NA,0.667,"BIOMASS (genus)"
"GAM",5,"6SP",45,"Inga edulis",1,NA,356,21.7476751444753,5.26212884676914,NA,NA,0.58,"BIOMASS+BIEN+Zanne"
"GAM",5,"6SP",46,"Croton schiedeanus",1,NA,152,NA,NA,NA,NA,0.51,"BIOMASS (genus)"
"GAM",5,"6SP",47,"Citharexylum cooperi",1,NA,319,5.7255526111674,2.7,NA,NA,0.667,"BIOMASS (genus)"
"GAM",5,"6SP",48,"Croton schiedeanus",1,NA,120,NA,NA,NA,NA,0.51,"BIOMASS (genus)"
"GAM",5,"6SP",49,"Aspidosperma myristicifolium",1,NA,20,NA,NA,NA,NA,0.75,"BIOMASS (genus)"
"GAM",4,"6SP",2,"Citharexylum cooperi",1,NA,155,NA,NA,NA,NA,0.667,"BIOMASS (genus)"
"GAM",4,"6SP",3,"Platymiscium curuense",1,NA,139,NA,NA,NA,NA,0.63,"Roque et al. 2026 (CR plantations)"
"GAM",4,"6SP",4,"Inga edulis",1,NA,401,23.0200201691792,5.41387107345566,NA,NA,0.58,"BIOMASS+BIEN+Zanne"
"GAM",4,"6SP",5,"Croton schiedeanus",1,NA,NA,NA,NA,NA,1,0.51,"BIOMASS (genus)"
"GAM",4,"6SP",6,"Aspidosperma myristicifolium",1,NA,NA,NA,NA,NA,1,0.75,"BIOMASS (genus)"
"GAM",4,"6SP",7,"Garcinia madruno",1,NA,36,NA,NA,NA,NA,0.735,"BIOMASS+BIEN+Zanne"
"GAM",4,"6SP",8,"Croton schiedeanus",1,NA,NA,NA,NA,NA,1,0.51,"BIOMASS (genus)"
"GAM",4,"6SP",9,"Aspidosperma myristicifolium",NA,NA,NA,NA,NA,1,1,0.75,"BIOMASS (genus)"
"GAM",4,"6SP",10,"Citharexylum cooperi",1,NA,162,NA,NA,NA,NA,0.667,"BIOMASS (genus)"
"GAM",4,"6SP",11,"Garcinia madruno",1,NA,40,NA,NA,NA,NA,0.735,"BIOMASS+BIEN+Zanne"
"GAM",4,"6SP",12,"Platymiscium curuense",1,NA,105,NA,NA,NA,NA,0.63,"Roque et al. 2026 (CR plantations)"
"GAM",4,"6SP",13,"Inga edulis",1,NA,424,28.5256612945953,6.02660766932774,NA,NA,0.58,"BIOMASS+BIEN+Zanne"
"GAM",4,"6SP",14,"Croton schiedeanus",1,NA,NA,NA,NA,NA,1,0.51,"BIOMASS (genus)"
"GAM",4,"6SP",15,"Aspidosperma myristicifolium",1,NA,NA,NA,NA,NA,1,0.75,"BIOMASS (genus)"
"GAM",4,"6SP",16,"Inga edulis",1,NA,383,17.3494454294496,4.7,NA,NA,0.58,"BIOMASS+BIEN+Zanne"
"GAM",4,"6SP",17,"Platymiscium curuense",1,NA,110,NA,NA,NA,NA,0.63,"Roque et al. 2026 (CR plantations)"
"GAM",4,"6SP",18,"Croton schiedeanus",1,NA,NA,NA,NA,NA,1,0.51,"BIOMASS (genus)"
"GAM",4,"6SP",19,"Garcinia madruno",1,NA,25,NA,NA,NA,NA,0.735,"BIOMASS+BIEN+Zanne"
"GAM",4,"6SP",20,"Citharexylum cooperi",1,NA,300,5.30929158456675,2.6,NA,NA,0.667,"BIOMASS (genus)"
"GAM",4,"6SP",21,"Aspidosperma myristicifolium",NA,NA,NA,NA,NA,1,1,0.75,"BIOMASS (genus)"
"GAM",4,"6SP",22,"Citharexylum cooperi",1,NA,120,NA,NA,NA,NA,0.667,"BIOMASS (genus)"
"GAM",4,"6SP",23,"Garcinia madruno",1,NA,26,NA,NA,NA,NA,0.735,"BIOMASS+BIEN+Zanne"
"GAM",4,"6SP",24,"Aspidosperma myristicifolium",1,NA,25,NA,NA,NA,NA,0.75,"BIOMASS (genus)"
"GAM",4,"6SP",25,"Platymiscium curuense",1,NA,164,NA,NA,NA,NA,0.63,"Roque et al. 2026 (CR plantations)"
"GAM",4,"6SP",26,"Citharexylum cooperi",1,NA,180,0.785398163397448,1,NA,NA,0.667,"BIOMASS (genus)"
"GAM",4,"6SP",27,"Croton schiedeanus",1,NA,162,NA,NA,NA,NA,0.51,"BIOMASS (genus)"
"GAM",4,"6SP",28,"Inga edulis",1,NA,509,32.1699087727595,6.4,NA,NA,0.58,"BIOMASS+BIEN+Zanne"
"GAM",4,"6SP",29,"Croton schiedeanus",1,NA,15,NA,NA,NA,NA,0.51,"BIOMASS (genus)"
"GAM",4,"6SP",30,"Aspidosperma myristicifolium",1,NA,33,NA,NA,NA,NA,0.75,"BIOMASS (genus)"
"GAM",4,"6SP",31,"Inga edulis",1,NA,510,69.7669188545953,9.424966843443,NA,NA,0.58,"BIOMASS+BIEN+Zanne"
"GAM",4,"6SP",32,"Garcinia madruno",1,NA,21,NA,NA,NA,NA,0.735,"BIOMASS+BIEN+Zanne"
"GAM",4,"6SP",33,"Inga edulis",1,NA,415,39.4976736372577,7.09154426059656,NA,NA,0.58,"BIOMASS+BIEN+Zanne"
"GAM",4,"6SP",34,"Platymiscium curuense",1,NA,179,0.950331777710913,1.1,NA,NA,0.63,"Roque et al. 2026 (CR plantations)"
"GAM",4,"6SP",35,"Citharexylum cooperi",1,NA,184,1.13097335529233,1.2,NA,NA,0.667,"BIOMASS (genus)"
"GAM",4,"6SP",36,"Platymiscium curuense",1,NA,315,4.1547562843725,2.3,NA,NA,0.63,"Roque et al. 2026 (CR plantations)"
"GAM",4,"6SP",37,"Inga edulis",1,NA,370,38.2331825941878,6.97710541700496,NA,NA,0.58,"BIOMASS+BIEN+Zanne"
"GAM",4,"6SP",38,"Garcinia madruno",1,NA,30,NA,NA,NA,NA,0.735,"BIOMASS+BIEN+Zanne"
"GAM",4,"6SP",39,"Citharexylum cooperi",1,NA,225,1.76714586764426,1.5,NA,NA,0.667,"BIOMASS (genus)"
"GAM",4,"6SP",40,"Aspidosperma myristicifolium",1,NA,NA,NA,NA,NA,1,0.75,"BIOMASS (genus)"
"GAM",4,"6SP",41,"Garcinia madruno",1,NA,25,NA,NA,NA,NA,0.735,"BIOMASS+BIEN+Zanne"
"GAM",4,"6SP",42,"Croton schiedeanus",1,NA,NA,NA,NA,NA,1,0.51,"BIOMASS (genus)"
"GAM",4,"6SP",43,"Croton schiedeanus",1,NA,5,NA,NA,NA,NA,0.51,"BIOMASS (genus)"
"GAM",4,"6SP",44,"Citharexylum cooperi",1,NA,260,5.7255526111674,2.7,NA,NA,0.667,"BIOMASS (genus)"
"GAM",4,"6SP",45,"Platymiscium curuense",1,NA,300,4.1547562843725,2.3,NA,NA,0.63,"Roque et al. 2026 (CR plantations)"
"GAM",4,"6SP",46,"Aspidosperma myristicifolium",NA,NA,NA,NA,NA,1,1,0.75,"BIOMASS (genus)"
"GAM",4,"6SP",47,"Inga edulis",1,NA,360,12.5663706143592,4,NA,NA,0.58,"BIOMASS+BIEN+Zanne"
"GAM",4,"6SP",48,"Platymiscium curuense",1,NA,35,NA,NA,NA,NA,0.63,"Roque et al. 2026 (CR plantations)"
"GAM",4,"6SP",49,"Garcinia madruno",1,NA,59,NA,NA,NA,NA,0.735,"BIOMASS+BIEN+Zanne"
"GAM",2,"6SP",2,"Citharexylum cooperi",1,NA,130,NA,NA,NA,NA,0.667,"BIOMASS (genus)"
"GAM",2,"6SP",3,"Platymiscium curuense",1,NA,230,1.76714586764426,1.5,NA,NA,0.63,"Roque et al. 2026 (CR plantations)"
"GAM",2,"6SP",4,"Inga edulis",1,NA,250,3.1415926535898,2,NA,NA,0.58,"BIOMASS+BIEN+Zanne"
"GAM",2,"6SP",5,"Croton schiedeanus",1,NA,30,NA,NA,NA,NA,0.51,"BIOMASS (genus)"
"GAM",2,"6SP",6,"Aspidosperma myristicifolium",1,NA,52,NA,NA,NA,NA,0.75,"BIOMASS (genus)"
"GAM",2,"6SP",7,"Garcinia madruno",1,NA,66,NA,NA,NA,NA,0.735,"BIOMASS+BIEN+Zanne"
"GAM",2,"6SP",8,"Croton schiedeanus",1,NA,12,NA,NA,NA,NA,0.51,"BIOMASS (genus)"
"GAM",2,"6SP",9,"Aspidosperma myristicifolium",1,NA,20,NA,NA,NA,NA,0.75,"BIOMASS (genus)"
"GAM",2,"6SP",10,"Citharexylum cooperi",1,NA,130,NA,NA,NA,NA,0.667,"BIOMASS (genus)"
"GAM",2,"6SP",11,"Garcinia madruno",1,NA,182,1.13097335529233,1.2,NA,NA,0.735,"BIOMASS+BIEN+Zanne"
"GAM",2,"6SP",12,"Platymiscium curuense",1,NA,220,2.26980069221863,1.7,NA,NA,0.63,"Roque et al. 2026 (CR plantations)"
"GAM",2,"6SP",13,"Inga edulis",1,NA,481,31.1724531052447,6.3,NA,NA,0.58,"BIOMASS+BIEN+Zanne"
"GAM",2,"6SP",14,"Croton schiedeanus",1,NA,19,NA,NA,NA,NA,0.51,"BIOMASS (genus)"
"GAM",2,"6SP",15,"Aspidosperma myristicifolium",1,NA,27,NA,NA,NA,NA,0.75,"BIOMASS (genus)"
"GAM",2,"6SP",16,"Inga edulis",1,NA,255,6.18108354593792,2.80535202782111,NA,NA,0.58,"BIOMASS+BIEN+Zanne"
"GAM",2,"6SP",17,"Platymiscium curuense",1,NA,115,NA,NA,NA,NA,0.63,"Roque et al. 2026 (CR plantations)"
"GAM",2,"6SP",18,"Croton schiedeanus",1,NA,63,NA,NA,NA,NA,0.51,"BIOMASS (genus)"
"GAM",2,"6SP",19,"Garcinia madruno",1,NA,52,NA,NA,NA,NA,0.735,"BIOMASS+BIEN+Zanne"
"GAM",2,"6SP",20,"Citharexylum cooperi",1,NA,83,NA,NA,NA,NA,0.667,"BIOMASS (genus)"
"GAM",2,"6SP",21,"Aspidosperma myristicifolium",1,NA,34,NA,NA,NA,NA,0.75,"BIOMASS (genus)"
"GAM",2,"6SP",22,"Citharexylum cooperi",1,NA,130,NA,NA,NA,NA,0.667,"BIOMASS (genus)"
"GAM",2,"6SP",23,"Garcinia madruno",1,NA,50,NA,NA,NA,NA,0.735,"BIOMASS+BIEN+Zanne"
"GAM",2,"6SP",24,"Aspidosperma myristicifolium",1,NA,NA,NA,NA,NA,1,0.75,"BIOMASS (genus)"
"GAM",2,"6SP",25,"Platymiscium curuense",1,NA,166,NA,NA,NA,NA,0.63,"Roque et al. 2026 (CR plantations)"
"GAM",2,"6SP",26,"Citharexylum cooperi",1,NA,125,NA,NA,NA,NA,0.667,"BIOMASS (genus)"
"GAM",2,"6SP",27,"Croton schiedeanus",1,NA,NA,NA,NA,NA,1,0.51,"BIOMASS (genus)"
"GAM",2,"6SP",28,"Inga edulis",1,NA,303,13.2732289614169,4.1109609582189,NA,NA,0.58,"BIOMASS+BIEN+Zanne"
"GAM",2,"6SP",29,"Croton schiedeanus",1,NA,NA,NA,NA,NA,1,0.51,"BIOMASS (genus)"
"GAM",2,"6SP",30,"Aspidosperma myristicifolium",1,NA,NA,NA,NA,NA,1,0.75,"BIOMASS (genus)"
"GAM",2,"6SP",31,"Inga edulis",1,NA,304,21.6848432914035,5.25452186216785,NA,NA,0.58,"BIOMASS+BIEN+Zanne"
"GAM",2,"6SP",32,"Garcinia madruno",1,NA,NA,NA,NA,NA,1,0.735,"BIOMASS+BIEN+Zanne"
"GAM",2,"6SP",33,"Inga edulis",1,NA,320,10.1787601976309,3.6,NA,NA,0.58,"BIOMASS+BIEN+Zanne"
"GAM",2,"6SP",34,"Platymiscium curuense",1,NA,177,NA,NA,NA,NA,0.63,"Roque et al. 2026 (CR plantations)"
"GAM",2,"6SP",35,"Citharexylum cooperi",1,NA,115,NA,NA,NA,NA,0.667,"BIOMASS (genus)"
"GAM",2,"6SP",36,"Platymiscium curuense",1,NA,103,NA,NA,NA,NA,0.63,"Roque et al. 2026 (CR plantations)"
"GAM",2,"6SP",37,"Inga edulis",1,NA,330,12.4564148714835,3.98246155034797,NA,NA,0.58,"BIOMASS+BIEN+Zanne"
"GAM",2,"6SP",38,"Garcinia madruno",1,NA,87,NA,NA,NA,NA,0.735,"BIOMASS+BIEN+Zanne"
"GAM",2,"6SP",39,"Citharexylum cooperi",1,NA,140,NA,NA,NA,NA,0.667,"BIOMASS (genus)"
"GAM",2,"6SP",40,"Aspidosperma myristicifolium",1,NA,18,NA,NA,NA,NA,0.75,"BIOMASS (genus)"
"GAM",2,"6SP",41,"Garcinia madruno",1,NA,75,NA,NA,NA,NA,0.735,"BIOMASS+BIEN+Zanne"
"GAM",2,"6SP",42,"Croton schiedeanus",1,NA,40,NA,NA,NA,NA,0.51,"BIOMASS (genus)"
"GAM",2,"6SP",43,"Croton schiedeanus",1,NA,NA,NA,NA,NA,1,0.51,"BIOMASS (genus)"
"GAM",2,"6SP",44,"Citharexylum cooperi",1,NA,120,NA,NA,NA,NA,0.667,"BIOMASS (genus)"
"GAM",2,"6SP",45,"Platymiscium curuense",1,NA,184,NA,NA,NA,NA,0.63,"Roque et al. 2026 (CR plantations)"
"GAM",2,"6SP",46,"Aspidosperma myristicifolium",1,NA,23,NA,NA,NA,NA,0.75,"BIOMASS (genus)"
"GAM",2,"6SP",47,"Inga edulis",1,NA,132,NA,NA,NA,NA,0.58,"BIOMASS+BIEN+Zanne"
"GAM",2,"6SP",48,"Platymiscium curuense",1,NA,200,NA,NA,NA,NA,0.63,"Roque et al. 2026 (CR plantations)"
"GAM",2,"6SP",49,"Garcinia madruno",1,NA,10,NA,NA,NA,NA,0.735,"BIOMASS+BIEN+Zanne"
"GAM",6,"6SP",2,"Citharexylum cooperi",1,NA,125,NA,NA,NA,NA,0.667,"BIOMASS (genus)"
"GAM",6,"6SP",3,"Platymiscium curuense",1,NA,243,2.01061929829747,1.6,NA,NA,0.63,"Roque et al. 2026 (CR plantations)"
"GAM",6,"6SP",4,"Inga edulis",1,NA,287,4.90873852123405,2.5,NA,NA,0.58,"BIOMASS+BIEN+Zanne"
"GAM",6,"6SP",5,"Croton schiedeanus",1,NA,18,NA,NA,NA,NA,0.51,"BIOMASS (genus)"
"GAM",6,"6SP",6,"Aspidosperma myristicifolium",NA,NA,NA,NA,NA,1,1,0.75,"BIOMASS (genus)"
"GAM",6,"6SP",7,"Garcinia madruno",1,NA,NA,NA,NA,NA,1,0.735,"BIOMASS+BIEN+Zanne"
"GAM",6,"6SP",8,"Croton schiedeanus",1,NA,124,NA,NA,NA,NA,0.51,"BIOMASS (genus)"
"GAM",6,"6SP",9,"Aspidosperma myristicifolium",NA,NA,NA,NA,NA,1,1,0.75,"BIOMASS (genus)"
"GAM",6,"6SP",10,"Citharexylum cooperi",1,NA,183,1.539380400259,1.4,NA,NA,0.667,"BIOMASS (genus)"
"GAM",6,"6SP",11,"Garcinia madruno",1,NA,NA,NA,NA,NA,1,0.735,"BIOMASS+BIEN+Zanne"
"GAM",6,"6SP",12,"Platymiscium curuense",NA,NA,15,NA,NA,1,NA,0.63,"Roque et al. 2026 (CR plantations)"
"GAM",6,"6SP",13,"Inga edulis",1,NA,285,8.48230016469244,3.286335345031,NA,NA,0.58,"BIOMASS+BIEN+Zanne"
"GAM",6,"6SP",14,"Croton schiedeanus",1,NA,NA,NA,NA,NA,1,0.51,"BIOMASS (genus)"
"GAM",6,"6SP",15,"Aspidosperma myristicifolium",NA,NA,NA,NA,NA,1,1,0.75,"BIOMASS (genus)"
"GAM",6,"6SP",16,"Inga edulis",1,NA,373,33.4108378709275,6.52226954364814,NA,NA,0.58,"BIOMASS+BIEN+Zanne"
"GAM",6,"6SP",17,"Platymiscium curuense",1,NA,65,NA,NA,NA,NA,0.63,"Roque et al. 2026 (CR plantations)"
"GAM",6,"6SP",18,"Croton schiedeanus",1,NA,14,NA,NA,NA,NA,0.51,"BIOMASS (genus)"
"GAM",6,"6SP",19,"Garcinia madruno",1,NA,71,NA,NA,NA,NA,0.735,"BIOMASS+BIEN+Zanne"
"GAM",6,"6SP",20,"Citharexylum cooperi",1,NA,102,NA,NA,NA,NA,0.667,"BIOMASS (genus)"
"GAM",6,"6SP",21,"Aspidosperma myristicifolium",1,NA,20,NA,NA,NA,NA,0.75,"BIOMASS (genus)"
"GAM",6,"6SP",22,"Citharexylum cooperi",1,NA,217,2.11272105953914,1.64012194668567,NA,NA,0.667,"BIOMASS (genus)"
"GAM",6,"6SP",23,"Garcinia madruno",NA,NA,23,NA,NA,1,NA,0.735,"BIOMASS+BIEN+Zanne"
"GAM",6,"6SP",24,"Aspidosperma myristicifolium",NA,NA,NA,NA,NA,1,1,0.75,"BIOMASS (genus)"
"GAM",6,"6SP",25,"Platymiscium curuense",1,NA,130,NA,NA,NA,NA,0.63,"Roque et al. 2026 (CR plantations)"
"GAM",6,"6SP",26,"Citharexylum cooperi",1,NA,120,NA,NA,NA,NA,0.667,"BIOMASS (genus)"
"GAM",6,"6SP",27,"Croton schiedeanus",NA,NA,19,NA,NA,1,NA,0.51,"BIOMASS (genus)"
"GAM",6,"6SP",28,"Inga edulis",1,NA,284,13.6816360063836,4.17372735094185,NA,NA,0.58,"BIOMASS+BIEN+Zanne"
"GAM",6,"6SP",29,"Croton schiedeanus",1,NA,46,NA,NA,NA,NA,0.51,"BIOMASS (genus)"
"GAM",6,"6SP",30,"Aspidosperma myristicifolium",1,NA,75,NA,NA,NA,NA,0.75,"BIOMASS (genus)"
"GAM",6,"6SP",31,"Inga edulis",1,NA,497,25.5175863287831,5.7,NA,NA,0.58,"BIOMASS+BIEN+Zanne"
"GAM",6,"6SP",32,"Garcinia madruno",1,NA,50,NA,NA,NA,NA,0.735,"BIOMASS+BIEN+Zanne"
"GAM",6,"6SP",33,"Inga edulis",1,NA,165,NA,NA,NA,NA,0.58,"BIOMASS+BIEN+Zanne"
"GAM",6,"6SP",34,"Platymiscium curuense",1,NA,62,NA,NA,NA,NA,0.63,"Roque et al. 2026 (CR plantations)"
"GAM",6,"6SP",35,"Citharexylum cooperi",1,NA,97,NA,NA,NA,NA,0.667,"BIOMASS (genus)"
"GAM",6,"6SP",36,"Platymiscium curuense",1,NA,180,NA,NA,NA,NA,0.63,"Roque et al. 2026 (CR plantations)"
"GAM",6,"6SP",37,"Inga edulis",1,NA,332,31.9264353421063,6.37573525171803,NA,NA,0.58,"BIOMASS+BIEN+Zanne"
"GAM",6,"6SP",38,"Garcinia madruno",1,NA,50,NA,NA,NA,NA,0.735,"BIOMASS+BIEN+Zanne"
"GAM",6,"6SP",39,"Citharexylum cooperi",1,NA,93,NA,NA,NA,NA,0.667,"BIOMASS (genus)"
"GAM",6,"6SP",40,"Aspidosperma myristicifolium",1,NA,NA,NA,NA,NA,1,0.75,"BIOMASS (genus)"
"GAM",6,"6SP",41,"Garcinia madruno",1,NA,60,NA,NA,NA,NA,0.735,"BIOMASS+BIEN+Zanne"
"GAM",6,"6SP",42,"Croton schiedeanus",1,NA,38,NA,NA,NA,NA,0.51,"BIOMASS (genus)"
"GAM",6,"6SP",43,"Croton schiedeanus",1,NA,57,NA,NA,NA,NA,0.51,"BIOMASS (genus)"
"GAM",6,"6SP",44,"Citharexylum cooperi",1,NA,217,1.539380400259,1.4,NA,NA,0.667,"BIOMASS (genus)"
"GAM",6,"6SP",45,"Platymiscium curuense",1,NA,250,1.76714586764426,1.5,NA,NA,0.63,"Roque et al. 2026 (CR plantations)"
"GAM",6,"6SP",46,"Aspidosperma myristicifolium",NA,NA,NA,NA,NA,1,1,0.75,"BIOMASS (genus)"
"GAM",6,"6SP",47,"Inga edulis",1,NA,195,2.01061929829747,1.6,NA,NA,0.58,"BIOMASS+BIEN+Zanne"
"GAM",6,"6SP",48,"Platymiscium curuense",1,NA,124,NA,NA,NA,NA,0.63,"Roque et al. 2026 (CR plantations)"
"GAM",6,"6SP",49,"Garcinia madruno",1,NA,52,NA,NA,NA,NA,0.735,"BIOMASS+BIEN+Zanne"
"GAM",1,"12SP",2,"Theobroma simiarum",1,NA,890,NA,NA,NA,NA,0.532,"BIOMASS (genus)"
"GAM",1,"12SP",3,"Astronium graveolens",1,NA,680,NA,NA,NA,NA,0.861,"BIOMASS+BIEN+Zanne"
"GAM",1,"12SP",4,"Zygia longifolia",1,NA,282,7.50055246044564,3.09030742807249,NA,NA,0.71,"BIOMASS+BIEN+Zanne"
"GAM",1,"12SP",5,"Garcinia madruno",NA,NA,94,NA,NA,1,NA,0.735,"BIOMASS+BIEN+Zanne"
"GAM",1,"12SP",6,"Platymiscium curuense",1,NA,310,14.5220120412188,4.3,NA,NA,0.63,"Roque et al. 2026 (CR plantations)"
"GAM",1,"12SP",7,"Handroanthus impetiginosus",NA,NA,58,NA,NA,1,NA,0.831,"BIEN+TWDD"
"GAM",1,"12SP",8,"Zygia longifolia",1,NA,168,3.14159265358979,2,NA,NA,0.71,"BIOMASS+BIEN+Zanne"
"GAM",1,"12SP",9,"Ficus maxima",1,NA,101,NA,NA,NA,NA,0.36,"BIOMASS+BIEN+Zanne"
"GAM",1,"12SP",10,"Handroanthus impetiginosus",NA,NA,59,NA,NA,1,NA,0.831,"BIEN+TWDD"
"GAM",1,"12SP",11,"Citharexylum cooperi",1,NA,139,NA,NA,NA,NA,0.667,"BIOMASS (genus)"
"GAM",1,"12SP",12,"Inga edulis",1,NA,171,3.30652626790326,2.05182845286832,NA,NA,0.58,"BIOMASS+BIEN+Zanne"
"GAM",1,"12SP",13,"Astronium graveolens",NA,NA,76,NA,NA,1,NA,0.861,"BIOMASS+BIEN+Zanne"
"GAM",1,"12SP",14,"Croton schiedeanus",1,NA,381,4.90873852123405,2.5,NA,NA,0.51,"BIOMASS (genus)"
"GAM",1,"12SP",15,"Citharexylum cooperi",1,NA,148,NA,NA,NA,NA,0.667,"BIOMASS (genus)"
"GAM",1,"12SP",16,"Inga edulis",1,NA,205,3.80132711084365,2.2,NA,NA,0.58,"BIOMASS+BIEN+Zanne"
"GAM",1,"12SP",17,"Croton schiedeanus",1,NA,67,NA,NA,NA,NA,0.51,"BIOMASS (genus)"
"GAM",1,"12SP",18,"Theobroma simiarum",1,NA,107,NA,NA,NA,NA,0.532,"BIOMASS (genus)"
"GAM",1,"12SP",19,"Cojoba arborea",1,NA,168,1.539380400259,1.4,NA,NA,0.683,"BIEN (species)"
"GAM",1,"12SP",20,"Aspidosperma myristicifolium",1,NA,62,NA,NA,NA,NA,0.75,"BIOMASS (genus)"
"GAM",1,"12SP",21,"Ficus maxima",1,NA,210,21.8105069975471,5.26972485050215,NA,NA,0.36,"BIOMASS+BIEN+Zanne"
"GAM",1,"12SP",22,"Garcinia madruno",1,NA,67,NA,NA,NA,NA,0.735,"BIOMASS+BIEN+Zanne"
"GAM",1,"12SP",23,"Cojoba arborea",1,NA,143,NA,NA,NA,NA,0.683,"BIEN (species)"
"GAM",1,"12SP",24,"Aspidosperma myristicifolium",NA,NA,NA,NA,NA,1,1,0.75,"BIOMASS (genus)"
"GAM",1,"12SP",25,"Platymiscium curuense",1,NA,192,NA,NA,NA,NA,0.63,"Roque et al. 2026 (CR plantations)"
"GAM",1,"12SP",26,"Croton schiedeanus",1,NA,31,NA,NA,NA,NA,0.51,"BIOMASS (genus)"
"GAM",1,"12SP",27,"Citharexylum cooperi",1,NA,336,8.55298599939821,3.3,NA,NA,0.667,"BIOMASS (genus)"
"GAM",1,"12SP",28,"Theobroma simiarum",1,NA,146,NA,NA,NA,NA,0.532,"BIOMASS (genus)"
"GAM",1,"12SP",29,"Ficus maxima",1,NA,69,NA,NA,NA,NA,0.36,"BIOMASS+BIEN+Zanne"
"GAM",1,"12SP",30,"Handroanthus impetiginosus",1,NA,NA,NA,NA,NA,1,0.831,"BIEN+TWDD"
"GAM",1,"12SP",31,"Theobroma simiarum",1,NA,79,NA,NA,NA,NA,0.532,"BIOMASS (genus)"
"GAM",1,"12SP",32,"Astronium graveolens",1,NA,51,NA,NA,NA,NA,0.861,"BIOMASS+BIEN+Zanne"
"GAM",1,"12SP",33,"Zygia longifolia",1,NA,300,11.7574105060598,3.86910842443062,NA,NA,0.71,"BIOMASS+BIEN+Zanne"
"GAM",1,"12SP",34,"Inga edulis",1,NA,330,14.789047416774,4.33935479074943,NA,NA,0.58,"BIOMASS+BIEN+Zanne"
"GAM",1,"12SP",35,"Aspidosperma myristicifolium",1,NA,NA,NA,NA,NA,1,0.75,"BIOMASS (genus)"
"GAM",1,"12SP",36,"Croton schiedeanus",1,NA,65,NA,NA,NA,NA,0.51,"BIOMASS (genus)"
"GAM",1,"12SP",37,"Citharexylum cooperi",1,NA,62,NA,NA,NA,NA,0.667,"BIOMASS (genus)"
"GAM",1,"12SP",38,"Inga edulis",1,NA,87,NA,NA,NA,NA,0.58,"BIOMASS+BIEN+Zanne"
"GAM",1,"12SP",39,"Cojoba arborea",1,NA,216,2.54469004940773,1.8,NA,NA,0.683,"BIEN (species)"
"GAM",1,"12SP",40,"Ficus maxima",1,NA,140,NA,NA,NA,NA,0.36,"BIOMASS+BIEN+Zanne"
"GAM",1,"12SP",41,"Garcinia madruno",1,NA,52,NA,NA,NA,NA,0.735,"BIOMASS+BIEN+Zanne"
"GAM",1,"12SP",42,"Platymiscium curuense",1,NA,338,11.3411494794592,3.80000000000001,NA,NA,0.63,"Roque et al. 2026 (CR plantations)"
"GAM",1,"12SP",43,"Garcinia madruno",1,NA,70,NA,NA,NA,NA,0.735,"BIOMASS+BIEN+Zanne"
"GAM",1,"12SP",44,"Zygia longifolia",1,NA,250,11.7574105060598,3.86910842443062,NA,NA,0.71,"BIOMASS+BIEN+Zanne"
"GAM",1,"12SP",45,"Platymiscium curuense",1,NA,230,2.54469004940773,1.8,NA,NA,0.63,"Roque et al. 2026 (CR plantations)"
"GAM",1,"12SP",46,"Aspidosperma myristicifolium",1,NA,NA,NA,NA,NA,1,0.75,"BIOMASS (genus)"
"GAM",1,"12SP",47,"Handroanthus impetiginosus",1,NA,NA,NA,NA,NA,1,0.831,"BIEN+TWDD"
"GAM",1,"12SP",48,"Cojoba arborea",1,NA,268,5.92190215201676,2.7459060435492,NA,NA,0.683,"BIEN (species)"
"GAM",1,"12SP",49,"Astronium graveolens",1,NA,67,NA,NA,NA,NA,0.861,"BIOMASS+BIEN+Zanne"
"GAM",3,"12SP",2,"Theobroma simiarum",1,NA,130,NA,NA,NA,NA,0.532,"BIOMASS (genus)"
"GAM",3,"12SP",3,"Astronium graveolens",1,NA,121,NA,NA,NA,NA,0.861,"BIOMASS+BIEN+Zanne"
"GAM",3,"12SP",4,"Zygia longifolia",1,NA,210,2.26194671058466,1.69705627484772,NA,NA,0.71,"BIOMASS+BIEN+Zanne"
"GAM",3,"12SP",5,"Garcinia madruno",1,NA,64,NA,NA,NA,NA,0.735,"BIOMASS+BIEN+Zanne"
"GAM",3,"12SP",6,"Platymiscium curuense",1,NA,90,NA,NA,NA,NA,0.63,"Roque et al. 2026 (CR plantations)"
"GAM",3,"12SP",7,"Handroanthus impetiginosus",1,NA,80,NA,NA,NA,NA,0.831,"BIEN+TWDD"
"GAM",3,"12SP",8,"Zygia longifolia",1,NA,290,7.35918079103409,3.06104557300279,NA,NA,0.71,"BIOMASS+BIEN+Zanne"
"GAM",3,"12SP",9,"Ficus maxima",1,NA,140,NA,NA,NA,NA,0.36,"BIOMASS+BIEN+Zanne"
"GAM",3,"12SP",10,"Handroanthus impetiginosus",1,NA,86,NA,NA,NA,NA,0.831,"BIEN+TWDD"
"GAM",3,"12SP",11,"Citharexylum cooperi",1,NA,185,3.09446876378595,1.98494332412792,NA,NA,0.667,"BIOMASS (genus)"
"GAM",3,"12SP",12,"Inga edulis",1,NA,320,14.6162598208265,4.3139309220246,NA,NA,0.58,"BIOMASS+BIEN+Zanne"
"GAM",3,"12SP",13,"Astronium graveolens",1,NA,100,NA,NA,NA,NA,0.861,"BIOMASS+BIEN+Zanne"
"GAM",3,"12SP",14,"Croton schiedeanus",1,NA,185,NA,NA,NA,NA,0.51,"BIOMASS (genus)"
"GAM",3,"12SP",15,"Citharexylum cooperi",1,NA,215,3.80132711084365,2.2,NA,NA,0.667,"BIOMASS (genus)"
"GAM",3,"12SP",16,"Inga edulis",1,NA,380,16.7839587518034,4.62276973253048,NA,NA,0.58,"BIOMASS+BIEN+Zanne"
"GAM",3,"12SP",17,"Croton schiedeanus",1,NA,135,NA,NA,NA,NA,0.51,"BIOMASS (genus)"
"GAM",3,"12SP",18,"Theobroma simiarum",1,NA,130,NA,NA,NA,NA,0.532,"BIOMASS (genus)"
"GAM",3,"12SP",19,"Cojoba arborea",1,NA,340,10.1787601976309,3.6,NA,NA,0.683,"BIEN (species)"
"GAM",3,"12SP",20,"Aspidosperma myristicifolium",1,NA,NA,NA,NA,NA,1,0.75,"BIOMASS (genus)"
"GAM",3,"12SP",21,"Ficus maxima",1,NA,160,NA,NA,NA,NA,0.36,"BIOMASS+BIEN+Zanne"
"GAM",3,"12SP",22,"Garcinia madruno",1,NA,94,NA,NA,NA,NA,0.735,"BIOMASS+BIEN+Zanne"
"GAM",3,"12SP",23,"Cojoba arborea",1,NA,170,1.76714586764426,1.5,NA,NA,0.683,"BIEN (species)"
"GAM",3,"12SP",24,"Aspidosperma myristicifolium",1,NA,50,NA,NA,NA,NA,0.75,"BIOMASS (genus)"
"GAM",3,"12SP",25,"Platymiscium curuense",1,NA,356,4.5238934211693,2.4,NA,NA,0.63,"Roque et al. 2026 (CR plantations)"
"GAM",3,"12SP",26,"Croton schiedeanus",1,NA,190,NA,NA,NA,NA,0.51,"BIOMASS (genus)"
"GAM",3,"12SP",27,"Citharexylum cooperi",1,NA,220,5.08938009881546,2.54558441227157,NA,NA,0.667,"BIOMASS (genus)"
"GAM",3,"12SP",28,"Theobroma simiarum",1,NA,73,NA,NA,NA,NA,0.532,"BIOMASS (genus)"
"GAM",3,"12SP",29,"Ficus maxima",1,NA,123,NA,NA,NA,NA,0.36,"BIOMASS+BIEN+Zanne"
"GAM",3,"12SP",30,"Handroanthus impetiginosus",1,NA,110,NA,NA,NA,NA,0.831,"BIEN+TWDD"
"GAM",3,"12SP",31,"Theobroma simiarum",1,NA,128,NA,NA,NA,NA,0.532,"BIOMASS (genus)"
"GAM",3,"12SP",32,"Astronium graveolens",1,NA,90,NA,NA,NA,NA,0.861,"BIOMASS+BIEN+Zanne"
"GAM",3,"12SP",33,"Zygia longifolia",1,NA,280,6.29103928881356,2.83019433961698,NA,NA,0.71,"BIOMASS+BIEN+Zanne"
"GAM",3,"12SP",34,"Inga edulis",1,NA,470,79.2074047786326,10.0424100693011,NA,NA,0.58,"BIOMASS+BIEN+Zanne"
"GAM",3,"12SP",35,"Aspidosperma myristicifolium",1,NA,15,NA,NA,NA,NA,0.75,"BIOMASS (genus)"
"GAM",3,"12SP",36,"Croton schiedeanus",1,NA,170,NA,NA,NA,NA,0.51,"BIOMASS (genus)"
"GAM",3,"12SP",37,"Citharexylum cooperi",1,NA,150,NA,NA,NA,NA,0.667,"BIOMASS (genus)"
"GAM",3,"12SP",38,"Inga edulis",1,NA,240,8.27809664220911,3.24653661614959,NA,NA,0.58,"BIOMASS+BIEN+Zanne"
"GAM",3,"12SP",39,"Cojoba arborea",1,NA,290,3.46360590058275,2.1,NA,NA,0.683,"BIEN (species)"
"GAM",3,"12SP",40,"Ficus maxima",1,NA,140,NA,NA,NA,NA,0.36,"BIOMASS+BIEN+Zanne"
"GAM",3,"12SP",41,"Garcinia madruno",1,NA,68,NA,NA,NA,NA,0.735,"BIOMASS+BIEN+Zanne"
"GAM",3,"12SP",42,"Platymiscium curuense",1,NA,170,NA,NA,NA,NA,0.63,"Roque et al. 2026 (CR plantations)"
"GAM",3,"12SP",43,"Garcinia madruno",1,NA,28,NA,NA,NA,NA,0.735,"BIOMASS+BIEN+Zanne"
"GAM",3,"12SP",44,"Zygia longifolia",1,NA,230,3.80918109247763,2.20227155455453,NA,NA,0.71,"BIOMASS+BIEN+Zanne"
"GAM",3,"12SP",45,"Platymiscium curuense",1,NA,205,0.785398163397448,1,NA,NA,0.63,"Roque et al. 2026 (CR plantations)"
"GAM",3,"12SP",46,"Aspidosperma myristicifolium",1,NA,26,NA,NA,NA,NA,0.75,"BIOMASS (genus)"
"GAM",3,"12SP",47,"Handroanthus impetiginosus",1,NA,57,NA,NA,NA,NA,0.831,"BIEN+TWDD"
"GAM",3,"12SP",48,"Cojoba arborea",1,NA,357,26.4286481983241,5.80086200490927,NA,NA,0.683,"BIEN (species)"
"GAM",3,"12SP",49,"Astronium graveolens",1,NA,36,NA,NA,NA,NA,0.861,"BIOMASS+BIEN+Zanne"
"GAM",5,"12SP",2,"Theobroma simiarum",NA,NA,NA,NA,NA,1,1,0.532,"BIOMASS (genus)"
"GAM",5,"12SP",3,"Astronium graveolens",NA,NA,60,NA,NA,1,NA,0.861,"BIOMASS+BIEN+Zanne"
"GAM",5,"12SP",4,"Zygia longifolia",1,NA,265,5.10508806208342,2.54950975679639,NA,NA,0.71,"BIOMASS+BIEN+Zanne"
"GAM",5,"12SP",5,"Garcinia madruno",1,NA,30,NA,NA,NA,NA,0.735,"BIOMASS+BIEN+Zanne"
"GAM",5,"12SP",6,"Platymiscium curuense",1,NA,130,NA,NA,NA,NA,0.63,"Roque et al. 2026 (CR plantations)"
"GAM",5,"12SP",7,"Handroanthus impetiginosus",1,NA,70,NA,NA,NA,NA,0.831,"BIEN+TWDD"
"GAM",5,"12SP",8,"Zygia longifolia",1,NA,268,6.17322956430395,2.80356915377524,NA,NA,0.71,"BIOMASS+BIEN+Zanne"
"GAM",5,"12SP",9,"Ficus maxima",1,NA,281,11.3411494794592,3.80000000000001,NA,NA,0.36,"BIOMASS+BIEN+Zanne"
"GAM",5,"12SP",10,"Handroanthus impetiginosus",1,NA,100,NA,NA,NA,NA,0.831,"BIEN+TWDD"
"GAM",5,"12SP",11,"Citharexylum cooperi",1,NA,283,8.04247719318987,3.2,NA,NA,0.667,"BIOMASS (genus)"
"GAM",5,"12SP",12,"Inga edulis",1,NA,408,17.4751091355933,4.71699056602831,NA,NA,0.58,"BIOMASS+BIEN+Zanne"
"GAM",5,"12SP",13,"Astronium graveolens",1,NA,60,NA,NA,NA,NA,0.861,"BIOMASS+BIEN+Zanne"
"GAM",5,"12SP",14,"Croton schiedeanus",1,NA,38,NA,NA,NA,NA,0.51,"BIOMASS (genus)"
"GAM",5,"12SP",15,"Citharexylum cooperi",1,NA,300,7.54767635024948,3.1,NA,NA,0.667,"BIOMASS (genus)"
"GAM",5,"12SP",16,"Inga edulis",1,NA,571,69.9397064505428,9.43663075467087,NA,NA,0.58,"BIOMASS+BIEN+Zanne"
"GAM",5,"12SP",17,"Croton schiedeanus",1,NA,298,2.11272105953914,1.64012194668567,NA,NA,0.51,"BIOMASS (genus)"
"GAM",5,"12SP",18,"Theobroma simiarum",1,NA,110,NA,NA,NA,NA,0.532,"BIOMASS (genus)"
"GAM",5,"12SP",19,"Cojoba arborea",1,NA,90,NA,NA,NA,NA,0.683,"BIEN (species)"
"GAM",5,"12SP",20,"Aspidosperma myristicifolium",1,NA,25,NA,NA,NA,NA,0.75,"BIOMASS (genus)"
"GAM",5,"12SP",21,"Ficus maxima",1,NA,70,NA,NA,NA,NA,0.36,"BIOMASS+BIEN+Zanne"
"GAM",5,"12SP",22,"Garcinia madruno",1,NA,28,NA,NA,NA,NA,0.735,"BIOMASS+BIEN+Zanne"
"GAM",5,"12SP",23,"Cojoba arborea",1,NA,308,5.7255526111674,2.7,NA,NA,0.683,"BIEN (species)"
"GAM",5,"12SP",24,"Aspidosperma myristicifolium",1,NA,58,NA,NA,NA,NA,0.75,"BIOMASS (genus)"
"GAM",5,"12SP",25,"Platymiscium curuense",1,NA,45,NA,NA,NA,NA,0.63,"Roque et al. 2026 (CR plantations)"
"GAM",5,"12SP",26,"Croton schiedeanus",1,NA,28,NA,NA,NA,NA,0.51,"BIOMASS (genus)"
"GAM",5,"12SP",27,"Citharexylum cooperi",1,NA,72,NA,NA,NA,NA,0.667,"BIOMASS (genus)"
"GAM",5,"12SP",28,"Theobroma simiarum",1,NA,80,NA,NA,NA,NA,0.532,"BIOMASS (genus)"
"GAM",5,"12SP",29,"Ficus maxima",1,NA,183,0.950331777710913,1.1,NA,NA,0.36,"BIOMASS+BIEN+Zanne"
"GAM",5,"12SP",30,"Handroanthus impetiginosus",1,NA,118,NA,NA,NA,NA,0.831,"BIEN+TWDD"
"GAM",5,"12SP",31,"Theobroma simiarum",1,NA,135,NA,NA,NA,NA,0.532,"BIOMASS (genus)"
"GAM",5,"12SP",32,"Astronium graveolens",1,NA,65,NA,NA,NA,NA,0.861,"BIOMASS+BIEN+Zanne"
"GAM",5,"12SP",33,"Zygia longifolia",1,NA,165,1.32732289614169,1.3,NA,NA,0.71,"BIOMASS+BIEN+Zanne"
"GAM",5,"12SP",34,"Inga edulis",1,NA,428,52.5981150027271,8.1835200250259,NA,NA,0.58,"BIOMASS+BIEN+Zanne"
"GAM",5,"12SP",35,"Aspidosperma myristicifolium",1,NA,NA,NA,NA,NA,1,0.75,"BIOMASS (genus)"
"GAM",5,"12SP",36,"Croton schiedeanus",1,NA,290,3.30652626790326,2.05182845286832,NA,NA,0.51,"BIOMASS (genus)"
"GAM",5,"12SP",37,"Citharexylum cooperi",1,NA,322,14.5220120412188,4.3,NA,NA,0.667,"BIOMASS (genus)"
"GAM",5,"12SP",38,"Inga edulis",1,NA,653,143.013151573041,13.4940727728881,NA,NA,0.58,"BIOMASS+BIEN+Zanne"
"GAM",5,"12SP",39,"Cojoba arborea",1,NA,369,15.2053084433746,4.4,NA,NA,0.683,"BIEN (species)"
"GAM",5,"12SP",40,"Ficus maxima",1,NA,124,NA,NA,NA,NA,0.36,"BIOMASS+BIEN+Zanne"
"GAM",5,"12SP",41,"Garcinia madruno",1,NA,26,NA,NA,NA,NA,0.735,"BIOMASS+BIEN+Zanne"
"GAM",5,"12SP",42,"Platymiscium curuense",1,NA,43,NA,NA,NA,NA,0.63,"Roque et al. 2026 (CR plantations)"
"GAM",5,"12SP",43,"Garcinia madruno",1,NA,32,NA,NA,NA,NA,0.735,"BIOMASS+BIEN+Zanne"
"GAM",5,"12SP",44,"Zygia longifolia",1,NA,336,11.4982291121386,3.82622529394179,NA,NA,0.71,"BIOMASS+BIEN+Zanne"
"GAM",5,"12SP",45,"Platymiscium curuense",1,NA,37,NA,NA,NA,NA,0.63,"Roque et al. 2026 (CR plantations)"
"GAM",5,"12SP",46,"Aspidosperma myristicifolium",1,NA,42,NA,NA,NA,NA,0.75,"BIOMASS (genus)"
"GAM",5,"12SP",47,"Handroanthus impetiginosus",1,NA,91,NA,NA,NA,NA,0.831,"BIEN+TWDD"
"GAM",5,"12SP",48,"Cojoba arborea",1,NA,190,1.76714586764426,1.5,NA,NA,0.683,"BIEN (species)"
"GAM",5,"12SP",49,"Astronium graveolens",1,NA,98,NA,NA,NA,NA,0.861,"BIOMASS+BIEN+Zanne"
"GAM",6,"12SP",2,"Citharexylum cooperi",1,NA,185,2.48971217796991,1.78044938147649,NA,NA,0.667,"BIOMASS (genus)"
"GAM",6,"12SP",3,"Croton schiedeanus",1,NA,200,NA,NA,NA,NA,0.51,"BIOMASS (genus)"
"GAM",6,"12SP",4,"Zygia longifolia",1,NA,230,11.5139370754066,3.82883794381533,NA,NA,0.71,"BIOMASS+BIEN+Zanne"
"GAM",6,"12SP",5,"Handroanthus impetiginosus",1,NA,70,NA,NA,NA,NA,0.831,"BIEN+TWDD"
"GAM",6,"12SP",6,"Garcinia madruno",1,NA,88,NA,NA,NA,NA,0.735,"BIOMASS+BIEN+Zanne"
"GAM",6,"12SP",7,"Cojoba arborea",1,NA,133,NA,NA,NA,NA,0.683,"BIEN (species)"
"GAM",6,"12SP",8,"Platymiscium curuense",1,NA,300,5.70199066626548,2.6944387170615,NA,NA,0.63,"Roque et al. 2026 (CR plantations)"
"GAM",6,"12SP",9,"Aspidosperma myristicifolium",1,NA,NA,NA,NA,NA,1,0.75,"BIOMASS (genus)"
"GAM",6,"12SP",10,"Inga edulis",1,NA,546,79.3252145031423,10.0498756211209,NA,NA,0.58,"BIOMASS+BIEN+Zanne"
"GAM",6,"12SP",11,"Ficus maxima",1,NA,120,NA,NA,NA,NA,0.36,"BIOMASS+BIEN+Zanne"
"GAM",6,"12SP",12,"Inga edulis",1,NA,550,50.179088659463,7.99312204335703,NA,NA,0.58,"BIOMASS+BIEN+Zanne"
"GAM",6,"12SP",13,"Citharexylum cooperi",1,NA,112,NA,NA,NA,NA,0.667,"BIOMASS (genus)"
"GAM",6,"12SP",14,"Theobroma simiarum",1,NA,70,NA,NA,NA,NA,0.532,"BIOMASS (genus)"
"GAM",6,"12SP",15,"Zygia longifolia",1,NA,250,7.82256570743859,3.1559467676119,NA,NA,0.71,"BIOMASS+BIEN+Zanne"
"GAM",6,"12SP",16,"Ficus maxima",1,NA,277,2.83528736986479,1.9,NA,NA,0.36,"BIOMASS+BIEN+Zanne"
"GAM",6,"12SP",17,"Handroanthus impetiginosus",1,NA,128,NA,NA,NA,NA,0.831,"BIEN+TWDD"
"GAM",6,"12SP",18,"Croton schiedeanus",1,NA,212,1.32732289614169,1.3,NA,NA,0.51,"BIOMASS (genus)"
"GAM",6,"12SP",19,"Platymiscium curuense",1,NA,82,NA,NA,NA,NA,0.63,"Roque et al. 2026 (CR plantations)"
"GAM",6,"12SP",20,"Astronium graveolens",1,NA,92,NA,NA,NA,NA,0.861,"BIOMASS+BIEN+Zanne"
"GAM",6,"12SP",21,"Aspidosperma myristicifolium",1,NA,45,NA,NA,NA,NA,0.75,"BIOMASS (genus)"
"GAM",6,"12SP",22,"Astronium graveolens",1,NA,70,NA,NA,NA,NA,0.861,"BIOMASS+BIEN+Zanne"
"GAM",6,"12SP",23,"Cojoba arborea",1,NA,210,2.01061929829747,1.6,NA,NA,0.683,"BIEN (species)"
"GAM",6,"12SP",24,"Theobroma simiarum",1,NA,132,0.950331777710913,1.1,NA,NA,0.532,"BIOMASS (genus)"
"GAM",6,"12SP",25,"Garcinia madruno",1,NA,65,NA,NA,NA,NA,0.735,"BIOMASS+BIEN+Zanne"
"GAM",6,"12SP",26,"Cojoba arborea",1,NA,350,12.5663706143592,4,NA,NA,0.683,"BIEN (species)"
"GAM",6,"12SP",27,"Zygia longifolia",1,NA,328,17.0745560722605,4.6626172907499,NA,NA,0.71,"BIOMASS+BIEN+Zanne"
"GAM",6,"12SP",28,"Citharexylum cooperi",1,NA,170,NA,NA,NA,NA,0.667,"BIOMASS (genus)"
"GAM",6,"12SP",29,"Garcinia madruno",1,NA,50,NA,NA,NA,NA,0.735,"BIOMASS+BIEN+Zanne"
"GAM",6,"12SP",30,"Platymiscium curuense",1,NA,53,NA,NA,NA,NA,0.63,"Roque et al. 2026 (CR plantations)"
"GAM",6,"12SP",31,"Zygia longifolia",1,NA,280,14.9304190861855,4.36004587131833,NA,NA,0.71,"BIOMASS+BIEN+Zanne"
"GAM",6,"12SP",32,"Citharexylum cooperi",1,NA,270,5.7255526111674,2.7,NA,NA,0.667,"BIOMASS (genus)"
"GAM",6,"12SP",33,"Astronium graveolens",1,NA,66,NA,NA,NA,NA,0.861,"BIOMASS+BIEN+Zanne"
"GAM",6,"12SP",34,"Croton schiedeanus",1,NA,152,NA,NA,NA,NA,0.51,"BIOMASS (genus)"
"GAM",6,"12SP",35,"Ficus maxima",1,NA,112,NA,NA,NA,NA,0.36,"BIOMASS+BIEN+Zanne"
"GAM",6,"12SP",36,"Ficus maxima",1,NA,162,2.08130513300324,1.62788205960997,NA,NA,0.36,"BIOMASS+BIEN+Zanne"
"GAM",6,"12SP",37,"Inga edulis",1,NA,430,52.943690194622,8.21035931004241,NA,NA,0.58,"BIOMASS+BIEN+Zanne"
"GAM",6,"12SP",38,"Cojoba arborea",1,NA,283,7.06858347057703,3,NA,NA,0.683,"BIEN (species)"
"GAM",6,"12SP",39,"Theobroma simiarum",1,NA,153,1.13097335529233,1.2,NA,NA,0.532,"BIOMASS (genus)"
"GAM",6,"12SP",40,"Aspidosperma myristicifolium",1,NA,28,NA,NA,NA,NA,0.75,"BIOMASS (genus)"
"GAM",6,"12SP",41,"Inga edulis",1,NA,434,51.098004510638,8.06597793203031,NA,NA,0.58,"BIOMASS+BIEN+Zanne"
"GAM",6,"12SP",42,"Handroanthus impetiginosus",1,NA,55,NA,NA,NA,NA,0.831,"BIEN+TWDD"
"GAM",6,"12SP",43,"Aspidosperma myristicifolium",1,NA,47,NA,NA,NA,NA,0.75,"BIOMASS (genus)"
"GAM",6,"12SP",44,"Croton schiedeanus",1,NA,274,3.33794219443916,2.06155281280883,NA,NA,0.51,"BIOMASS (genus)"
"GAM",6,"12SP",45,"Handroanthus impetiginosus",1,NA,45,NA,NA,NA,NA,0.831,"BIEN+TWDD"
"GAM",6,"12SP",46,"Astronium graveolens",1,NA,166,NA,NA,NA,NA,0.861,"BIOMASS+BIEN+Zanne"
"GAM",6,"12SP",47,"Platymiscium curuense",1,NA,192,0.785398163397448,1,NA,NA,0.63,"Roque et al. 2026 (CR plantations)"
"GAM",6,"12SP",48,"Theobroma simiarum",1,NA,120,NA,NA,NA,NA,0.532,"BIOMASS (genus)"
"GAM",6,"12SP",49,"Garcinia madruno",1,NA,50,NA,NA,NA,NA,0.735,"BIOMASS+BIEN+Zanne"
"GAM",2,"12SP",2,"Citharexylum cooperi",1,NA,136,NA,NA,NA,NA,0.667,"BIOMASS (genus)"
"GAM",2,"12SP",3,"Croton schiedeanus",1,NA,NA,NA,NA,NA,1,0.51,"BIOMASS (genus)"
"GAM",2,"12SP",4,"Zygia longifolia",1,NA,180,NA,NA,NA,NA,0.71,"BIOMASS+BIEN+Zanne"
"GAM",2,"12SP",5,"Handroanthus impetiginosus",1,NA,NA,NA,NA,NA,1,0.831,"BIEN+TWDD"
"GAM",2,"12SP",6,"Garcinia madruno",1,NA,NA,NA,NA,NA,1,0.735,"BIOMASS+BIEN+Zanne"
"GAM",2,"12SP",7,"Cojoba arborea",1,NA,170,2.01061929829747,1.6,NA,NA,0.683,"BIEN (species)"
"GAM",2,"12SP",8,"Platymiscium curuense",1,NA,145,NA,NA,NA,NA,0.63,"Roque et al. 2026 (CR plantations)"
"GAM",2,"12SP",9,"Aspidosperma myristicifolium",1,NA,50,NA,NA,NA,NA,0.75,"BIOMASS (genus)"
"GAM",2,"12SP",10,"Inga edulis",1,NA,350,23.3184714712703,5.44885309033012,NA,NA,0.58,"BIOMASS+BIEN+Zanne"
"GAM",2,"12SP",11,"Ficus maxima",1,NA,100,NA,NA,NA,NA,0.36,"BIOMASS+BIEN+Zanne"
"GAM",2,"12SP",12,"Inga edulis",1,NA,333,15.3152641862502,4.41588043316392,NA,NA,0.58,"BIOMASS+BIEN+Zanne"
"GAM",2,"12SP",13,"Citharexylum cooperi",1,NA,172,0.785398163397448,1,NA,NA,0.667,"BIOMASS (genus)"
"GAM",2,"12SP",14,"Theobroma simiarum",1,NA,110,NA,NA,NA,NA,0.532,"BIOMASS (genus)"
"GAM",2,"12SP",15,"Zygia longifolia",1,NA,180,1.32732289614169,1.3,NA,NA,0.71,"BIOMASS+BIEN+Zanne"
"GAM",2,"12SP",16,"Ficus maxima",1,NA,112,NA,NA,NA,NA,0.36,"BIOMASS+BIEN+Zanne"
"GAM",2,"12SP",17,"Handroanthus impetiginosus",1,NA,30,NA,NA,NA,NA,0.831,"BIEN+TWDD"
"GAM",2,"12SP",18,"Croton schiedeanus",1,NA,26,NA,NA,NA,NA,0.51,"BIOMASS (genus)"
"GAM",2,"12SP",19,"Platymiscium curuense",1,NA,205,1.539380400259,1.4,NA,NA,0.63,"Roque et al. 2026 (CR plantations)"
"GAM",2,"12SP",20,"Astronium graveolens",1,NA,120,NA,NA,NA,NA,0.861,"BIOMASS+BIEN+Zanne"
"GAM",2,"12SP",21,"Aspidosperma myristicifolium",1,NA,54,NA,NA,NA,NA,0.75,"BIOMASS (genus)"
"GAM",2,"12SP",22,"Astronium graveolens",1,NA,103,NA,NA,NA,NA,0.861,"BIOMASS+BIEN+Zanne"
"GAM",2,"12SP",23,"Cojoba arborea",1,NA,72,NA,NA,NA,NA,0.683,"BIEN (species)"
"GAM",2,"12SP",24,"Theobroma simiarum",1,NA,90,NA,NA,NA,NA,0.532,"BIOMASS (genus)"
"GAM",2,"12SP",25,"Garcinia madruno",1,NA,50,NA,NA,NA,NA,0.735,"BIOMASS+BIEN+Zanne"
"GAM",2,"12SP",26,"Cojoba arborea",1,NA,157,0.785398163397448,1,NA,NA,0.683,"BIEN (species)"
"GAM",2,"12SP",27,"Zygia longifolia",1,NA,270,9.06349480560655,3.39705755029261,NA,NA,0.71,"BIOMASS+BIEN+Zanne"
"GAM",2,"12SP",28,"Citharexylum cooperi",1,NA,250,4.53960138443726,2.40416305603426,NA,NA,0.667,"BIOMASS (genus)"
"GAM",2,"12SP",29,"Garcinia madruno",1,NA,38,NA,NA,NA,NA,0.735,"BIOMASS+BIEN+Zanne"
"GAM",2,"12SP",30,"Platymiscium curuense",1,NA,415,3.80132711084365,2.2,NA,NA,0.63,"Roque et al. 2026 (CR plantations)"
"GAM",2,"12SP",31,"Zygia longifolia",1,NA,240,11.5139370754066,3.82883794381533,NA,NA,0.71,"BIOMASS+BIEN+Zanne"
"GAM",2,"12SP",32,"Citharexylum cooperi",1,NA,240,1.76714586764426,1.5,NA,NA,0.667,"BIOMASS (genus)"
"GAM",2,"12SP",33,"Astronium graveolens",1,NA,145,NA,NA,NA,NA,0.861,"BIOMASS+BIEN+Zanne"
"GAM",2,"12SP",34,"Croton schiedeanus",1,NA,230,NA,NA,NA,NA,0.51,"BIOMASS (genus)"
"GAM",2,"12SP",35,"Ficus maxima",1,NA,172,0.785398163397448,1,NA,NA,0.36,"BIOMASS+BIEN+Zanne"
"GAM",2,"12SP",36,"Ficus maxima",1,NA,175,NA,NA,NA,NA,0.36,"BIOMASS+BIEN+Zanne"
"GAM",2,"12SP",37,"Inga edulis",1,NA,325,43.0398193541802,7.4027022093287,NA,NA,0.58,"BIOMASS+BIEN+Zanne"
"GAM",2,"12SP",38,"Cojoba arborea",1,NA,226,3.14159265358979,2,NA,NA,0.683,"BIEN (species)"
"GAM",2,"12SP",39,"Theobroma simiarum",1,NA,112,NA,NA,NA,NA,0.532,"BIOMASS (genus)"
"GAM",2,"12SP",40,"Aspidosperma myristicifolium",1,NA,NA,NA,NA,NA,1,0.75,"BIOMASS (genus)"
"GAM",2,"12SP",41,"Inga edulis",1,NA,719,124.634834549541,12.5972219159623,NA,NA,0.58,"BIOMASS+BIEN+Zanne"
"GAM",2,"12SP",42,"Handroanthus impetiginosus",1,NA,125,NA,NA,NA,NA,0.831,"BIEN+TWDD"
"GAM",2,"12SP",43,"Aspidosperma myristicifolium",1,NA,NA,NA,NA,NA,1,0.75,"BIOMASS (genus)"
"GAM",2,"12SP",44,"Croton schiedeanus",1,NA,5,NA,NA,NA,NA,0.51,"BIOMASS (genus)"
"GAM",2,"12SP",45,"Handroanthus impetiginosus",1,NA,30,NA,NA,NA,NA,0.831,"BIEN+TWDD"
"GAM",2,"12SP",46,"Astronium graveolens",1,NA,290,2.54469004940773,1.8,NA,NA,0.861,"BIOMASS+BIEN+Zanne"
"GAM",2,"12SP",47,"Platymiscium curuense",1,NA,143,0.950331777710913,1.1,NA,NA,0.63,"Roque et al. 2026 (CR plantations)"
"GAM",2,"12SP",48,"Theobroma simiarum",1,NA,50,NA,NA,NA,NA,0.532,"BIOMASS (genus)"
"GAM",2,"12SP",49,"Garcinia madruno",1,NA,1.1,NA,NA,NA,NA,0.735,"BIOMASS+BIEN+Zanne"
"GAM",4,"12SP",2,"Citharexylum cooperi",1,NA,130,NA,NA,NA,NA,0.667,"BIOMASS (genus)"
"GAM",4,"12SP",3,"Croton schiedeanus",1,NA,85,NA,NA,NA,NA,0.51,"BIOMASS (genus)"
"GAM",4,"12SP",4,"Zygia longifolia",1,NA,300,9.36980008933156,3.45398320783411,NA,NA,0.71,"BIOMASS+BIEN+Zanne"
"GAM",4,"12SP",5,"Handroanthus impetiginosus",1,NA,65,NA,NA,NA,NA,0.831,"BIEN+TWDD"
"GAM",4,"12SP",6,"Garcinia madruno",1,NA,70,NA,NA,NA,NA,0.735,"BIOMASS+BIEN+Zanne"
"GAM",4,"12SP",7,"Cojoba arborea",1,NA,160,1.32732289614169,1.3,NA,NA,0.683,"BIEN (species)"
"GAM",4,"12SP",8,"Platymiscium curuense",1,NA,423,5.30929158456675,2.6,NA,NA,0.63,"Roque et al. 2026 (CR plantations)"
"GAM",4,"12SP",9,"Aspidosperma myristicifolium",1,NA,43,NA,NA,NA,NA,0.75,"BIOMASS (genus)"
"GAM",4,"12SP",10,"Inga edulis",1,NA,470,34.7224528038012,6.64906008395172,NA,NA,0.58,"BIOMASS+BIEN+Zanne"
"GAM",4,"12SP",11,"Ficus maxima",1,NA,100,NA,NA,NA,NA,0.36,"BIOMASS+BIEN+Zanne"
"GAM",4,"12SP",12,"Inga edulis",1,NA,160,NA,NA,NA,NA,0.58,"BIOMASS+BIEN+Zanne"
"GAM",4,"12SP",13,"Citharexylum cooperi",1,NA,136,NA,NA,NA,NA,0.667,"BIOMASS (genus)"
"GAM",4,"12SP",14,"Theobroma simiarum",1,NA,120,NA,NA,NA,NA,0.532,"BIOMASS (genus)"
"GAM",4,"12SP",15,"Zygia longifolia",1,NA,210,6.85652596645973,2.95465734053883,NA,NA,0.71,"BIOMASS+BIEN+Zanne"
"GAM",4,"12SP",16,"Ficus maxima",1,NA,137,NA,NA,NA,NA,0.36,"BIOMASS+BIEN+Zanne"
"GAM",4,"12SP",17,"Handroanthus impetiginosus",1,NA,124,NA,NA,NA,NA,0.831,"BIEN+TWDD"
"GAM",4,"12SP",18,"Croton schiedeanus",1,NA,65,NA,NA,NA,NA,0.51,"BIOMASS (genus)"
"GAM",4,"12SP",19,"Platymiscium curuense",1,NA,105,NA,NA,NA,NA,0.63,"Roque et al. 2026 (CR plantations)"
"GAM",4,"12SP",20,"Astronium graveolens",1,NA,78,NA,NA,NA,NA,0.861,"BIOMASS+BIEN+Zanne"
"GAM",4,"12SP",21,"Aspidosperma myristicifolium",1,NA,50,NA,NA,NA,NA,0.75,"BIOMASS (genus)"
"GAM",4,"12SP",22,"Astronium graveolens",1,NA,84,NA,NA,NA,NA,0.861,"BIOMASS+BIEN+Zanne"
"GAM",4,"12SP",23,"Cojoba arborea",1,NA,230,1.13097335529233,1.2,NA,NA,0.683,"BIEN (species)"
"GAM",4,"12SP",24,"Theobroma simiarum",1,NA,150,2.35619449019234,1.73205080756888,NA,NA,0.532,"BIOMASS (genus)"
"GAM",4,"12SP",25,"Garcinia madruno",1,NA,67,NA,NA,NA,NA,0.735,"BIOMASS+BIEN+Zanne"
"GAM",4,"12SP",26,"Cojoba arborea",1,NA,240,4.1547562843725,2.3,NA,NA,0.683,"BIEN (species)"
"GAM",4,"12SP",27,"Zygia longifolia",1,NA,290,12.4799768163855,3.98622628559896,NA,NA,0.71,"BIOMASS+BIEN+Zanne"
"GAM",4,"12SP",28,"Citharexylum cooperi",1,NA,240,1.32732289614169,1.3,NA,NA,0.667,"BIOMASS (genus)"
"GAM",4,"12SP",29,"Garcinia madruno",1,NA,90,NA,NA,NA,NA,0.735,"BIOMASS+BIEN+Zanne"
"GAM",4,"12SP",30,"Platymiscium curuense",1,NA,391,5.7255526111674,2.7,NA,NA,0.63,"Roque et al. 2026 (CR plantations)"
"GAM",4,"12SP",31,"Zygia longifolia",1,NA,200,NA,NA,NA,NA,0.71,"BIOMASS+BIEN+Zanne"
"GAM",4,"12SP",32,"Citharexylum cooperi",1,NA,150,NA,NA,NA,NA,0.667,"BIOMASS (genus)"
"GAM",4,"12SP",33,"Astronium graveolens",NA,NA,62,NA,NA,1,NA,0.861,"BIOMASS+BIEN+Zanne"
"GAM",4,"12SP",34,"Croton schiedeanus",1,NA,48,NA,NA,NA,NA,0.51,"BIOMASS (genus)"
"GAM",4,"12SP",35,"Ficus maxima",1,NA,128,NA,NA,NA,NA,0.36,"BIOMASS+BIEN+Zanne"
"GAM",4,"12SP",36,"Ficus maxima",1,NA,240,3.46360590058275,2.1,NA,NA,0.36,"BIOMASS+BIEN+Zanne"
"GAM",4,"12SP",37,"Inga edulis",1,NA,500,39.2856161331403,7.07248188403476,NA,NA,0.58,"BIOMASS+BIEN+Zanne"
"GAM",4,"12SP",38,"Cojoba arborea",1,NA,266,13.854423602331,4.2,NA,NA,0.683,"BIEN (species)"
"GAM",4,"12SP",39,"Theobroma simiarum",1,NA,108,NA,NA,NA,NA,0.532,"BIOMASS (genus)"
"GAM",4,"12SP",40,"Aspidosperma myristicifolium",1,NA,108,NA,NA,NA,NA,0.75,"BIOMASS (genus)"
"GAM",4,"12SP",41,"Inga edulis",1,NA,NA,NA,NA,NA,1,0.58,"BIOMASS+BIEN+Zanne"
"GAM",4,"12SP",42,"Handroanthus impetiginosus",1,NA,170,1.13097335529233,1.2,NA,NA,0.831,"BIEN+TWDD"
"GAM",4,"12SP",43,"Aspidosperma myristicifolium",1,NA,88,NA,NA,NA,NA,0.75,"BIOMASS (genus)"
"GAM",4,"12SP",44,"Croton schiedeanus",1,NA,51,NA,NA,NA,NA,0.51,"BIOMASS (genus)"
"GAM",4,"12SP",45,"Handroanthus impetiginosus",1,NA,380,5.30929158456675,2.6,NA,NA,0.831,"BIEN+TWDD"
"GAM",4,"12SP",46,"Astronium graveolens",1,NA,144,NA,NA,NA,NA,0.861,"BIOMASS+BIEN+Zanne"
"GAM",4,"12SP",47,"Platymiscium curuense",1,NA,40,NA,NA,NA,NA,0.63,"Roque et al. 2026 (CR plantations)"
"GAM",4,"12SP",48,"Theobroma simiarum",1,NA,63,NA,NA,NA,NA,0.532,"BIOMASS (genus)"
"GAM",4,"12SP",49,"Garcinia madruno",1,NA,50,NA,NA,NA,NA,0.735,"BIOMASS+BIEN+Zanne"
